equation,a01,a02,a03,a04,a05,a06,a07,a08,a09,a10,a11,a12,a13,a14,a15,a16,a17,a18,a19,a20,a21,a22,a23,a24,a25,a26,a27,a28,a29,a30,a31,a32,a33,a34,a35,a36,a37,a38,a39,a40,a41,a42,a43,a44,a45,a46,a47,a48,a49,a50,a51,a52,a53,a54,a55,a56,a57,a58,a59,a60,b
1,-3,1,-1,4,-3,-5,3,-2,2,3,-1,2,-2,3,5,2,0,-2,-5,1,4,-2,2,4,-4,3,-4,-1,-3,-4,4,1,-3,0,3,3,-3,-2,1,1,-3,-1,3,3,2,4,0,1,5,-3,0,-5,2,4,-3,-1,-3,-2,3,-5,76.3728
2,5,0,-1,3,3,5,2,-4,0,3,-5,-3,0,-3,-5,-2,3,3,4,-5,1,0,5,-3,5,2,1,-4,-2,5,0,3,-5,4,3,-2,-2,-1,5,-4,-5,-4,2,4,-1,2,-2,4,4,1,5,3,1,2,-3,4,-5,1,2,-1,42.5359
3,-3,-5,5,3,-5,5,3,1,3,5,-3,4,1,-4,-2,-3,-2,-4,5,0,4,3,0,5,1,-5,-4,3,2,-2,-2,5,2,-5,-3,-4,0,-1,-3,3,2,0,-1,0,0,3,4,-5,5,3,0,5,-4,3,3,2,-5,2,-1,2,37.3637
4,3,5,3,-2,-4,-3,-1,5,3,-3,-2,-1,1,1,-5,-4,5,-2,-5,5,-1,-5,3,4,-2,-2,-2,3,0,-2,3,-4,-5,3,1,4,0,-4,5,4,5,-3,-5,3,-1,1,3,3,4,2,4,3,2,4,4,-1,5,-4,5,2,-12.6925
5,4,-2,-3,-3,1,1,1,-4,-2,1,5,-5,2,1,5,5,-4,2,-2,-2,-1,-2,3,-1,-4,-5,0,0,-4,2,-2,3,-2,3,-2,1,-1,-3,3,-1,4,-3,1,-4,1,-4,-3,2,5,-4,1,1,-2,1,2,5,-1,4,-4,-5,-36.9703
6,-1,4,3,-5,-5,3,-1,-5,-4,-5,-2,-3,2,4,-5,-4,-2,-3,-1,-3,3,-3,3,5,-4,-5,4,-4,-4,-1,5,1,2,4,2,-1,2,3,4,-3,2,1,-1,0,0,-5,5,2,-1,-2,-1,-5,-4,3,3,-4,5,0,-3,-5,-90.4905
7,0,3,0,2,5,-3,-1,2,-5,3,-4,5,5,5,4,4,-2,5,4,-3,-3,-1,-4,-5,-5,-5,5,0,-2,-4,3,-4,4,-2,0,5,-1,-2,1,0,-3,-4,1,-1,0,-1,-1,5,0,-4,-3,1,2,0,1,-5,0,1,-1,-2,-42.4517
8,-2,-1,4,1,-3,4,-3,0,-4,2,0,-1,3,0,4,-3,-1,0,2,5,1,-5,5,0,-5,-1,-5,0,-1,2,-1,2,0,-4,5,-5,-5,4,1,5,-4,1,5,4,-3,5,-1,5,0,4,3,-1,4,1,0,5,2,4,2,-4,90.19
9,-3,-1,-4,2,-5,-3,0,5,-5,4,1,-5,3,3,2,-5,-3,1,3,2,4,-5,4,-4,-3,5,5,3,-4,0,0,0,-5,-1,5,-5,5,-2,-4,-1,-3,-3,-4,-4,4,4,4,1,-2,2,-4,0,-3,4,-5,1,-2,-2,4,-1,35.5243
10,5,-2,-1,-1,-3,-1,-1,-2,-4,3,-3,2,5,0,1,0,1,-5,3,4,3,-3,-1,-5,2,-1,-4,3,1,-5,-3,1,2,-4,4,-4,5,3,-3,-2,-2,-5,-4,-4,-4,-5,4,-5,-5,-4,0,-2,-1,-2,-3,0,5,3,2,-5,-86.2711
11,1,-2,-3,-5,-4,2,0,-3,-1,3,-3,-3,-1,1,-2,5,0,-4,-1,1,5,2,5,0,4,-5,3,1,0,1,-2,-5,-3,-5,5,-4,-4,1,5,-1,4,3,1,-1,-3,3,-2,-3,3,-5,-1,-4,4,-4,1,-2,-4,-5,-2,2,-90.4539
12,4,4,5,4,2,5,4,2,0,0,-3,0,-5,-2,4,5,0,5,-3,4,-4,-1,3,-4,-1,-5,3,1,-1,1,3,4,-4,4,4,-2,4,-3,-5,3,-1,-1,3,1,-3,-4,1,1,3,-5,5,-1,-5,-3,4,-3,-4,-2,4,-5,31.3035
13,-1,-5,-4,5,-4,-4,0,5,-5,-1,2,-1,1,-1,-3,-4,2,1,-2,-1,5,-1,3,0,4,5,-1,-2,3,3,5,3,-2,-1,5,4,1,1,-1,-3,3,2,4,5,0,3,-5,3,-4,-1,-5,5,-5,0,3,-2,0,3,0,-3,48.0681
14,-4,-1,1,-1,5,-2,1,-5,-4,3,-3,-3,1,0,3,3,-5,0,1,-4,-3,5,5,-1,3,2,0,-3,2,2,-1,-4,-1,-4,-4,0,3,-1,-1,5,5,3,-2,3,-3,-1,-5,-4,-2,3,5,0,0,3,-1,2,-2,1,-3,4,-12.5486
15,-5,-1,2,-5,2,-3,5,1,-4,5,0,3,4,4,5,4,1,2,4,4,4,-2,3,-2,0,2,2,-3,4,-2,3,3,2,-3,-1,-1,-1,5,-1,-5,1,-3,5,-2,-5,-5,-2,-5,-3,3,5,-1,-1,5,-5,5,-5,3,-3,-4,-38.6093
16,-2,-2,2,3,5,0,-1,0,5,-1,0,5,3,-4,4,4,3,5,-4,-4,-5,-4,2,-4,-5,1,-5,-2,2,4,2,2,-5,1,5,-2,-4,4,1,3,-4,4,-1,-2,-1,0,4,3,-3,4,1,5,3,1,-1,-1,-5,-3,3,-2,62.6774
17,2,5,0,-1,-5,5,-2,-4,3,4,0,1,1,5,1,-5,1,-4,-2,2,-3,3,-2,5,-1,1,2,-4,0,1,-5,3,-5,-4,3,2,-2,0,3,-1,-1,5,-4,2,-2,-4,-4,-2,-5,3,1,3,4,0,1,-5,0,5,4,2,69.3037
18,3,2,2,4,0,0,-2,-5,5,-5,1,4,-2,5,1,4,1,4,-5,-1,4,1,-1,-2,-2,1,0,0,-3,-5,0,-3,0,-3,-2,0,4,-1,-3,5,1,-1,0,-5,-4,-3,2,-2,4,1,2,5,-5,-1,5,1,-4,5,2,-1,6.1319
19,-1,5,-1,-3,-1,-5,2,-4,-4,-2,-4,3,-5,3,3,-2,2,-3,-1,2,-2,0,2,4,-4,5,3,4,0,0,3,5,-5,-3,2,1,-2,-5,-1,5,5,1,3,3,-4,5,-5,-3,1,4,4,-5,0,1,-2,-5,3,-5,5,1,45.4955
20,2,-4,1,4,-5,1,1,4,0,3,5,5,2,3,-2,5,1,4,-1,-5,-5,-1,-4,4,-2,-4,1,2,0,0,3,4,-4,-5,-4,2,3,-1,-4,3,-3,3,-4,2,4,3,2,4,-4,-2,-3,-5,-3,2,1,2,2,0,-5,5,102.7266
21,0,3,-4,1,-2,3,-2,2,1,-3,-1,-2,1,1,-3,3,2,-1,4,-5,0,-5,-5,-4,5,-1,0,-1,4,5,4,-2,3,0,-4,-4,1,-5,5,3,-3,-3,5,-5,5,1,5,-3,-5,-4,1,-5,-4,4,-1,-3,-2,0,2,4,-82.2677
22,5,4,-5,2,0,-4,-5,5,4,2,2,5,3,-1,-3,3,-5,-1,-1,-3,-4,0,-1,1,3,-3,-5,1,4,-3,-3,-5,3,2,3,-3,2,-2,-5,2,1,4,4,-1,5,-4,-4,5,-5,-5,-2,0,-1,3,5,0,2,2,-4,-1,15.302
23,2,-5,-4,2,-1,-5,1,5,-2,3,3,1,-2,-4,3,4,3,3,-3,4,4,-1,0,-4,5,2,-3,4,-3,-5,1,-4,0,0,0,4,3,5,-2,-4,-5,1,-3,5,-3,-2,-4,-4,-5,-1,2,-1,2,2,3,-3,-3,-3,-1,1,26.6862
24,-2,0,1,5,1,-5,-5,-2,0,-1,1,-5,-5,-5,-2,3,-5,-3,0,-3,-3,5,4,0,3,-5,-2,2,1,3,-3,-3,-1,-1,-3,-2,3,-4,-2,3,0,-5,-5,3,-2,-2,0,5,1,0,-4,0,0,-1,-3,-3,-1,-2,3,2,7.0423
25,-5,-4,-2,-3,-1,-2,-1,5,-1,1,0,-5,-4,-5,1,-3,-1,0,3,4,5,-3,-3,-1,-3,4,2,-2,4,4,-2,0,3,5,-2,-2,4,2,3,-2,-3,-2,2,-3,-5,-1,4,-2,2,5,-2,3,1,2,-1,3,-3,2,-4,-1,29.2834
26,3,1,5,-4,3,-3,4,1,-2,2,1,1,-4,4,5,-5,-4,-4,4,-3,-3,-4,5,0,-1,-4,-3,5,5,-4,-1,-5,-3,5,3,-4,-3,0,-1,1,-4,-3,4,4,-2,-2,0,1,0,-2,-2,1,3,2,2,5,-4,-1,0,2,-30.2302
27,-3,3,-1,-1,-1,-3,-2,3,4,2,-1,1,5,-1,-4,-1,4,-1,2,-2,-3,-3,5,-3,-2,4,5,-1,1,-3,2,1,4,-3,-5,-5,-5,5,-3,1,-1,3,-2,-4,2,5,-5,-2,-2,-1,2,5,-1,-1,4,2,-2,1,3,-3,-50.2532
28,-4,3,-3,1,-3,-2,-2,-2,0,-3,-3,-1,-4,-4,0,-2,1,-4,-3,-5,-5,-5,2,1,1,3,2,5,-5,0,1,-5,-3,-2,-5,0,5,-3,3,-2,-1,0,5,3,5,5,4,2,-5,-1,5,4,-1,-5,-5,2,2,0,-3,3,-8.4234
29,4,-3,3,1,5,-5,4,-2,0,1,-1,-5,-4,-3,-5,0,-4,2,-4,-3,3,5,-5,-3,-2,4,5,-2,0,-5,-2,1,5,4,-3,-4,-4,-3,-2,5,5,-2,-3,4,2,-1,0,0,2,5,5,2,0,-5,3,2,4,-5,-3,-4,-62.1867
30,4,-1,5,-2,5,-5,5,4,-5,-3,-3,-4,0,2,-4,0,3,-3,-1,-5,-5,-3,-2,2,-3,-2,1,2,-3,2,2,5,0,3,2,-3,-4,-1,3,-3,-4,3,2,3,4,0,0,3,-5,2,-4,5,4,4,4,-5,-3,4,-2,0,-23.3303
31,2,-3,-1,1,1,-3,1,-5,4,4,-2,2,3,-4,2,3,3,-4,4,-2,3,-4,5,-3,4,5,-2,3,0,3,-3,2,0,5,-3,-5,-3,-5,5,3,0,3,-1,2,-1,4,-2,-1,4,-5,5,3,-2,-2,-4,-3,0,3,0,1,-8.3439
32,4,4,0,2,-2,-1,-2,-5,3,1,2,2,4,3,-5,5,-5,-3,5,-5,5,5,3,5,-1,4,0,0,-2,2,-2,2,5,1,3,3,1,-4,-1,-3,3,1,1,4,-2,0,-1,2,3,3,-2,-1,1,2,0,-2,-2,0,-5,0,11.4083
33,0,-1,-4,2,-3,-4,5,-2,-5,1,-3,-3,-3,-2,-5,-2,3,-5,1,5,-2,-5,4,1,-5,1,2,-5,-2,0,-4,2,-2,-4,2,-1,-3,1,-3,-1,-4,2,1,0,0,2,-2,2,0,-1,-4,-1,-2,2,1,-1,0,2,2,-2,67.7048
34,-5,-3,-2,-3,0,-3,3,-3,3,3,0,1,3,2,0,3,0,-2,2,4,-3,-3,-4,0,-4,-2,-5,2,3,1,-4,0,-3,4,3,-1,5,2,1,0,-5,3,5,3,0,3,0,2,0,1,-1,-1,4,3,4,1,-4,-1,-1,4,65.1025
35,-4,-3,5,5,2,-5,1,-5,-4,1,3,0,-5,2,1,-2,-3,-3,5,0,1,-5,0,-2,3,-3,-3,-5,0,-1,-4,-3,-2,0,0,0,4,1,3,-2,-1,3,3,-4,2,3,-1,3,-2,4,-2,-5,-1,4,2,4,-4,3,0,4,-20.2833
36,2,4,5,-2,-1,-3,5,-2,-1,2,-5,-2,1,1,2,-4,3,-5,-1,-5,0,1,-5,2,4,-5,2,-2,-5,0,-5,-3,3,1,2,-3,0,1,3,-5,2,5,3,-4,-2,1,0,3,0,4,5,5,-4,2,-3,-3,-5,3,3,4,-50.2927
37,1,-2,4,3,0,2,-4,-3,0,5,-2,3,0,3,-4,0,5,2,3,4,1,-4,1,3,2,-4,2,4,2,3,-3,2,-5,3,-4,4,-1,-1,-5,-2,4,-3,-2,5,2,1,-1,-5,4,-5,0,2,-3,-4,1,-5,-4,-3,4,2,21.6278
38,3,4,1,-5,4,-1,1,0,1,-2,4,5,3,4,1,-5,4,5,5,0,-2,1,-5,2,-3,-2,-1,5,5,3,2,-3,-2,-1,0,0,0,4,-4,4,4,5,2,4,-4,1,-3,5,-1,-2,0,-5,4,-2,3,-3,3,5,-4,2,-7.0972
39,-5,2,4,0,-3,-4,1,0,4,-2,-4,3,4,1,0,-1,5,4,-4,-4,-3,4,-4,-5,5,4,2,2,-4,1,-2,-2,3,1,2,5,2,3,5,5,1,1,-3,-3,-1,2,-2,2,-5,0,-4,-1,3,-5,4,1,-4,5,-4,-1,-7.888
40,4,-5,2,1,3,-2,-1,-3,-1,1,0,1,-1,1,2,1,1,2,3,2,4,-4,3,2,5,-1,1,-2,-2,-2,-5,2,5,5,-5,1,-4,4,-4,-3,-4,0,1,-2,-4,-5,2,5,5,-3,-3,1,-5,-2,-2,1,-3,-3,2,5,8.4201
41,0,0,-3,-3,-4,-1,1,-4,3,3,2,5,3,1,-5,0,2,1,-2,0,-3,0,5,4,-3,2,3,-1,0,-4,3,-3,1,-4,-2,-2,-1,3,3,4,4,2,3,-5,1,0,-1,5,-2,-1,2,5,0,4,-3,-3,-5,-4,-1,5,28.0379
42,0,-1,-3,-5,5,-3,-1,-1,1,-2,3,-2,-4,5,4,4,-2,-5,-4,-3,-1,-3,-5,3,1,2,-4,-1,1,-3,5,0,-4,3,2,-1,0,1,-5,-4,-3,-5,-5,-3,-2,1,0,3,5,-5,-2,-5,0,-2,5,-4,-3,5,4,-4,-27.6636
43,2,5,-5,4,3,-4,2,2,-1,4,3,3,-1,-4,5,0,3,2,-3,3,-4,-1,5,-4,-3,2,1,-4,-3,-3,-4,2,-2,1,5,-4,-5,-1,2,0,4,-3,0,-5,5,-5,4,3,1,0,4,4,4,-1,0,0,-1,4,4,2,-17.1032
44,1,2,2,2,2,0,4,5,-2,5,2,3,4,5,-1,-3,1,-2,-2,-3,2,-5,-1,-3,2,-3,-2,3,4,4,-5,2,0,-5,-1,1,4,0,3,3,-1,4,3,4,-5,-3,-1,-3,-1,1,-3,-3,0,0,-4,-1,-3,2,-1,-3,-11.2908
45,2,1,0,2,-1,-5,-2,5,-5,2,-1,2,-2,5,4,4,5,1,-5,4,-2,0,4,-2,2,-2,5,0,3,0,3,5,2,-1,2,0,0,4,-4,-3,-1,-5,5,2,0,-2,-3,-2,2,-4,2,-4,4,4,2,0,5,0,-5,-4,-15.6534
46,1,0,2,0,-3,-3,4,3,2,-3,-4,-4,-3,1,4,3,5,-2,-2,1,2,-1,-5,-2,2,-3,1,-3,-5,-5,-3,0,-5,-3,-4,-1,3,5,-4,-1,3,1,-2,5,3,1,2,5,2,0,4,2,5,-5,2,-4,1,3,4,-3,-50.2943
47,2,1,2,-1,-1,-1,-1,-5,-4,0,0,-3,-4,-4,2,3,1,0,4,4,-1,-3,0,2,3,-2,-3,-1,4,4,-2,1,1,2,4,-1,4,-5,-5,4,3,-1,5,5,-2,-4,2,0,4,5,2,4,2,-5,5,-3,3,1,-1,-5,-47.0258
48,5,1,-3,-2,1,4,0,3,1,4,3,-5,2,-5,2,-2,-4,3,-4,3,-3,-2,-5,3,3,2,3,-5,-2,0,2,-5,5,5,-1,4,4,-1,0,0,4,-2,-4,0,-1,3,1,-3,1,2,-5,2,3,0,-2,5,1,-3,2,-2,-13.4235
49,-2,4,0,4,2,-4,-5,3,5,-4,-3,5,2,-3,2,0,-2,-2,4,-3,1,1,4,-3,4,0,-1,-3,-4,2,1,5,-2,-1,-5,1,-4,2,-1,-3,-1,0,-2,-3,-3,2,-2,2,-1,3,0,-1,-2,3,-5,5,3,-3,-2,5,53.0343
50,-5,-4,4,-3,3,-3,5,4,5,1,3,5,5,3,-1,-2,2,-4,0,-2,-3,3,-2,-1,4,3,-4,-1,0,0,4,0,2,-4,-5,2,-5,-3,3,-1,0,-3,-2,5,4,-3,5,2,-4,-2,-1,-3,2,-5,3,0,-3,3,5,-1,-142.9415
51,-2,2,-1,-1,-2,1,-3,2,1,-5,5,1,4,-4,2,5,3,-3,-3,-3,1,-4,3,2,2,5,5,2,-5,-2,0,-4,-1,2,-4,-2,5,1,0,0,-2,2,4,4,1,-4,-3,2,3,0,0,-2,-3,2,-4,-5,0,-5,2,-2,-29.2964
52,3,2,4,1,4,-4,-3,1,-5,-5,1,-2,4,4,-5,-1,3,0,5,-3,-1,0,3,-5,3,2,4,0,4,5,3,-5,-5,0,3,4,-3,-5,2,2,-2,-4,4,-4,1,-5,-4,5,-4,-1,-5,0,-1,-5,2,-2,1,1,-3,1,-102.8509
53,5,-1,5,-5,4,0,5,5,-4,-3,3,-4,-3,-1,-4,-3,-1,3,-5,4,-2,-3,1,-4,1,-4,4,5,-2,-5,3,1,-5,3,3,4,-1,4,5,3,-4,-5,1,-1,0,0,2,-1,2,-4,-2,-5,-2,4,-1,5,-4,5,3,4,3.2179
54,-2,-3,-2,1,1,-1,1,0,1,-4,0,-3,-3,5,0,3,-3,2,5,0,3,4,-1,-2,1,-3,3,3,-2,-4,-1,1,3,2,0,-2,5,4,5,2,2,-4,4,4,-1,3,5,-2,3,1,0,-1,-3,3,1,5,3,1,-3,-1,-41.1496
55,-5,-2,5,-1,-1,-4,-4,5,-1,3,4,-2,3,-3,-3,3,-4,-4,-4,4,4,-5,-1,2,-2,4,3,3,-1,1,2,-2,-1,3,-4,0,5,-4,-4,5,-2,-3,-4,-1,-1,-3,-3,1,-5,3,1,-3,-1,-4,2,-5,3,5,-3,3,32.7513
56,0,3,-1,2,4,-4,2,1,4,1,-1,-4,5,4,-4,2,-4,1,3,-2,-3,5,4,-1,-5,2,3,4,-1,0,-2,-4,3,1,1,4,2,2,-5,-5,4,-3,1,1,5,-3,1,-5,1,-3,4,4,-3,1,4,3,2,-3,4,5,-101.2747
57,5,3,-1,4,-3,-5,4,2,0,-5,5,-1,4,3,-1,0,0,-5,1,2,5,-2,-2,5,-5,4,-4,3,2,2,4,-5,-2,2,1,3,0,4,5,-1,-2,0,1,-1,5,1,5,-4,4,4,2,-1,-3,2,-4,0,1,0,-5,-4,-14.2085
58,4,-2,-3,-4,5,-1,-5,2,3,-4,-2,-3,-2,5,-4,-1,-2,-1,2,5,-4,4,-3,-3,3,5,2,-5,2,-2,2,-3,-5,5,-1,3,4,-5,1,4,1,3,0,-3,-4,-1,5,5,-2,2,4,0,3,2,-3,0,0,-2,-1,-5,-8.0428
59,-4,4,2,-1,-4,0,2,-4,0,2,-5,-4,-5,1,-2,-2,5,3,5,5,-2,2,3,-4,4,-5,4,-4,-3,2,0,-5,5,-5,-5,5,1,-5,3,3,2,-3,-5,0,-4,1,-3,-3,3,-4,-3,5,0,-3,-5,1,2,2,4,1,-40.0029
60,2,5,-5,-3,3,-3,5,0,-1,-3,3,5,2,3,3,-3,4,-3,-5,-5,5,1,3,1,-5,5,-1,-4,-4,1,5,5,3,-5,5,-5,5,-2,1,5,3,-2,0,-5,0,2,4,5,0,-5,-4,5,5,0,0,2,5,2,-3,0,-46.4159
61,-2,3,-1,-1,4,-2,-1,5,4,3,-4,4,1,0,5,2,-3,-1,-3,5,1,-4,2,-1,4,3,2,-1,2,-5,4,-2,-5,5,-4,1,-1,3,-5,-4,-5,1,-2,4,1,-1,-4,-2,-4,5,-4,1,-2,5,-4,-5,-1,4,4,-4,103.2545
62,3,1,2,-4,5,1,-1,-5,5,3,2,4,-3,4,2,4,-3,-4,-2,3,5,3,2,3,-2,-4,5,4,4,-1,-4,2,4,-3,-3,-4,4,5,-2,3,5,-4,-5,0,-5,-1,2,1,-3,3,5,0,-2,3,3,0,-1,-2,1,5,-14.5915
63,0,1,-4,-3,5,-4,4,4,4,-1,4,1,3,-3,4,-4,-4,-3,-2,-2,4,-3,4,-5,0,-2,5,-1,-2,-5,4,5,3,-2,-2,-4,0,1,-2,-2,5,0,-2,4,-4,-4,3,1,5,4,2,3,-3,3,5,2,3,-4,-1,4,-136.9628
64,-1,0,0,0,2,4,3,5,-5,5,-4,1,-3,2,2,-3,2,4,-5,-1,-5,-1,3,1,1,0,3,1,0,2,-5,-3,3,4,4,-3,2,3,-5,-2,1,-1,4,-4,1,0,-3,3,-5,-1,1,0,5,2,-1,4,-4,-4,4,1,61.086
65,3,2,-4,-4,4,-1,1,-5,-3,-2,3,2,0,-4,2,3,-2,0,-4,4,-4,-4,3,-4,3,1,5,3,-3,-4,-1,0,-4,-3,-5,-5,-4,-2,-3,-2,2,-4,-2,-2,5,3,3,-4,2,-2,1,4,3,4,5,-1,-2,4,1,1,-64.638
66,-5,-2,-2,0,-3,-2,-4,-4,-5,0,0,5,-1,-4,3,4,4,-3,3,-5,4,1,0,3,-4,2,3,5,-3,-3,0,-3,-1,-2,-5,-5,-5,1,5,1,-5,2,0,5,2,2,-4,-4,-5,1,-4,1,2,-2,1,3,2,1,4,-5,-7.684
67,2,2,-1,-4,-4,2,1,-4,0,-3,1,0,-3,0,-3,0,5,-3,4,0,4,-1,-5,0,4,-5,-4,-2,-5,2,3,2,-2,-1,0,-1,-1,-4,-4,3,3,-5,-5,-3,-5,-2,0,-2,-3,3,-4,-2,1,-2,-1,-2,-2,2,1,2,-8.6935
68,-5,1,3,-5,4,4,-5,1,3,1,2,5,2,0,3,-2,3,-5,2,0,-4,2,-5,4,-1,-5,-5,4,-3,3,4,4,5,-2,2,-1,4,5,-1,-3,-4,5,0,-4,-1,0,5,-3,-5,1,-4,2,-3,-5,-3,-4,-3,3,-2,1,-11.2759
69,3,-3,-4,0,0,5,-5,-1,5,2,-5,1,2,-5,0,2,2,2,-5,-1,-2,5,1,1,-2,-5,1,0,1,-2,-2,-5,2,2,-1,3,-5,4,-5,2,4,-5,0,-5,-4,0,-3,1,2,5,-2,-4,-2,1,3,-2,4,5,-1,-4,43.1685
70,-2,0,3,1,-4,4,5,-5,3,3,4,0,2,5,-4,-3,2,-1,4,-2,4,-4,-2,-3,-4,-1,0,-1,-4,4,-1,1,-1,4,2,-2,3,4,-1,-4,-3,-2,4,-4,-3,2,-4,2,3,2,1,-2,1,3,0,1,5,2,0,1,30.333
71,5,1,1,2,-1,1,-3,-1,-1,-2,0,-2,0,0,4,-5,2,-1,5,0,2,0,0,3,-3,-5,3,1,-3,-5,-2,3,0,-3,5,-4,-3,-3,1,3,-1,0,0,-1,2,1,-2,5,-1,4,-5,-1,-3,-2,2,0,1,1,4,-1,-35.5641
72,-2,3,-1,-5,3,-3,-4,-3,-4,3,-4,-4,-2,-3,2,1,-4,5,0,-3,5,-3,-5,4,2,-5,-1,-1,-4,2,1,4,3,3,1,-4,-5,-4,0,2,-2,5,5,0,-5,4,5,-2,0,2,0,-2,3,2,0,0,0,-4,3,-5,-14.5714
73,4,-5,2,-3,0,5,1,3,-1,-4,5,3,1,3,2,-2,4,2,3,3,-5,-1,4,3,-4,1,-5,1,5,-1,1,-3,2,5,5,5,-4,2,-5,4,1,-2,-3,4,-1,-2,4,4,0,-2,-1,1,-3,4,-1,5,-4,-1,-3,4,92.9032
74,-3,1,-5,1,0,1,-3,2,2,-4,-3,-2,0,-3,5,-4,5,4,0,4,-5,-4,-2,-1,-2,-4,-5,-1,-4,0,2,-4,-1,3,-3,-2,-1,-2,5,5,1,-5,-3,2,4,-1,-5,3,4,-1,-2,1,-2,5,1,-1,3,5,-4,-1,71.8921
75,1,0,0,3,4,-1,2,-1,0,-4,3,4,-3,-1,5,-1,4,-1,2,4,2,3,-5,-5,2,-2,0,-5,-1,-5,2,4,-5,-2,1,-5,2,1,1,2,-2,5,3,-5,1,-3,5,2,0,-5,2,2,-3,1,3,5,3,5,3,-5,-57.4953
76,0,5,1,3,1,2,0,-3,5,0,1,-2,3,-1,-3,-1,5,4,1,5,-5,-2,-5,-5,4,5,-5,-5,3,-3,3,-2,-2,3,2,2,-2,3,5,-1,-2,0,2,4,1,4,0,-2,-1,0,-3,3,0,2,-2,0,5,-4,-2,-4,32.6943
77,-5,-1,0,-2,1,2,0,2,-3,1,-1,-3,3,5,5,-1,-2,-1,-4,0,-5,-3,1,-4,1,-4,3,-1,-2,2,-5,2,0,-5,-1,2,-3,-4,1,1,-5,4,-3,-3,5,-2,1,0,3,-2,3,-5,2,3,-4,-1,5,3,-5,-1,-23.2599
78,3,2,-4,-5,4,3,3,0,5,2,4,4,-2,4,-4,5,5,-1,4,-1,-3,0,-1,2,3,0,5,1,-3,5,2,-5,3,0,-5,5,3,0,-1,-4,2,-2,-3,-3,-1,3,5,-4,-4,2,4,-5,-1,-3,3,2,-3,3,4,-5,-124.8866
79,4,-4,4,2,-2,0,-4,-1,2,2,-4,1,4,-4,3,-2,5,-1,-2,4,-1,-2,4,-2,-3,-1,-2,-3,0,3,4,2,3,-3,2,5,0,5,-2,-1,-2,-4,-5,5,-4,-4,0,-4,1,2,5,-1,-3,2,1,5,3,-4,5,-3,-29.1183
80,-5,4,1,5,4,3,-2,0,-1,-3,3,0,1,-5,1,2,1,-5,-1,2,-3,5,-3,-4,5,2,-5,-4,2,-5,1,5,5,0,2,-2,-4,-3,-5,5,-4,-5,-4,-2,1,5,4,4,-5,2,-3,1,0,4,2,-5,1,0,-1,0,86.1313
81,5,3,4,0,4,2,-5,1,-3,4,0,-3,-3,-5,3,5,1,-5,1,-4,0,-4,-2,-2,-3,-3,0,-1,0,-1,5,-5,1,-4,-1,-2,-3,0,-4,5,-3,-5,-5,1,-1,-1,4,2,0,3,0,-1,2,2,4,0,2,-4,0,4,-46.3434
82,-3,-3,3,5,4,-4,-2,0,-4,-5,1,-2,-1,-5,-4,0,5,-4,1,3,-1,-1,-5,-1,-2,-2,1,-2,2,0,-2,0,-4,5,1,3,-3,2,3,-1,4,1,-2,-3,-3,0,-3,2,-3,5,0,3,-1,-3,-4,-2,5,2,3,1,11.6634
83,2,-2,2,4,3,-3,4,-3,4,2,-5,-2,3,2,-1,2,-1,-4,2,3,-1,5,3,1,-1,-4,1,-2,0,4,1,3,1,-5,0,-5,-1,4,5,-5,-1,0,2,0,4,-4,-2,5,1,-2,1,-2,2,-2,0,4,-4,5,-1,1,-66.1496
84,5,4,-1,5,-3,-1,-3,-4,-1,2,3,4,2,-2,-5,5,-2,-4,-2,3,1,1,2,-3,4,3,4,-4,-1,0,2,1,3,1,1,-1,4,5,-3,0,0,-3,-3,0,1,2,3,0,-4,0,5,-4,-4,3,4,-5,-1,-1,5,-2,-7.374
85,5,0,2,-4,-4,4,-4,4,3,-2,-3,-2,-2,2,3,-4,-2,0,5,5,0,-2,-3,0,-4,3,3,-1,3,4,5,-2,5,4,2,-3,5,1,-5,4,3,-5,2,-3,-3,-5,-2,-3,-1,-3,-1,3,-1,-5,0,1,-4,-3,3,-5,-33.6697
86,-4,-1,-1,5,-1,-1,4,-3,0,-3,4,0,0,-2,-1,-4,-4,3,4,2,1,5,0,3,-4,2,0,0,-5,4,4,3,-4,0,5,3,0,-3,1,5,-4,5,0,1,5,1,3,-1,3,-1,5,-1,-3,-5,0,4,5,0,4,-3,16.5376
87,3,0,-2,-5,-1,0,-1,1,-4,4,5,-2,-5,0,-4,-3,2,0,5,-5,4,0,-3,3,4,-4,-1,-1,-3,-1,4,2,-1,0,0,2,-3,-2,0,4,5,3,3,1,2,5,1,-3,1,3,-1,-1,4,-1,1,-1,-2,-1,-1,5,-48.322
88,-3,-1,-1,-5,-3,-2,-3,3,-4,2,-2,-1,-4,1,-3,4,-4,-1,3,-3,2,3,-3,3,0,1,-4,2,-2,0,-1,-2,-4,4,-2,-1,1,4,5,-4,-1,5,4,-5,-5,-5,-3,3,-5,-3,4,1,1,2,1,4,-4,0,-5,-5,67.8177
89,-3,0,-4,-4,-4,-2,2,-5,3,-5,1,-4,2,-1,-5,5,-2,-1,-3,3,-1,-3,0,-1,-5,4,-5,-4,-4,0,3,-5,-1,-1,-4,5,3,1,5,0,-5,4,0,4,-5,-1,1,2,1,1,1,-3,-1,1,-3,3,-4,-2,2,1,56.3205
90,-2,-3,1,2,5,-5,1,-4,2,-5,4,5,5,5,-2,4,3,0,0,-4,4,1,-3,3,3,3,3,-4,5,-3,3,-5,-4,-1,-5,-2,1,-3,-5,4,5,1,3,1,5,0,2,-4,0,-3,-3,-4,0,5,-3,4,-2,5,-1,3,-84.0256
91,1,4,-3,-5,-5,-3,0,-2,4,4,-4,-1,5,4,3,4,5,1,4,3,-4,-1,-5,0,0,3,-3,2,-1,1,0,1,0,-4,-5,-2,-4,4,0,3,0,-1,1,5,3,-5,-1,1,-4,2,-4,5,1,-1,2,1,-5,-4,5,-5,9.7045
92,-1,2,-5,-4,-5,-4,3,-3,2,-1,-3,-3,0,5,-1,0,-2,0,0,3,4,-5,4,4,-4,-4,4,-3,-3,-5,2,-2,-1,5,-2,-5,-3,4,-4,2,0,2,-4,1,-4,-5,3,-4,-5,-2,-4,-4,2,-5,4,2,-1,-5,2,0,-45.9516
93,-1,-3,4,3,1,5,0,-2,-3,-2,3,-5,0,2,4,4,-5,-1,2,5,-1,-5,-3,3,-4,3,2,5,-5,-1,-5,-4,5,-3,-3,-5,-3,1,3,4,2,-5,3,0,2,5,2,0,-3,-5,4,2,-3,-1,3,-2,-3,3,5,-5,-22.6358
94,-3,3,-5,-3,1,2,0,0,-3,3,-4,3,3,-3,-3,-5,4,-4,2,-1,-1,-2,3,0,-2,-2,-5,3,4,-4,5,0,-1,-5,1,1,-2,4,2,0,2,4,-3,-5,3,5,-1,-5,-2,-5,-1,0,3,-2,4,5,-1,-1,1,0,-63.3833
95,3,-3,1,2,-2,-1,0,-1,-4,-5,-5,-1,-4,3,-1,2,-4,4,3,-1,4,-4,1,-1,-4,-3,4,3,-4,2,0,1,5,-5,-5,3,-5,3,4,1,0,5,-2,-3,-5,4,2,-5,-3,-1,3,5,2,1,5,5,5,4,5,4,-18.9403
96,-1,0,4,-4,3,-2,-3,3,1,5,-2,-1,5,5,4,-4,0,4,-3,-4,-5,0,-5,-4,2,2,4,-1,1,-3,4,1,3,-4,1,2,-4,-1,2,5,2,2,3,-5,0,-1,1,5,-5,5,5,-1,-4,3,4,0,-5,5,2,3,-52.5349
97,0,-5,1,4,-4,-4,5,3,0,-3,4,-1,3,4,0,-1,3,0,-4,5,3,4,-3,-5,-3,1,-3,-5,3,-1,-4,-5,2,5,3,-3,5,2,3,4,4,-2,1,3,1,0,-4,0,-2,4,-1,-3,-4,-5,-5,-1,2,4,5,5,26.1603
98,3,-4,4,-3,5,3,-2,2,-2,2,5,-3,2,4,2,4,5,-5,-1,4,4,3,-3,3,-1,-2,5,-4,-5,-1,5,-5,3,2,-4,-1,1,3,3,5,1,-2,1,-4,2,5,-3,5,-5,1,-3,3,-5,-2,5,3,2,-4,5,-1,-58.9923
99,4,4,3,1,-3,-5,5,-1,-3,3,0,-5,-5,2,1,-3,-5,-1,0,-1,-2,2,4,-5,-2,2,-2,-5,-4,1,4,5,1,-2,-3,-2,4,2,-2,-3,-1,5,-4,2,-4,4,-3,3,-4,1,0,2,2,3,4,2,-2,3,-5,4,69.0982
100,-4,3,-3,-1,-3,-3,-2,5,1,-3,0,-4,5,1,-1,4,3,-1,-1,2,5,-1,3,0,3,-4,-5,-4,2,-5,2,5,5,-5,-4,4,0,-1,2,-5,5,-5,-1,-4,2,-2,-5,-4,2,-1,-2,-3,-4,3,-1,-4,2,-1,1,3,-89.2555
101,4,-4,2,-5,1,-1,-2,5,0,4,3,2,-4,0,-2,1,-1,5,5,1,4,3,1,0,1,-5,2,-1,-3,4,-3,-2,2,-1,-1,0,-1,-2,-4,-5,-1,1,2,-1,0,1,-2,-1,-5,3,-2,5,0,-4,5,3,-5,0,3,0,-37.3508
102,-4,2,-1,-1,-2,3,2,-1,1,4,1,-2,0,-5,-5,-3,-2,-1,3,5,3,0,-3,-3,0,5,4,-4,3,1,0,5,3,0,2,-4,5,-2,-3,-2,5,1,-5,-5,3,-2,-2,-4,2,5,-3,-2,-4,-1,1,-1,-4,3,2,-1,-18.1882
103,4,0,-2,4,0,0,1,-3,-1,2,0,4,2,-3,-2,-2,0,3,-1,5,-2,-4,1,0,-3,4,4,5,-1,-4,3,2,3,-4,-1,4,2,2,-1,2,0,3,1,0,-1,3,5,0,-1,-1,2,-5,3,2,2,4,2,5,-5,-1,18.4571
104,-5,-5,-2,3,-3,3,3,0,-2,-2,-4,-1,-2,-5,4,-2,3,-2,4,3,4,2,2,-4,-3,0,-1,-3,3,1,0,5,5,-2,2,-1,4,-1,-4,4,-2,4,-4,-1,-5,4,-3,1,4,4,4,2,5,1,-1,-5,-5,-4,3,1,48.7621
105,0,2,-1,-3,5,-1,-5,3,5,0,4,4,-4,5,2,2,0,-4,-2,5,2,-3,4,-1,3,-5,0,5,-4,3,-4,4,-5,5,-4,2,-2,1,-5,3,-1,1,-3,2,-2,-4,-4,4,0,-5,5,2,-3,-2,0,-5,-1,1,2,0,87.7664
106,-5,-3,-5,2,5,3,5,-3,-2,0,4,-1,-3,-3,0,4,-3,3,3,5,2,3,1,-4,3,5,0,4,0,-2,2,-1,-1,-5,0,0,-5,-4,-2,2,-3,-1,-2,3,5,-2,-3,-5,4,2,-2,4,2,1,-4,-1,0,4,-3,1,50.6247
107,1,-2,2,3,5,-4,3,-3,1,4,1,5,0,4,2,-4,-2,1,-5,4,1,4,-3,-3,0,-1,1,5,2,-3,-3,-5,5,2,-3,-2,-5,3,3,-4,-2,0,1,-2,-2,4,1,-3,5,-5,1,2,-3,1,-2,-2,-2,2,-2,5,21.8769
108,2,-4,0,-1,3,-1,3,4,2,-2,-1,-3,-5,-1,-4,2,4,-5,2,5,5,-2,-2,-4,1,-1,3,4,-4,2,4,2,0,4,-5,-1,-5,-5,-5,5,0,-5,-3,-5,2,1,-2,5,-1,3,0,3,-1,0,2,-3,1,-5,3,5,18.7577
109,1,4,0,-1,-4,0,1,-5,5,0,5,-1,4,-4,1,-3,-3,0,2,1,2,3,3,-2,1,3,5,0,3,-3,2,4,-4,1,4,2,2,-3,1,0,-3,3,0,5,2,-1,-2,3,-5,0,-3,-3,4,2,2,-2,1,4,-1,3,-13.3546
110,-4,-1,-1,-3,2,-4,-3,-4,-3,-4,-5,0,0,5,3,-3,2,5,-4,-4,2,-1,-1,5,-3,-3,-5,-5,-3,5,-1,4,2,-2,2,3,2,-5,-2,-1,-5,3,2,1,-5,3,2,5,2,2,1,5,1,2,-1,-2,5,-4,-4,-4,58.4193
111,2,5,2,1,0,3,-5,-3,-1,-3,4,0,-4,-2,-2,5,-5,-5,-4,-1,4,-5,0,2,-4,-5,1,-3,0,5,0,0,0,5,-2,-4,0,-2,-3,-3,2,-4,2,4,-2,3,0,5,4,5,4,3,1,-2,0,0,-3,4,1,-3,49.6722
112,4,-2,-5,1,-1,2,-4,-4,-4,-2,4,1,0,-3,0,5,3,1,2,-2,4,-4,-5,5,-1,0,0,2,-5,-4,2,-5,-2,0,1,-4,4,-2,2,2,4,-3,-5,0,-1,-3,-1,-5,-1,-3,0,5,-1,-4,2,1,0,2,3,-3,-61.0077
113,-4,2,0,-3,2,2,-1,3,3,-5,5,-4,4,-3,-4,-5,-1,3,-1,5,-3,-5,2,-2,3,3,-2,-3,-3,-2,2,4,-2,0,3,-2,2,-5,-3,4,4,-5,-5,-4,-5,0,-2,-4,4,4,-1,-3,1,-1,-1,3,-4,5,1,-4,-32.6006
114,1,5,3,-4,3,-4,-5,2,5,2,-2,-2,-1,-3,-4,0,4,0,3,0,-3,3,-5,-2,4,4,0,5,2,3,-5,4,4,-2,-2,-2,-4,1,-1,-3,-3,4,-2,4,-2,4,-4,-5,5,0,3,3,-5,2,0,0,0,1,-2,-2,18.6827
115,-4,5,-1,-5,-4,2,2,5,1,5,4,0,4,2,5,-1,-1,-5,1,5,-4,-4,5,0,-2,1,3,-2,-5,0,-5,-2,5,1,1,3,-3,3,3,-3,-5,-3,3,2,5,3,3,-1,-1,5,-2,-5,2,1,-4,-1,-1,-5,-3,4,8.9421
116,0,4,-4,2,-1,-5,-5,-3,2,0,5,1,2,4,1,-5,3,4,-1,0,-3,5,2,-2,-3,-4,-5,-4,5,-5,1,-1,3,-4,-2,-3,2,1,3,1,-3,0,0,1,-1,-5,-4,-2,-5,5,3,4,2,-5,0,5,4,0,4,5,-52.0469
117,3,-3,2,3,-5,5,-2,5,4,1,-2,-3,-3,2,3,0,-3,1,0,2,-3,-5,1,-4,3,-4,-5,2,5,1,-2,1,5,-2,-4,-4,-4,4,-4,2,2,0,4,0,-4,-2,-3,-4,-4,-3,0,4,-4,-1,5,4,5,-1,0,-2,19.8427
118,5,-3,3,5,2,0,-4,1,2,3,-3,5,2,-4,-2,-1,-4,4,3,-3,4,-1,-5,-2,-1,2,1,-4,3,-4,3,4,3,-4,0,-4,5,4,-2,-2,-3,5,1,-5,0,-4,2,2,-1,5,-5,1,-5,-1,4,4,-1,-4,4,-3,-32.2017
119,3,2,0,0,-3,-1,0,-5,-4,-5,-3,4,-5,4,4,0,3,-5,4,-3,2,0,3,-5,-5,4,2,0,3,3,0,4,2,3,5,2,0,-4,3,4,-4,1,1,0,-3,-4,2,-1,-4,-3,-1,1,2,-1,1,-5,-5,3,5,5,5.1605
120,0,3,-1,-4,0,-4,2,3,-5,0,2,-4,0,3,4,1,1,-1,3,4,5,-2,3,2,0,-3,3,2,-5,1,-2,-5,-2,-5,-2,0,-2,-3,5,-4,2,-3,-5,5,-3,4,-3,0,-4,2,3,3,-3,-1,5,2,-2,0,0,0,-87.6492
121,2,4,-2,-5,5,1,3,2,4,2,5,5,-5,3,5,-3,2,-4,1,1,5,3,-1,-1,0,-3,-2,4,0,2,3,-2,-4,1,-3,-1,2,2,-1,4,-4,3,-5,-4,-2,1,5,4,-5,-3,1,5,-4,5,-1,2,5,2,1,4,69.2251
122,5,-4,-1,1,5,0,-2,-1,1,4,1,4,-4,3,1,-4,-2,-3,-5,1,-4,-3,-3,-1,0,-5,2,-4,-5,-2,-4,2,4,0,0,5,-2,4,-5,1,-5,1,-3,-1,-2,2,-3,-3,3,5,2,4,-5,5,1,-2,-4,-3,2,3,90.839
123,-5,-2,-1,5,-5,3,-5,2,-3,3,-5,1,-1,-1,5,3,-4,-4,1,1,2,0,2,-1,3,3,1,3,-2,-1,3,-3,3,-5,4,-5,-4,1,2,-5,-3,-1,-4,-4,4,5,4,5,4,-2,5,3,1,4,3,4,5,1,5,2,14.1756
124,-2,4,0,3,5,-5,0,0,-3,0,-2,-1,-2,2,4,3,-4,-1,-5,3,5,5,3,1,3,-4,-5,4,0,1,-3,0,-4,2,-2,5,-1,1,-3,-3,5,1,2,3,3,5,-1,1,3,3,0,-5,-5,-5,-1,3,5,-4,1,1,45.6674
125,1,4,-4,2,-4,-5,-2,-4,1,1,2,5,1,-5,0,-4,3,-4,-1,4,5,-5,4,0,-2,4,2,3,-2,-2,4,-2,-5,-4,-4,-5,5,-1,2,5,-4,1,4,1,-5,1,3,3,4,-1,2,1,0,-2,2,0,2,-3,1,4,3.6449
126,1,5,5,1,-3,3,1,-4,5,-3,-3,1,4,-5,-5,-1,1,2,4,2,1,-3,1,1,-5,-4,3,4,4,5,-2,-3,-3,1,5,-2,-2,-2,-2,2,0,5,0,-4,-5,-2,-5,5,1,-5,0,-3,3,3,-3,-2,3,-5,2,4,31.9344
127,0,4,1,-5,0,-2,1,0,2,2,-5,5,-1,3,-2,5,-5,-1,-3,2,-3,2,-4,-1,0,5,1,4,-1,-1,-1,4,-3,3,-3,2,2,-2,-4,1,-4,-2,-5,4,4,0,0,-3,3,-4,-4,2,-3,-5,3,3,-2,0,-4,-4,107.517
128,-4,1,-2,3,1,2,-3,-4,-4,-5,4,1,-5,1,2,-3,-3,-1,-3,4,3,3,-5,-2,3,-2,-2,1,4,-3,5,5,-2,-4,-2,4,-3,-1,5,-2,1,5,5,2,-3,2,-5,-3,-2,2,4,3,5,4,-1,5,0,1,-5,3,59.0095
129,4,3,-2,-1,0,-2,1,2,-4,5,4,2,3,2,-4,4,-1,3,5,-5,2,1,0,3,-4,4,-1,-2,-3,0,-2,2,1,5,-2,2,-1,3,3,-3,5,-1,1,1,4,4,0,2,-2,4,5,5,-2,2,0,3,-3,1,-3,-3,51.5229
130,2,-4,-5,3,-5,-2,-1,0,-3,5,-1,-1,5,2,1,-2,-4,-5,0,-2,0,-3,2,-3,0,-5,-4,-5,2,-1,-5,-2,0,-2,1,1,4,-2,1,-2,-5,-1,0,0,2,5,1,3,-5,-4,-2,0,-3,1,1,4,-2,1,4,-3,-5.6705
131,-2,-5,3,3,3,4,0,-2,0,5,-1,-5,-4,5,5,-3,0,-1,4,-5,-1,3,-1,0,-2,-5,-2,-1,4,-1,1,2,4,4,3,1,3,4,-3,-5,0,4,-4,4,4,2,3,3,-1,-1,1,3,-5,-3,-4,-4,2,-5,5,3,-14.1809
132,5,4,-2,3,-1,0,5,5,-4,3,-2,-1,0,-3,-4,3,2,-4,-3,1,-5,-1,-4,1,4,-2,-5,0,-3,5,3,-2,-2,-1,-3,-5,1,-4,-4,-5,1,0,5,3,-2,4,-1,-5,3,-1,5,0,1,-4,-1,-2,0,-3,5,-4,-18.2835
133,2,0,4,-5,5,1,1,5,0,-1,2,5,1,-5,-3,5,-3,4,-5,-2,-4,-2,2,-1,4,1,2,-3,3,-5,-1,1,2,0,4,5,3,-2,-5,-4,-4,-4,-4,-3,2,2,-3,5,-3,2,3,2,-1,-1,-1,-5,3,1,-1,-3,5.3399
134,-5,3,0,1,-3,-5,-1,-3,4,4,4,5,-2,2,-4,3,-5,1,-5,1,3,-2,2,2,-1,-3,-1,5,2,0,-5,5,3,-4,-3,4,-4,2,0,5,0,4,5,2,4,-2,5,0,5,-2,0,3,-5,-2,5,4,-5,1,5,-2,36.3101
135,5,4,4,3,0,-1,5,1,0,0,4,-3,-4,0,1,-5,-1,3,5,-4,5,5,2,0,-3,5,-5,-4,5,2,-3,-2,5,-3,-5,1,2,0,3,5,-3,-1,-5,2,-5,-2,-2,1,-2,4,-2,2,-2,1,-4,-5,-1,-4,-3,-5,36.9878
136,3,-3,5,0,0,-3,1,-5,4,-1,0,-2,-2,-1,-2,-2,3,-4,-1,-1,3,0,-1,-3,2,-4,-4,2,-2,-1,-1,1,-5,4,-1,3,0,1,-5,3,4,4,-4,-5,-5,0,-2,-3,-4,-1,-4,5,0,-2,5,4,0,1,2,3,-14.5155
137,2,1,-2,-5,-3,-4,-1,3,-5,4,4,-3,-2,1,-5,-3,3,5,3,-3,0,-4,3,-3,-4,4,-2,1,-5,3,0,-2,-5,0,4,1,0,-1,-1,4,-3,-2,-5,5,-1,3,0,4,0,2,-3,4,-4,-5,-5,1,-3,-4,1,-4,85.8653
138,4,3,5,1,-3,-2,5,-5,-5,0,4,-2,-5,4,-5,1,-5,-4,0,2,1,-4,2,-3,-2,-4,-2,-1,-5,1,5,1,1,0,0,5,-3,0,2,0,-5,1,-1,-2,2,1,-4,2,5,-4,-3,5,-1,1,3,5,2,-5,2,-2,19.5038
139,-3,-2,1,3,1,4,2,-5,5,-4,4,0,-4,5,-5,-2,-4,-3,2,5,3,0,3,0,0,2,3,4,2,-3,5,2,-4,-1,1,5,4,-2,1,-3,4,-1,-3,-5,-4,1,5,-2,0,4,1,2,-1,-1,1,5,5,-5,2,1,-53.1846
140,-5,2,-3,1,-2,2,5,4,-2,1,-2,5,-5,-3,3,-2,4,5,1,2,-3,0,0,5,-2,-1,-4,3,4,-1,-4,5,-1,0,3,2,-4,-1,5,-2,4,-4,5,3,5,5,-2,1,4,-2,3,4,-1,-5,0,-3,-3,2,-3,3,107.6961
141,2,-1,-2,0,1,-2,-5,5,-5,-1,1,-1,-4,0,-4,2,-1,-3,3,0,-1,0,-4,-1,4,-2,2,2,4,5,-2,-3,-3,5,-1,5,4,3,3,3,-4,5,-3,-2,0,1,0,-4,1,-3,-3,3,3,-2,-4,1,-3,-2,5,5,34.73
142,5,-1,-1,0,4,1,0,2,3,5,5,4,1,-4,-1,-4,5,-5,4,1,5,0,-4,3,3,-3,4,-5,2,5,-4,1,2,3,0,-2,2,-2,5,3,2,-4,2,3,5,2,-2,3,0,2,3,2,-5,3,-5,2,-5,3,4,-2,-19.0826
143,1,4,-3,0,-1,0,2,-2,4,-1,5,-2,5,5,5,0,-2,2,4,4,-4,4,-1,-2,2,5,2,2,2,4,-4,-5,2,-4,-4,0,2,-2,5,4,3,4,-1,-5,-2,-2,-3,-4,3,1,-3,4,-1,0,4,2,2,2,-4,-2,-56.9203
144,1,-1,-2,1,2,-4,-1,5,-5,3,4,-5,2,-4,-4,5,5,-5,4,5,3,5,3,-3,-3,3,0,0,5,0,0,4,5,-3,5,1,-5,-3,-1,-3,2,5,5,2,-5,2,0,5,1,2,-1,4,2,5,-1,1,-3,1,-1,-2,-1.9713
145,5,5,5,2,3,-1,2,1,-5,4,-3,1,5,-3,3,-5,5,4,-4,4,5,3,2,-4,0,-4,-1,1,-2,3,-2,-5,3,1,-5,3,-1,1,-3,3,4,-1,2,0,-3,-3,4,3,3,-1,2,-1,0,5,-1,-4,-4,4,4,4,9.7022
146,1,2,-4,-2,-1,-1,0,-2,-5,3,-5,1,5,0,-5,5,0,2,5,-5,-2,5,-5,3,-3,-5,5,-3,2,-1,4,5,-2,1,3,5,-2,-2,0,4,3,3,3,-3,-1,-5,-5,1,-1,-1,2,1,3,0,4,-2,3,3,-3,5,4.3483
147,-5,3,-5,2,3,4,0,4,-1,-5,-2,-5,3,0,4,-5,-5,-5,0,-1,-3,-3,5,-4,-3,5,4,-3,5,-3,-4,-1,-1,5,-3,-3,4,1,4,4,0,4,1,0,2,-2,-3,-5,1,-4,-2,3,4,3,1,0,3,-2,2,5,-24.3271
148,-1,3,0,1,-5,2,4,3,-5,3,-4,-3,2,1,5,2,-4,5,1,5,-2,-2,-2,-1,-5,-2,-2,-3,-2,-1,-2,4,-4,-1,0,2,0,4,5,-5,-5,0,-2,-5,5,-5,1,-2,-2,-1,5,2,-1,5,2,4,1,-5,1,1,70.2233
149,-2,4,-4,5,-2,0,4,-4,-5,0,1,0,-5,2,-4,2,4,2,-4,2,5,1,5,1,-2,4,-5,4,4,-3,5,-3,5,-3,4,-4,1,5,4,-4,-3,0,-5,5,2,-3,-3,4,1,-5,-2,1,-4,5,-2,-1,4,-1,2,-4,79.8019
150,5,-2,-2,-5,-4,3,-5,4,-4,-5,-1,3,4,4,1,4,0,0,4,-3,-5,-3,-1,3,4,-4,5,5,-4,1,-1,1,-5,-4,2,-5,2,0,-5,4,4,4,3,-1,5,3,-1,0,-2,3,-4,-1,-4,2,4,-1,3,-3,-4,2,-15.1691
151,2,1,-5,-1,5,0,3,-4,3,-4,4,-2,3,-3,-2,-3,-4,-5,5,-1,3,-2,-3,-1,-5,0,0,5,-4,-5,4,-1,-2,0,2,0,4,-4,2,-4,5,-4,0,-5,4,-4,1,5,5,-2,5,-2,3,-4,-1,-5,-1,0,3,2,-170.5253
152,-5,-4,1,5,3,3,-4,3,5,-2,0,0,-3,1,5,2,-4,-3,-2,5,2,-4,1,1,-1,-3,-4,-1,-5,0,4,2,-2,-3,0,1,-3,-3,4,-5,2,-2,-4,4,-2,1,-3,2,2,5,-3,-4,-5,-5,-3,-4,-5,5,3,-4,39.6998
153,2,-2,-5,4,3,3,-3,0,2,-3,4,4,-2,1,-3,2,1,0,5,5,2,-3,0,2,-4,-4,0,5,-1,0,2,5,3,-4,-2,3,-4,2,3,-5,-2,-5,-2,2,0,3,-1,1,-2,0,5,1,-2,0,-2,-1,-5,3,2,4,48.3922
154,-2,0,-3,5,3,5,-3,0,4,-1,-3,4,-5,4,-3,2,-2,-4,-4,1,-2,2,5,2,1,5,2,-4,2,1,-5,5,1,2,-5,-2,-3,0,5,4,3,-2,5,3,3,2,-4,3,3,4,-3,1,-1,2,-3,-4,-3,3,3,-5,134.3592
155,0,-4,4,3,-2,-2,-4,-2,-2,3,-4,3,2,3,-1,-2,2,-2,3,3,-3,-3,3,0,3,-4,4,2,-1,-2,2,-5,3,4,4,-4,0,1,-1,-4,-5,5,3,1,1,-4,2,2,-2,1,0,-4,-4,0,-2,2,2,5,-3,5,-15.9297
156,3,0,-3,3,1,-1,-4,-5,5,1,-3,4,2,-2,-2,1,0,-1,-4,-1,-3,-1,-5,-5,-2,-4,1,-1,3,2,3,2,0,4,3,5,3,5,-1,-4,2,2,-2,-5,5,2,-2,3,-5,5,2,5,3,-5,1,-3,0,5,-5,2,25.9419
157,0,3,4,4,2,5,-5,0,1,-4,-4,3,0,4,-5,-2,0,5,3,-5,-4,0,-3,-5,1,2,4,-5,-2,-5,-2,-3,-3,5,1,-2,-5,-2,4,1,5,2,-3,0,3,4,-2,-5,-2,-3,5,0,2,1,4,-2,2,2,5,-3,-49.8075
158,-2,-5,-5,-3,-3,2,4,-1,-1,-3,-2,-4,-1,-3,-4,4,-1,4,-4,-2,5,5,4,-2,-1,-1,-3,4,3,-3,4,-4,-2,-1,-2,5,5,4,4,-3,5,5,-4,2,1,-1,-2,1,0,-1,-5,-5,-4,-2,5,0,-3,-2,-4,3,-7.9599
159,5,-5,-3,1,-2,4,4,4,2,-3,-4,1,-4,4,-4,-2,-5,-1,1,-2,-3,2,-5,-1,-5,4,0,-4,0,-1,1,2,4,-3,-5,-2,4,5,-3,4,0,2,-3,4,0,0,4,-5,0,-1,-1,3,-1,-3,-3,-1,-4,0,-5,3,82.7187
160,0,0,0,-2,-1,1,-4,-4,4,-2,-5,-4,4,-3,-5,-5,-2,-2,2,-1,-2,5,2,5,1,1,3,-3,-5,-5,-2,5,-5,0,-1,-1,-2,4,5,-3,-4,4,0,5,1,0,-1,-4,-4,1,-4,-4,3,2,-2,-2,-5,-5,4,2,15.2523
161,4,-5,-2,0,4,1,3,3,2,-4,4,1,-5,1,-1,-5,0,4,-2,-4,-3,0,2,-5,2,-5,1,-5,-5,-5,1,-3,-3,-3,-2,-2,-2,-2,0,4,-1,5,5,4,1,0,-4,-4,-5,-5,-3,-2,0,-3,4,2,1,-2,-2,2,-73.8503
162,-4,0,5,1,2,0,-5,-4,-3,4,-5,2,5,5,-5,1,5,-4,4,2,-3,-1,-4,-3,2,1,-3,0,4,-3,4,-1,-3,-1,-3,-5,2,-5,-2,1,-1,-3,2,3,-2,2,5,-2,5,2,0,-4,-4,-1,5,2,-1,4,1,3,-40.9015
163,5,5,3,1,4,3,1,2,1,5,-4,1,-5,-2,-5,-2,-3,0,2,-3,-5,0,-2,-4,-5,-3,2,-1,0,-2,4,0,-2,0,-5,-3,-5,0,-3,-1,3,3,2,-3,0,2,5,-3,2,3,5,4,3,-1,-5,0,-5,2,3,3,11.6994
164,-5,2,-4,0,5,2,3,-2,-3,2,-3,-5,-1,1,4,5,4,-4,-5,2,3,-2,0,-3,-5,1,-3,-3,0,4,-5,2,4,3,5,-3,-5,-3,-4,4,2,2,5,-5,2,2,-4,-5,-3,4,-4,0,4,4,3,-4,-3,1,4,1,46.4037
165,4,2,0,0,5,-2,-5,1,5,5,-1,-4,-2,-2,2,3,-1,-3,5,1,5,-3,1,5,3,-2,5,-2,2,-5,3,1,-3,-2,-1,-5,-5,0,-3,0,-1,-1,-4,-1,-2,4,-1,5,-4,-5,-3,4,-5,5,-2,3,-4,4,-1,-5,20.2975
166,-5,1,3,3,-4,-4,-4,4,0,-5,-4,2,-4,4,-1,2,0,1,-2,-5,-1,1,-5,2,1,5,-4,0,4,3,1,2,-4,5,-2,-4,-5,4,5,5,1,2,0,-5,3,3,-3,-3,-3,-4,1,-3,4,0,2,-3,-5,5,-4,4,108.2788
167,3,2,4,-2,2,3,-1,2,-5,-5,1,4,5,-3,-1,1,4,-2,-4,-5,3,-3,2,-2,3,0,5,1,4,-3,-2,2,-5,-2,-4,-5,-4,4,3,2,-3,4,5,-3,-1,-2,-5,-1,3,-4,4,2,-2,3,-4,-3,-4,-3,-2,-3,-24.4042
168,0,-4,2,1,4,-2,-5,0,-2,2,-5,-3,-1,3,-3,4,-1,3,-4,-4,-2,0,3,-2,-1,-1,0,-5,3,-2,1,-3,-3,1,-4,-2,0,-3,-1,4,-5,-2,-3,1,1,-3,-2,4,-1,1,5,-1,-5,0,2,4,5,-3,-1,-4,17.0913
169,-5,-2,-4,-4,4,1,0,2,3,4,-4,-2,-1,-4,3,3,-5,4,1,-2,-3,-5,5,1,-3,-4,1,0,-2,-4,-5,-2,-4,4,-1,5,-4,-4,3,-5,-3,-3,-5,5,5,0,-2,1,-4,-3,1,-4,-2,-2,0,3,-5,-1,-5,-3,21.5156
170,-3,-5,5,-1,3,5,1,-2,1,-1,-2,-3,-4,4,2,0,0,-5,-1,2,-1,-3,1,0,5,-5,5,0,5,3,4,-3,1,-5,-2,-1,3,1,-1,2,-5,4,2,5,-4,3,4,-1,-1,-5,1,-2,-1,3,3,-4,-1,1,-2,1,-63.9028
171,-4,-3,-2,2,-3,0,-1,3,-2,4,5,3,1,-2,0,5,-2,2,2,1,0,-2,-1,-5,0,2,-1,1,-4,0,2,2,0,2,3,1,4,2,-2,-5,1,-4,2,-5,4,2,1,3,5,2,5,-4,3,3,-4,0,1,3,-4,-3,29.3933
172,-1,-4,-2,1,1,-2,-4,0,4,-4,-4,-1,-4,-5,-5,5,4,0,0,-5,-4,0,4,-4,5,2,-1,3,3,5,-1,-3,0,-1,4,3,2,-1,-5,-4,-4,2,0,4,-4,5,3,4,-3,-2,-3,2,5,-2,4,3,2,0,4,-3,-30.4584
173,-4,1,5,-4,0,1,3,-2,-5,3,2,-1,-3,-2,-1,0,-4,-2,3,5,2,-2,5,4,5,-1,1,2,3,5,-1,4,5,-5,1,2,-1,-4,3,4,-3,-3,3,-3,-5,2,1,-5,-5,-4,-3,3,-5,-2,-1,4,-2,3,-1,1,3.099
174,-1,-5,-5,3,2,0,2,2,-4,5,-2,2,-5,-5,-2,-5,5,1,4,2,3,-5,-3,-4,5,-2,5,-1,3,2,5,1,3,2,-3,4,2,3,5,-5,2,-1,5,1,5,5,-4,-1,-3,-2,2,5,5,-3,-4,-5,-1,3,-4,2,-29.3449
175,5,5,-4,4,-4,-4,-3,-4,-2,-5,4,-1,-3,-2,0,-4,2,4,3,1,1,-1,-2,3,-3,2,2,3,5,-3,-3,-2,1,-4,2,-1,0,-3,-4,3,5,-1,-4,3,2,2,-1,-1,2,-3,2,2,2,-2,-4,5,1,1,3,5,1.2217
176,1,3,0,-5,3,-4,-2,1,-3,-4,2,5,3,-4,5,-4,5,-2,2,-1,-5,2,2,0,0,-4,5,5,-4,1,-5,-5,-3,-2,5,-5,2,-4,-3,0,-5,-3,3,4,-4,2,-5,-3,-2,-2,1,-4,2,0,-4,3,3,3,0,-4,-73.9031
177,-5,5,-4,-3,-3,-3,4,2,3,-4,-2,2,-5,-2,4,-4,5,-4,5,2,2,-4,-1,-3,5,4,-5,4,0,4,0,-4,1,0,-2,0,-3,-3,-5,2,-5,-4,5,5,3,-3,4,-5,2,-2,3,5,4,3,4,-1,5,-1,-2,5,-18.4017
178,-5,5,-4,-5,-3,1,0,-1,4,3,3,2,5,5,-4,3,0,0,-4,3,1,-1,-2,-2,-4,0,4,-5,1,1,-3,4,1,-5,-2,3,0,3,5,-1,-1,-3,-3,-4,-3,5,2,5,2,3,-2,1,0,-2,-3,-4,-1,3,3,0,51.8686
179,-5,5,1,-1,-4,-3,-2,-5,-4,5,0,-2,5,5,-5,5,5,-3,-3,-4,0,-2,-5,-3,-2,0,0,-3,3,2,1,-5,5,-2,-3,3,0,3,-2,4,5,-2,-4,-1,-1,-1,-2,2,4,2,1,4,-3,0,3,2,-4,3,4,-4,-24.0217
180,2,3,-5,-5,4,-3,-3,-4,-4,-4,-3,-3,4,-1,-3,-1,0,-4,-3,3,-3,1,3,-2,5,1,-5,-1,4,5,5,2,5,4,5,5,-3,2,0,4,3,1,-2,1,5,-2,-5,-1,-4,-5,0,3,-2,4,-3,-3,-5,4,5,-4,0.463
181,-5,3,5,1,4,2,2,-1,2,3,-4,0,-3,1,2,5,-4,5,3,0,-3,-1,-4,-3,-5,2,-4,-5,-3,4,-3,2,-2,-4,-2,-1,-3,4,-2,4,5,-5,3,-2,-5,-2,-1,0,5,-5,-3,-3,-5,-2,-4,5,-2,2,-3,4,124.2657
182,2,2,-3,-1,-2,-1,-5,-5,3,-4,5,-3,-2,-2,5,2,-5,-5,5,1,-4,-5,-5,0,-1,-5,4,-5,0,3,-4,-5,1,4,3,0,0,-4,-4,-1,-3,1,0,-5,0,0,-3,-4,-5,-1,-2,-5,-5,-2,0,5,1,5,-2,4,-32.0084
183,5,1,-5,-2,1,-2,4,4,-1,2,-1,1,4,2,5,4,3,1,-1,-5,1,3,1,-1,-3,4,0,-1,-2,-5,2,-5,-4,-2,2,-4,3,5,-4,-2,2,2,-1,-1,2,2,5,-2,3,2,3,-1,-5,-5,2,-4,2,-3,-1,4,-58.0435
184,-4,4,-2,-2,-4,3,-3,2,1,3,5,-4,-1,-3,1,1,-5,-4,3,4,-2,0,-5,-5,3,-3,-4,5,-5,0,-4,2,3,4,-2,4,-3,4,4,-2,0,-5,-2,0,3,5,-1,3,-2,-2,2,-3,-5,1,5,-4,-1,-3,3,1,44.4494
185,2,0,-5,-2,-3,3,-5,-5,-4,3,-1,4,0,3,2,-5,-4,0,2,-1,-1,5,-5,1,5,-3,-1,-2,1,-1,1,1,2,4,4,-4,-1,-1,-5,3,1,5,3,-5,-3,-2,-3,1,2,1,3,1,0,4,-1,5,-4,3,4,5,85.5365
186,-3,3,3,3,-2,-5,2,1,2,-2,-4,-3,-3,3,1,5,-3,1,3,4,-3,-2,1,-1,0,3,-2,-1,4,2,-4,2,-1,-5,0,4,4,-1,0,2,-3,-2,-1,-2,5,4,5,-1,-1,2,3,5,1,2,5,3,1,-3,0,-4,4.1456
187,5,0,1,5,3,2,5,3,2,4,0,1,-2,3,2,2,-3,3,4,3,3,-2,1,2,-4,-1,-5,5,5,4,0,2,0,-3,1,-5,0,2,-3,4,1,3,2,1,1,-4,1,-2,1,-2,2,-3,4,-5,-4,5,-5,4,-3,1,48.5667
188,3,-4,-5,-1,-2,-5,4,-5,3,1,4,1,2,5,3,-5,2,-1,-4,-4,2,5,-2,0,2,-3,-3,-3,4,-5,-5,-3,-4,-2,4,-4,4,1,3,-3,-5,-1,4,-4,4,-1,-2,-5,-3,-5,0,-1,1,-5,-2,3,2,-3,-4,1,-106.9346
189,0,-5,5,3,4,4,2,4,-5,5,-1,-1,-4,0,-1,-3,0,-5,0,-4,4,1,2,-1,-3,-1,0,-5,1,-5,-4,2,-1,5,4,-2,-1,3,3,0,1,-2,5,5,-2,-2,-1,2,3,-5,1,-5,0,5,-3,2,-4,-1,-5,2,46.6457
190,1,5,0,0,-3,3,-3,-2,5,4,3,4,-2,2,-3,-2,-2,-1,-2,5,0,-3,-5,3,4,4,5,2,-4,-4,-5,3,-1,-3,0,5,0,0,-5,-2,5,-2,3,3,1,3,5,-4,0,0,-1,1,1,4,-1,4,2,-2,-3,4,68.1998
191,-3,3,4,-2,-4,2,-5,2,-3,2,5,5,-3,0,-2,2,-2,3,3,2,-3,0,1,-4,4,-2,-3,0,3,-3,0,5,1,1,0,-4,4,0,1,-5,-5,-5,-3,-1,1,3,2,3,3,4,-4,-4,-4,-4,5,4,2,-3,-5,-2,25.4516
192,0,-2,-5,2,-4,5,5,2,-1,-4,-3,-1,4,-3,3,0,2,2,-4,-1,-2,2,-4,5,-5,3,-3,0,-5,-3,-5,2,0,3,0,-4,1,-2,-4,-1,1,0,0,-4,5,5,-4,-3,4,3,0,1,3,-3,-1,-2,4,-3,-5,2,94.4437
193,5,5,-5,2,2,1,-4,2,0,4,2,4,0,-2,-3,5,4,2,-3,5,-5,-4,1,-1,-3,-5,0,-2,-5,-3,-5,-3,-5,0,3,0,5,-3,5,-5,-5,3,2,4,-1,2,-1,2,-3,2,-3,-3,4,3,-3,4,3,4,-4,-3,86.2214
194,-2,4,-5,-2,0,-4,5,-2,-1,0,-1,-1,5,-5,-1,5,1,3,-4,4,-1,2,4,4,-4,-5,4,5,-3,3,-2,-3,-1,-3,3,0,2,2,-5,-3,1,-5,5,-1,-1,-1,4,0,-4,3,-3,1,-1,-4,3,3,-4,0,-5,0,-14.5376
195,5,5,3,0,-4,4,2,1,4,2,4,3,2,-5,-1,-2,2,-3,0,1,-3,3,-4,4,4,-1,-2,-3,2,-2,4,1,1,2,4,0,5,-5,5,-5,-1,5,5,-1,0,-1,2,2,1,-1,2,-2,3,3,1,-1,4,-2,3,-1,-70.9248
196,-3,-3,-3,-2,4,2,-4,-5,4,5,3,4,3,-1,4,-5,3,-1,-4,-1,-5,-2,1,0,-4,1,-2,4,1,-5,2,-2,-2,3,-2,-1,-4,-4,-1,3,-4,-5,3,1,-5,-4,-3,4,1,-2,5,-5,-5,0,-5,4,0,2,5,-4,34.3921
197,4,0,0,-4,-3,1,3,-4,-4,-2,0,2,0,1,-5,-2,4,2,-3,5,2,-1,-1,-2,-2,0,0,3,0,0,-4,-3,-3,5,0,1,2,1,-4,-4,-2,-4,-5,-1,-3,0,3,-5,0,2,0,3,1,5,-3,-5,-4,2,5,5,79.8737
198,3,2,-4,-5,-1,4,-1,2,-3,-1,3,0,5,-3,5,3,5,-4,5,-5,1,-5,5,-5,0,-2,0,0,5,-5,-4,2,4,-5,2,3,-4,3,-3,1,5,0,4,0,3,3,5,-3,-1,-2,-1,2,-2,2,-4,-1,-5,2,-4,0,-97.4747
199,1,2,-3,-4,1,1,1,1,3,-4,3,0,2,-4,-3,-2,-5,4,-4,3,4,3,1,2,-5,3,4,5,1,-3,-5,-5,-3,-5,-4,-2,-4,3,-1,2,3,-3,4,-4,5,-2,3,-1,3,-1,0,-1,0,3,4,-5,0,-2,-5,-1,-26.7674
200,-2,4,0,5,-5,-4,4,0,4,5,4,1,2,1,-4,4,0,2,5,-1,-2,-5,1,5,-4,4,-1,5,-1,-5,-2,0,-3,5,-2,5,-5,-4,2,-4,-5,1,-3,-2,-3,4,-1,1,0,3,-4,0,5,-3,-1,2,3,0,4,5,59.9862
201,0,-5,-2,-1,-3,4,-5,2,1,-4,5,-1,2,3,4,1,-1,-2,-4,3,4,-1,1,1,-3,-1,4,0,-4,-4,0,4,5,-5,0,5,-1,-2,2,0,-2,1,0,-5,3,-2,3,-3,3,0,4,5,-5,-5,-3,5,4,0,-3,2,-42.197
202,2,5,1,5,0,3,2,-3,-1,4,-5,0,0,-3,-1,-1,-1,-4,0,4,-5,2,5,3,0,2,3,-5,3,5,-2,-3,5,-4,3,3,-1,-2,-2,-2,-5,0,-2,3,1,1,-5,0,0,4,5,5,-1,-2,3,0,-5,3,2,3,59.1535
203,1,-2,5,-4,2,-3,5,-2,-3,4,-4,-1,-3,5,-4,5,-3,-3,5,-4,2,-1,-2,4,3,5,3,5,-3,-3,0,5,1,3,5,-5,-5,-3,0,3,0,-4,3,-4,-4,2,1,-2,-5,0,-4,-3,2,5,4,4,-1,-3,3,2,-13.2845
204,1,-2,5,1,2,-2,5,-2,1,3,1,-3,5,-3,-1,0,-3,-5,-4,-5,1,5,-2,-3,-1,0,3,1,-5,-2,2,1,3,3,3,2,5,2,-2,-4,-1,-5,-3,-3,-2,2,-2,3,4,4,0,-1,-4,-5,-4,-3,-2,-4,2,5,-42.3946
205,0,5,-2,1,3,2,0,-1,-4,3,1,-5,3,-5,1,-1,-4,-4,-5,2,4,-2,3,-5,-3,1,-2,2,-2,5,-4,-4,4,5,-5,4,-3,0,4,5,-4,-5,5,1,4,4,-3,-5,-3,5,0,1,-5,2,2,0,-2,2,4,4,66.4948
206,-4,0,-4,0,5,-1,5,4,3,4,5,1,1,2,4,2,-1,3,3,-2,-4,-3,5,5,3,5,-3,2,-1,-3,0,-5,3,-1,1,1,3,3,-4,-5,2,-4,-5,5,0,-1,3,0,3,4,4,-1,5,-2,4,2,3,-1,0,1,-79.917
207,-4,2,0,5,1,-3,3,5,3,2,0,-3,0,3,1,4,-3,3,4,2,5,2,2,-1,1,4,-2,-5,-3,-2,5,0,1,-2,-5,1,-2,-3,0,-5,-4,-2,0,3,-4,-1,-2,-3,-2,-2,5,-4,-4,-5,0,3,1,-5,-2,-3,-23.9856
208,-3,3,3,-5,3,4,1,0,3,-4,5,-4,4,-3,3,-2,-3,-3,3,-5,1,0,4,-4,-2,0,3,3,-5,-1,-2,1,-4,1,1,1,-4,5,-5,1,4,1,-5,0,2,-5,1,5,3,1,5,1,-4,1,5,-3,-1,-5,-5,-3,-80.7332
209,-4,-2,-1,3,2,-2,-5,-1,-1,-2,-5,-2,3,-3,-5,-5,-1,-5,-2,3,4,1,-4,-2,-1,-1,4,1,-5,5,-3,3,-3,-3,4,3,1,0,-4,2,-5,3,-4,-4,-3,2,-1,-3,4,2,3,-1,4,-2,4,1,5,-4,5,5,-2.9223
210,-5,4,-3,-4,4,-3,4,5,-1,-4,2,0,0,2,0,3,3,-1,-2,-5,-5,5,2,-1,-4,-4,-5,1,-1,3,2,4,-4,3,5,3,-2,-1,4,2,-2,5,-5,-4,-3,0,5,2,0,-5,-2,-2,-2,3,1,4,-4,-4,-4,-2,25.5228
211,0,-3,-5,1,1,-4,0,-3,2,-2,4,1,-2,-5,-5,4,-2,-1,1,-5,2,-1,-1,4,-2,0,-2,-3,3,3,-2,-4,-4,5,0,-1,-1,-3,2,-4,-1,1,3,5,-5,3,2,5,-5,-2,3,0,1,1,-5,-3,1,-3,-1,3,44.3941
212,-2,-3,0,1,-5,0,-1,-2,1,-1,5,1,-5,-2,5,-2,-3,5,3,-4,2,-4,-1,-4,-1,-3,5,5,-5,5,1,5,-1,-3,-1,1,-2,0,-4,3,3,3,3,3,3,-2,-5,5,-1,2,5,0,-4,-1,2,1,-3,-4,-5,4,37.8995
213,1,5,-1,3,-4,0,4,2,5,-1,-3,-5,2,2,-5,4,-2,0,4,-5,2,-3,1,3,-2,-4,-4,2,5,0,4,-5,-3,0,-3,-5,2,-2,-2,3,-4,5,-2,-1,-4,2,1,3,-5,2,-5,-3,-5,-3,-3,1,-3,2,-1,-4,42.2393
214,-1,5,-5,-3,0,-5,5,5,0,3,-4,-2,-3,-2,0,5,5,2,-4,-2,5,-2,-5,-2,0,-5,-3,4,-4,2,1,-4,-5,-3,1,5,1,-5,0,-3,-2,-3,-4,-2,1,0,2,-1,-1,3,-5,-2,-4,2,1,0,1,-1,-4,1,25.5337
215,-3,-2,-5,2,0,-1,-2,-1,1,0,-1,-4,3,0,1,1,0,-2,4,-3,-2,1,-4,2,0,0,2,-4,0,-5,5,3,-4,-4,-5,5,1,-4,1,4,-4,1,-1,2,-4,-4,-2,5,-1,5,2,3,0,3,3,4,-2,3,-3,-2,17.081
216,-1,-4,4,4,-1,-3,2,4,5,0,1,2,4,2,3,4,3,1,3,0,1,-2,-1,0,2,1,0,-5,-5,-1,-5,2,3,-5,3,2,5,4,-2,3,-3,-1,2,0,-1,-5,5,-4,-3,-1,-3,-4,2,3,3,5,4,3,3,5,-64.1218
217,2,-2,-5,5,3,0,-1,3,4,5,-5,5,0,-4,1,0,5,-2,-2,5,1,-4,3,-4,-1,-5,0,4,4,-4,-1,-3,2,-3,-3,0,0,-2,3,-5,1,-5,-3,-5,-2,-4,-2,-1,1,5,5,-1,-3,-3,4,1,5,-5,4,-4,-99.8325
218,-5,3,3,-5,-4,3,0,0,4,4,-3,4,5,3,0,5,-1,0,-5,-4,1,-5,4,4,1,-3,4,0,-5,0,4,5,4,0,-3,-5,-5,-2,0,-2,0,1,4,-3,5,5,-5,3,-5,-2,-1,1,0,-1,-1,-4,-3,3,-1,-4,15.2262
219,1,4,1,-5,4,-3,2,2,-1,-1,-2,3,-2,5,-1,3,4,1,4,3,2,4,2,-5,3,-3,-3,5,1,2,-1,5,5,-4,-1,5,-3,-2,-2,1,4,5,1,-5,-1,4,-2,4,2,-4,-5,-2,1,0,2,0,-2,2,-2,-5,-23.7114
220,-2,-1,-1,-3,-3,0,-2,-5,0,-3,4,4,-5,-1,5,5,2,2,2,1,0,3,-3,-2,4,-2,-2,2,5,-1,-1,-1,4,0,1,5,-4,5,2,-4,0,4,4,0,-4,5,3,1,4,-2,0,1,1,-5,-1,-2,-1,-2,1,-2,-18.8226
221,5,-4,-2,5,4,-4,4,0,-5,-5,-2,5,2,-4,1,-5,2,-3,-3,-3,-5,-1,2,1,3,0,4,2,-3,5,0,-5,-5,5,4,-1,-5,-2,0,5,0,5,1,5,4,0,5,5,2,2,-3,-3,0,-2,0,3,-3,-3,-2,-5,-19.6737
222,5,3,0,-5,0,-4,2,3,-3,-2,-4,3,0,-2,-1,-1,5,-3,-4,2,4,-3,-3,5,-4,-5,2,5,2,3,-2,0,-2,0,5,-3,-1,-5,4,-1,-2,-2,-4,0,0,5,3,-4,-1,2,0,3,0,4,3,3,-1,-4,4,5,-10.0245
223,3,3,1,1,-4,3,1,-1,-2,-3,-4,-3,-3,0,5,-1,-5,2,5,-5,5,3,-2,-5,1,4,0,-1,1,-3,4,2,1,-3,-2,1,0,0,4,0,1,3,3,-5,5,-4,1,-1,-5,-4,-1,-2,2,-2,-2,-3,4,-1,-4,-3,-72.8228
224,-1,-3,2,-2,-5,0,-1,-5,0,5,-3,0,-4,-3,5,1,-5,5,3,-4,-5,-5,-2,-4,0,2,-3,0,0,5,0,-3,-5,0,4,1,5,-1,2,3,-2,-2,3,-5,0,-3,-5,2,2,-5,5,-4,-1,0,0,-5,4,-4,5,0,9.9896
225,3,4,-2,2,5,4,-2,-4,-1,-1,-2,2,-5,4,0,1,4,-3,-4,2,1,-4,2,0,-2,-1,3,-3,-5,4,-5,4,1,0,-1,-3,3,1,-2,2,-2,-5,-2,2,5,1,5,4,3,-3,-1,-5,4,1,5,5,-4,0,-4,-3,29.818
226,-3,-4,1,2,-1,5,-3,-1,-4,-1,-1,1,-4,2,-2,-2,0,0,1,2,0,-3,-3,0,4,1,1,4,-4,4,3,4,5,5,4,-1,2,-4,-1,2,-3,2,-5,4,0,5,1,1,5,-1,1,0,5,-2,0,-5,1,-4,1,-3,45.3576
227,5,5,2,-5,1,3,-3,5,-1,2,-3,4,-3,1,4,4,2,-5,-5,5,-1,4,-2,2,5,3,-3,2,4,3,3,0,3,5,-5,-1,-5,1,2,2,3,5,-1,-4,5,-3,1,2,4,-2,-2,-1,-5,1,-3,-1,1,4,1,5,99.9952
228,-1,-4,3,5,5,-5,3,-2,4,-1,-2,1,0,3,-2,0,-1,-1,4,-2,-4,-4,4,0,-5,-1,0,1,3,3,-3,4,-4,-4,5,-5,-4,3,0,2,-5,-3,-4,1,5,5,5,5,3,4,-5,-1,-3,-5,-5,4,1,3,0,-4,16.9111
229,1,-2,-1,1,2,0,1,2,0,-2,4,-2,3,2,4,5,2,2,4,1,-2,2,1,3,-4,3,-4,-1,-1,4,0,2,-4,-2,4,-2,-1,-4,5,1,0,5,-4,0,-1,2,4,-4,0,5,2,-1,0,2,-5,-4,-1,-5,4,-2,-11.0867
230,1,-4,5,-2,-1,3,-2,5,-4,5,-5,-1,-2,-1,-5,-3,-1,3,3,1,1,0,-4,-4,3,2,-3,3,3,-5,-5,0,0,-3,-5,-1,0,1,0,-5,5,-1,-2,-5,-4,-4,4,2,-2,-2,3,1,-3,1,-4,0,-1,-1,2,3,13.7451
231,0,3,-3,3,-4,2,-2,-3,2,-2,-3,-4,-2,3,1,-3,-5,2,5,5,-1,0,1,1,-3,2,-2,5,3,2,-2,3,-4,-3,-3,-1,-1,5,-3,5,2,1,-3,1,-3,-5,-1,3,1,-4,5,1,-3,-1,-1,4,1,0,2,-1,113.1326
232,-3,-1,3,0,-3,-4,-5,1,1,5,-5,-3,-4,2,-5,-4,2,-3,5,4,1,-1,-2,-5,1,-4,-1,-1,2,3,0,5,3,-3,5,4,0,4,4,5,3,-1,-3,-3,-4,4,2,-3,-5,-2,0,-4,-2,-5,5,3,0,1,1,0,-47.4488
233,0,-4,-5,2,4,-2,2,1,5,5,3,-4,-1,2,-5,3,2,-2,0,-1,-4,2,-1,1,0,-5,-2,-2,3,5,0,-5,2,5,-3,5,5,5,3,3,-5,3,-1,-4,-1,3,-4,-1,4,2,-4,5,5,4,4,3,-1,1,-1,4,36.8258
234,2,-3,2,-2,-5,1,2,1,-5,2,5,-1,-4,1,2,-3,-4,5,2,2,-1,4,3,-5,-3,-3,-3,-4,-3,-1,1,5,4,4,3,3,-2,-1,-2,0,-4,-1,-5,0,2,-3,-4,-4,-3,1,4,-5,-4,3,-1,5,4,-1,0,-1,55.4212
235,-5,-3,-4,-3,0,3,-2,3,-4,0,2,5,4,4,2,5,5,0,5,4,5,-1,4,4,-3,-4,3,3,-2,-3,5,-2,2,-5,-1,2,-3,0,-5,-2,0,-5,-2,-3,5,-1,3,0,-1,-5,-4,0,5,-2,1,3,0,-1,-2,4,-59.7295
236,2,5,0,0,-2,0,2,3,2,0,4,-1,2,3,3,5,-3,5,-5,5,1,2,5,5,4,1,4,3,-5,1,4,-4,-3,4,-5,0,3,-1,3,0,4,5,5,5,2,5,1,-3,5,4,4,-2,4,3,4,-5,1,0,-1,3,0.7267
237,-3,5,2,-4,1,1,2,2,-3,-2,2,-1,-4,-3,0,-3,3,4,-3,0,5,-3,1,-4,4,-5,-1,-5,4,1,5,5,1,1,0,-4,4,1,2,-2,-3,-5,-4,1,3,-3,-5,-2,5,-5,1,3,5,-5,2,-3,2,-5,4,2,-88.2414
238,5,-2,-3,-2,-1,-5,-1,-1,0,-1,-5,1,5,5,3,-1,-2,4,4,-5,2,-3,-4,-2,-3,-5,0,-3,1,-2,3,1,-3,-5,3,5,5,-3,3,2,2,5,-5,3,0,-2,-5,4,-5,0,-5,-3,-1,0,4,4,1,-3,-5,0,-53.4601
239,5,4,-2,5,-4,-4,2,-2,5,-2,2,-2,3,0,-5,3,-1,1,4,1,-1,-4,-5,-2,-4,-2,-3,4,-5,0,-4,0,-2,-4,-1,-1,2,2,4,-5,2,-3,2,-2,4,2,-2,2,2,-4,2,-2,1,-5,2,0,-5,-1,-3,-5,-61.8733
240,0,-2,-1,2,3,-2,2,-1,-5,1,5,1,5,2,3,3,0,-1,1,2,-1,-2,1,1,4,1,3,-3,1,-1,-3,-3,-3,-5,0,-2,0,4,5,0,-4,-4,-1,0,1,1,0,-3,0,5,-1,2,-3,-4,3,4,1,-2,-3,3,-36.1019
241,4,-2,1,-5,5,-4,0,0,-3,5,-4,-4,1,-3,2,2,0,2,1,1,4,0,2,-4,-1,-3,-1,0,5,5,4,2,5,2,3,3,1,5,-4,4,2,-5,3,-1,5,-3,0,5,-5,3,3,4,-4,-4,0,-4,5,-2,2,2,-46.2695
242,-5,0,-5,3,5,-1,-1,1,-5,-3,3,1,-2,2,-3,0,-4,2,2,2,-4,-2,1,3,-3,4,4,-5,2,-4,-5,-3,-4,-5,-1,-3,5,-1,-1,2,3,0,-5,2,1,2,5,-4,-5,3,-3,2,-1,-3,3,5,-3,-5,-4,3,1.7939
243,1,1,-4,0,-5,-1,4,3,0,1,3,2,-3,4,4,-2,-4,5,-1,-2,0,-2,-1,3,4,5,3,-1,5,-2,-4,-1,2,3,-4,-5,5,2,0,-2,-1,0,-3,-4,-5,-3,-1,3,-4,-5,0,1,-2,-5,-1,1,1,-5,4,-3,17.7895
244,3,2,0,-5,-1,-2,1,-3,4,3,3,0,4,3,-1,3,2,3,0,-2,0,0,-2,4,2,5,-4,0,1,5,2,2,-1,-4,-3,-1,4,-2,-1,5,-1,5,5,5,-3,-2,-4,3,1,-3,-2,-1,3,1,-1,4,5,5,3,2,34.4854
245,-2,3,-2,1,5,-4,-5,-3,-2,5,-1,2,-2,-5,3,-3,1,-3,3,-2,2,-4,-2,3,-3,0,0,4,2,-2,-3,-5,-4,-4,2,3,-4,-5,-3,2,3,4,3,-5,5,3,1,-5,-1,-2,4,-5,3,5,-2,-3,4,-3,5,-2,-81.2868
246,2,-3,1,-2,-1,-3,-1,-4,1,-1,2,4,2,2,3,4,-4,4,-5,5,-3,4,4,-3,1,-4,2,5,1,-1,-3,2,-3,2,0,-4,-1,-1,3,-4,-5,5,-4,-3,5,-4,1,0,-1,0,5,-4,-5,-5,3,1,5,-4,4,3,-40.3175
247,-3,5,-2,-2,-1,3,-5,0,-3,-3,4,-1,5,-1,-4,3,3,0,1,0,3,-3,0,4,4,0,-2,-2,0,-2,-2,3,-1,-2,-2,0,1,-4,-1,5,-2,4,-2,2,-1,4,4,2,-5,-3,-4,-4,3,-3,2,5,-1,0,-1,-5,-6.5681
248,-5,-5,0,4,-5,1,5,-5,4,4,4,4,3,-4,-3,5,2,3,1,3,-3,3,5,1,4,-1,-2,-4,-1,-3,1,-4,5,-3,-4,1,-1,-3,-4,-2,3,5,0,-4,1,-3,1,0,-5,-4,3,3,0,4,-2,0,-5,-5,4,-2,-37.6719
249,2,-1,2,5,5,-2,2,2,-5,-2,3,0,-5,3,-5,-1,4,4,-3,-2,-2,-2,-3,-4,-3,2,-3,-4,-1,-5,-2,0,-4,1,-3,0,1,-2,2,-5,1,-5,0,-1,-4,-3,-1,3,-2,3,-3,-4,4,-1,1,-5,-3,4,3,-2,-1.0808
250,-3,-5,0,3,1,-3,2,4,4,1,-1,5,3,5,4,-2,2,-2,-3,-5,5,-4,-1,1,3,-3,5,1,1,3,-2,3,-1,-3,-2,-2,-4,0,3,-5,-2,1,3,4,1,2,-4,4,1,-4,-5,-4,5,3,0,-5,2,1,-4,-2,-42.1128
251,0,-4,5,0,0,3,-1,-2,3,-4,-2,5,-3,5,0,4,-3,-1,-5,-1,-5,0,-4,-1,1,4,-4,0,-2,2,-2,-2,3,4,5,4,5,3,5,3,5,4,0,-4,-4,3,5,-5,4,-2,-2,-5,-1,0,4,-3,3,-1,2,0,-1.9147
252,3,0,-4,5,3,3,1,5,0,1,-5,1,-1,-4,-1,3,-2,-3,3,5,-4,-5,0,-5,-4,-3,1,1,3,-2,-1,2,0,5,5,-3,-5,-4,-5,-1,5,-3,4,-1,-2,2,2,4,2,0,0,3,0,-4,4,-4,3,-2,-4,1,34.1694
253,5,-1,4,3,4,2,3,3,-5,5,4,-1,5,-1,-1,0,4,-2,-3,1,-5,-5,-1,-4,-4,1,-2,2,1,5,0,-2,4,2,-5,0,4,-2,2,0,-4,-3,-1,-2,5,2,1,1,-2,5,3,0,-2,-5,-3,-3,-5,-2,1,1,-19.2144
254,-4,1,4,-1,-1,-3,-5,-1,-4,0,-1,-4,-2,5,3,-5,4,2,5,-4,1,-4,5,0,2,5,1,0,5,4,-2,-1,-4,0,-3,-3,5,-2,-2,1,2,-4,-2,5,-1,4,-2,-4,1,2,-2,-3,-4,5,-5,-4,-3,1,-1,2,12.1265
255,4,-2,-1,2,-5,-1,-3,3,-3,5,-3,-4,-4,-1,3,-5,3,0,4,-2,-4,-4,0,5,-2,2,2,-1,3,4,3,-1,1,4,0,0,-1,-5,1,5,-5,-3,-1,4,3,4,4,3,-4,-5,1,-5,3,2,-4,-3,-4,5,-3,0,64.4355
256,2,3,-5,2,-4,4,1,4,-4,3,1,-3,3,-5,-2,4,2,5,3,5,1,-2,-4,2,3,-4,1,2,2,-4,1,-4,-5,4,-2,-4,0,-2,4,-4,-4,3,5,-2,4,-1,-4,-1,4,-5,-4,0,2,0,-5,-4,3,5,-5,0,54.5376
257,-4,1,-3,4,-2,-1,-2,-5,4,5,4,4,-2,3,0,-3,4,0,4,1,5,-5,-2,4,2,0,-5,-3,-4,-3,-1,-1,-1,2,3,-3,3,2,1,-3,1,-1,2,-5,-2,-5,-3,5,-5,-5,5,-3,1,0,-1,4,1,5,4,-2,4.8714
258,-4,-1,-1,5,0,-5,-1,1,4,-3,2,-5,5,2,5,2,-2,-1,-3,3,5,5,-1,0,-1,2,1,-1,2,3,1,1,-3,-3,1,-1,1,-3,-4,5,-4,-3,2,1,2,-1,1,4,-3,3,-2,1,1,4,-3,5,-2,2,-3,0,55.7787
259,-4,1,-5,5,3,0,5,5,-4,-2,-5,-2,4,-5,-1,0,5,1,4,5,0,-1,4,-5,-3,2,4,4,-4,4,3,-3,1,0,-4,5,4,-5,2,3,4,2,3,4,2,1,-2,-5,2,-5,-3,-1,2,0,5,-4,2,-3,2,1,-73.0755
260,-4,-4,-3,2,-1,5,4,2,2,3,-1,-4,-2,3,5,4,0,-2,-2,3,-4,-3,-4,3,2,2,-3,0,-4,0,-2,-5,-2,2,0,3,0,-5,3,4,3,3,-2,3,-1,5,-1,4,5,-3,-3,3,1,5,-5,3,0,5,3,-4,129.0505
261,-3,-1,1,0,5,3,-5,5,1,5,-4,0,1,1,-4,-1,-1,-3,3,3,0,1,4,-3,4,-3,-3,5,4,-5,1,3,4,3,0,2,-5,5,4,2,-4,-2,-4,-2,-5,-4,1,-3,-5,-1,-5,-4,0,-5,-1,-5,-5,4,-2,-4,-0.2395
262,-2,2,-4,3,-4,4,4,-1,0,-4,5,4,0,4,3,-2,3,5,-5,4,-3,5,-5,-1,-1,-3,4,-2,0,2,-4,1,-3,1,0,0,1,-2,-3,-1,-5,0,2,1,-3,4,-5,-5,-4,4,-1,5,0,2,0,1,1,4,-2,0,146.5057
263,-3,3,-4,1,-3,-3,2,3,-2,-5,5,1,2,2,4,5,-2,-1,-5,0,5,-2,0,-5,-1,-2,0,3,3,-1,1,-1,-1,5,4,-2,-3,-5,4,1,2,5,-2,-4,5,3,-5,-3,-5,-3,-3,5,-3,-3,-1,1,-2,4,3,4,16.9917
264,0,4,-3,1,4,2,-2,3,-4,-3,3,3,1,3,-2,4,2,5,1,5,-2,-1,1,-4,5,4,4,-5,-4,-2,5,5,1,-5,5,-2,-4,5,-2,0,3,-3,-1,-5,-5,-4,-5,5,4,3,3,3,-1,-1,4,-1,1,1,-2,1,25.8688
265,0,1,4,-5,-2,3,5,-5,3,1,-1,2,-2,-5,-5,-1,2,3,-3,-1,-2,1,5,-4,4,0,-5,-4,4,4,-1,4,-5,-1,-1,3,-4,1,1,0,2,-2,1,2,3,-4,3,-2,-4,4,0,0,4,-4,-2,-4,-1,-4,-5,5,7.548
266,1,-2,3,-2,3,-4,5,-3,2,-2,0,1,-2,-2,-1,0,3,4,-4,4,0,-1,-1,-2,-4,-3,-3,2,2,4,-4,-1,-5,2,4,3,5,2,0,-3,-2,-1,4,-4,1,5,-5,3,-2,3,5,1,-4,5,1,-5,2,0,-5,5,88.5774
267,-3,-1,-2,5,-3,-4,4,-4,2,-5,-2,4,-3,3,-4,-1,3,-1,-2,1,-5,-2,-1,-2,-3,5,4,-3,0,3,-5,4,1,0,-1,-1,0,0,-5,-5,-3,2,-4,3,-5,0,-2,2,0,3,-2,-2,-3,0,4,-4,2,-1,5,-5,60.3577
268,0,5,1,-4,-3,2,2,4,0,4,3,2,-2,-1,2,-5,1,-3,1,-4,1,4,4,-2,2,2,-4,0,-4,-1,-2,4,4,-4,1,-3,2,1,-3,-1,1,2,5,3,0,-4,-3,2,2,-5,1,-1,-3,1,1,-5,-5,2,5,5,-0.6764
269,4,2,0,-3,5,3,-2,-2,5,2,1,-1,2,-5,-2,-4,3,-1,3,1,1,2,0,3,2,-4,2,-3,5,4,2,-3,1,5,-1,-3,2,-1,-3,-4,4,-5,-4,-2,4,-2,-3,-2,3,5,-5,-1,-2,-3,-5,4,3,0,5,5,-78.3999
270,-2,-3,5,-5,-3,4,-4,1,1,3,4,3,0,3,-4,5,1,-5,4,2,-4,4,-4,-4,3,1,0,0,-2,-3,2,5,1,5,-2,-3,-5,3,0,-3,3,2,1,-1,1,4,3,0,-1,3,0,4,4,-3,2,3,-1,3,-1,0,1.3622
271,2,-4,0,-2,3,-3,4,0,-1,-2,4,1,1,5,0,-2,3,0,-4,0,4,0,3,1,3,1,-5,0,-5,-1,-4,2,4,-3,-3,-2,-2,-5,1,-5,1,2,2,1,5,-2,-3,4,-4,-5,-4,0,4,-1,-4,2,-5,-5,1,-4,-70.5401
272,-4,-3,1,-2,5,1,2,1,-5,-5,0,-5,4,-1,-5,-5,-3,-3,2,-4,1,4,-1,2,-3,-4,4,-1,-3,-4,1,3,-3,5,1,2,-5,1,-2,3,-2,-2,-4,-2,3,-5,5,-2,-3,3,-1,1,0,-5,3,5,-3,5,1,-4,-80.7616
273,5,-3,-3,-5,-4,-5,1,5,-4,5,-5,-3,2,1,-4,4,1,0,5,-4,-4,0,2,2,-1,4,-3,4,-3,5,3,5,3,-2,-5,-5,1,2,4,5,-5,0,-5,1,-2,-1,5,0,3,-3,3,5,-5,-2,1,0,2,5,-1,2,38.9699
274,0,-3,2,-3,4,5,-4,2,-1,-3,3,-5,4,3,1,2,2,-5,0,2,-4,1,5,-1,-3,5,3,-1,2,4,-4,3,-5,-4,-3,5,-5,4,4,2,3,4,2,-3,2,-4,3,2,-1,4,4,0,3,-1,-3,-1,-4,-1,-1,1,-35.0936
275,-3,-4,-1,5,0,-4,1,2,4,2,-3,0,5,0,-1,-3,2,2,-5,3,4,3,0,3,0,1,-5,1,-2,-5,-3,1,2,-4,4,-2,1,-1,3,1,-4,-1,2,5,2,1,-3,-2,4,-4,2,2,-4,2,5,2,2,4,-4,-4,23.3394
276,-2,2,2,-5,0,-2,4,0,2,-1,0,-5,2,4,-5,5,2,-4,3,-3,3,4,3,0,2,2,-4,-3,0,4,-4,3,-4,-3,1,-3,-2,-5,2,1,-4,-4,1,3,-1,4,3,2,5,4,0,2,3,5,-4,4,-5,2,2,2,18.9985
277,2,0,1,-1,-1,-3,5,3,3,-1,-2,-5,-2,-5,-4,-3,-4,3,2,-3,2,-3,-5,4,2,-4,5,-5,5,-5,3,1,2,-5,-2,4,5,-1,-4,-3,-2,0,0,5,2,-4,-2,0,-3,-3,-4,3,-1,-5,-2,1,-2,4,1,-4,-87.8727
278,4,4,-5,-4,5,-4,-2,2,-2,-2,4,-4,-4,-2,-1,3,-2,4,2,5,1,3,1,4,-2,5,-3,-1,-4,-5,4,0,5,3,0,-1,-4,3,-1,1,1,-3,-1,5,-1,2,0,-1,4,4,-3,4,-4,-3,-3,2,2,4,-1,-5,63.684
279,-4,5,-3,-3,2,-1,1,5,4,-2,3,3,5,-4,5,5,-2,5,4,-3,0,-3,-4,-3,0,0,0,-5,4,-3,4,1,3,2,3,4,-1,1,2,0,-3,3,3,-2,3,-1,-5,4,1,3,2,1,1,-5,5,2,-5,4,-1,3,-33.1486
280,4,-5,-4,-5,0,-1,3,-4,1,-3,-3,-1,5,-4,-3,0,-3,-1,0,5,-5,-3,2,0,-3,1,-5,0,-1,4,-4,-5,-1,-2,-2,2,5,3,3,-1,-1,3,-4,5,3,2,-5,2,5,1,2,5,-3,0,3,0,-1,3,-3,4,29.2275
281,5,3,3,-3,3,-3,0,5,-5,5,2,-1,-1,2,5,5,-1,0,-4,5,-2,3,5,-2,3,2,-4,-2,5,-1,3,5,1,-1,-2,-5,3,4,-3,0,-1,0,-5,4,3,-3,2,-1,3,-2,2,5,5,-3,2,5,4,2,3,0,-13.9646
282,-4,5,-2,2,-4,2,2,-5,2,3,-5,-1,1,-1,-1,4,3,0,1,-5,0,4,3,0,4,-5,5,5,-3,5,-5,-5,-4,2,-2,-3,0,-3,4,5,-2,2,-3,1,-1,-2,-2,-1,-2,-4,5,-1,2,3,-5,4,0,3,-5,-5,31.4256
283,4,1,0,-3,2,5,-2,-3,-3,-5,-1,0,-3,-5,-4,4,4,4,-1,-2,5,3,-4,2,5,4,-2,-5,-3,-2,0,-3,-3,3,-1,-2,-3,3,3,3,-4,-5,1,1,0,-4,3,-1,1,-4,3,-3,-2,-3,-3,-1,3,1,4,5,31.6627
284,-5,-1,-5,4,-4,-1,-3,2,-4,-4,2,-2,5,4,3,-5,-3,4,-5,-5,3,3,-2,5,1,-5,0,-1,1,-1,-5,0,-1,3,1,5,3,2,-5,3,-1,2,-2,-2,-3,1,-4,5,2,-5,4,5,-3,3,2,-2,3,-5,5,5,92.8359
285,3,1,-4,-5,2,4,0,-2,5,1,-1,3,0,1,1,1,5,-1,-1,-5,2,-1,-5,1,2,3,-2,1,-5,-3,-5,3,-5,-5,-5,1,-5,-3,-4,-4,4,2,-3,1,4,-1,4,-5,5,1,0,3,1,0,0,1,-2,-1,0,0,-29.2101
286,5,-1,-3,-5,4,-4,4,2,-2,0,-4,3,-4,3,-4,4,-3,4,1,-1,-4,5,2,-4,5,2,-3,5,-1,5,-3,-5,-5,3,-4,-2,3,4,-1,-4,-5,4,-3,-4,3,-4,0,-2,-5,1,2,-1,-2,2,-1,-3,-1,0,0,-2,42.6709
287,3,-4,2,-4,1,1,-1,-5,1,-4,-1,3,-2,0,5,-1,3,4,-2,0,3,3,1,2,2,0,-1,3,2,-1,-3,2,1,-2,1,1,-4,1,1,3,0,2,3,-5,0,2,1,3,4,2,-2,3,5,5,-4,3,-3,-3,-2,3,41.4714
288,-4,-1,-5,-4,-1,-5,2,-5,2,1,2,1,-5,-2,-1,5,-4,-5,-2,-5,-2,3,1,4,-4,0,0,-1,-1,-5,-5,0,-4,-4,-3,-1,4,-3,-2,0,4,2,-2,-5,-5,4,-5,-1,1,-2,-5,3,0,-4,0,-5,5,-3,2,1,0.7926
289,-3,0,-5,1,-3,4,-4,-1,-2,-5,0,2,1,5,-4,5,-1,0,-1,-4,1,1,-2,2,5,0,-2,3,4,-5,1,-4,-3,4,1,0,-1,-1,-4,-4,5,-3,1,5,0,-3,-1,0,-1,0,-3,-2,3,4,-4,-3,4,-4,-2,-1,33.2052
290,-4,-1,-5,-5,-2,-5,4,2,0,3,2,0,-4,-1,-3,-1,-3,5,-3,-5,-5,-1,-5,-4,-2,1,5,-4,-3,5,-2,-2,0,4,-4,-1,0,4,-5,0,-5,-1,3,-3,2,2,5,-2,5,-5,-4,-2,-5,4,0,-1,4,-4,-1,-4,39.3237
291,0,-2,2,4,2,3,5,-5,5,-1,2,-1,2,-1,-4,-4,2,-4,-1,-3,4,0,1,1,-3,-3,0,0,-4,-1,5,-5,-1,-2,-5,2,3,2,1,-3,1,2,-1,-2,1,3,-4,2,4,4,0,5,-2,-5,-2,-5,2,-2,4,1,-67.1845
292,5,-2,-1,5,-1,-4,1,2,-5,2,0,-1,3,-1,5,5,4,3,3,-1,1,-2,5,2,5,-3,-5,1,-5,-2,-3,1,-2,2,-4,3,-3,0,-4,4,-3,-4,3,0,-5,1,4,3,5,4,2,-5,2,-3,-2,5,2,-4,0,-1,19.3346
293,-5,1,0,2,-4,-5,2,-1,4,-3,4,-2,-3,0,5,5,2,0,-4,4,4,2,3,2,4,-5,-5,2,5,4,-2,-3,4,3,-5,-3,-1,1,3,-2,1,2,-3,3,4,4,-5,-4,-1,5,4,-1,-4,4,3,-5,-3,0,1,1,7.7708
294,5,3,-2,0,-3,-1,5,-3,2,2,-5,5,-1,-5,-5,1,3,1,1,2,1,0,3,-4,-5,2,3,-4,-4,-5,3,5,-1,4,4,4,1,-4,-1,-5,2,5,3,-4,-3,-2,-4,1,0,5,1,1,4,0,-1,-5,-5,-5,-2,1,36.1996
295,-2,3,3,0,-5,4,4,-5,-5,0,0,-1,-1,5,-5,3,0,-1,-1,-1,-3,-3,-2,-1,-1,-4,-1,-5,-3,-1,-2,-5,4,-5,-5,5,5,3,-2,1,0,5,3,-5,4,0,5,5,-4,5,-2,2,-1,2,-5,-1,-3,0,3,-5,17.7906
296,3,3,1,-3,4,1,1,3,1,3,5,1,4,5,3,1,4,0,-2,-5,3,-3,-5,3,-1,-3,0,4,0,-1,-1,-4,1,-4,3,3,-4,-5,4,0,4,-2,4,-3,5,-2,-4,-1,-3,4,4,0,-4,5,1,-2,4,-2,-2,0,-98.987
297,4,4,-2,-2,-1,-5,3,-1,-3,-2,-2,3,5,-3,-3,1,-3,-5,1,-4,3,5,2,-2,-5,3,5,5,2,-2,-1,-2,-3,-5,2,-3,-5,3,5,0,3,0,-4,3,3,2,-1,4,4,3,-4,-1,-5,2,1,-4,-1,4,-5,0,-7.0509
298,-5,-4,4,-4,-4,5,0,-5,4,-3,-1,0,3,-5,2,-5,-4,-4,4,-3,-5,-1,2,5,4,-3,1,-4,3,-5,3,5,-4,5,4,3,2,-3,0,-3,5,-4,5,-5,1,-3,0,5,3,2,3,-5,-4,1,-2,-4,-2,-1,1,4,-69.6007
299,-1,4,-2,0,-5,1,2,-1,4,-3,-3,-5,3,-3,0,-5,0,-1,-5,1,-5,3,3,-4,3,-1,-4,1,0,-3,3,2,-4,4,-1,3,-2,4,-3,-5,2,2,-3,3,1,-2,3,4,1,5,-1,0,-4,-3,0,3,5,2,-3,-5,29.5339
300,-5,4,-5,0,0,-4,1,-4,1,-3,3,2,0,-3,2,-5,2,-2,-5,-2,3,3,4,4,3,2,-5,0,3,-4,1,-5,-3,2,-1,0,0,-1,-4,-1,-4,-5,1,4,-5,0,-2,-4,4,5,5,-5,3,0,-4,3,5,-3,1,2,2.7124
301,0,5,3,-3,-3,4,-3,-2,-4,-2,1,-1,-4,-3,-1,5,-5,4,2,-3,4,-2,5,2,-5,5,0,3,-4,4,3,0,1,-5,-3,-1,2,-2,4,4,-5,-3,-1,3,0,0,3,3,-2,-2,2,-4,0,1,-1,0,1,-1,1,-4,40.936
302,2,-5,5,5,5,4,-1,2,-2,0,3,-1,4,2,2,1,-3,3,1,1,-1,-1,5,1,5,5,-1,-2,5,-4,2,-3,-1,1,4,1,-1,3,2,4,-3,2,3,0,-5,3,3,-5,-3,-3,-1,1,3,4,0,3,1,4,1,-4,-15.4896
303,5,1,-1,2,0,-5,4,1,-5,5,-4,-2,-2,-4,-3,3,-1,4,-5,3,-4,2,5,0,4,5,4,0,2,-4,3,1,-2,-4,-1,1,0,-1,-3,-5,2,2,-2,-5,3,-5,1,-4,5,2,2,-4,4,1,3,4,3,3,4,5,-51.883
304,4,-1,-5,-2,3,5,-3,5,-4,-2,-3,-1,5,-5,3,4,-5,2,2,4,2,1,5,4,1,2,1,3,-4,-4,-3,-1,-1,0,2,2,0,5,-1,1,-3,-4,-1,0,-5,-5,-5,-3,1,0,-4,-1,-3,0,-1,4,-4,1,0,1,85.3461
305,5,1,-5,5,5,-4,1,-1,-4,-5,-2,5,0,-4,-5,-5,3,5,5,2,5,-4,2,2,4,1,-3,-1,-5,2,1,-1,3,4,3,3,5,4,-2,-2,-1,4,5,-5,5,5,2,-3,-1,-2,4,2,5,-3,-1,-5,-2,-3,1,-3,-52.2399
306,1,5,1,-4,-2,1,-5,-4,3,-4,5,-2,4,5,0,-5,-5,-2,-4,0,-1,4,-3,2,4,-2,5,4,0,-1,-1,-4,-3,1,0,2,1,-2,2,-5,2,-2,1,-3,-3,3,-3,-2,1,-4,5,-1,-5,-2,3,-4,0,-1,5,1,-97.1047
307,2,-4,-4,-2,-3,2,3,0,5,-4,3,-5,2,1,-2,2,4,-2,0,3,-3,3,-1,-4,0,-1,-4,1,1,2,-3,-2,4,-5,3,-2,-4,-1,3,2,-5,-2,-4,-2,-4,-3,4,-4,1,-3,-2,-5,2,2,2,-3,-1,-3,3,-5,-97.7089
308,5,-1,2,-5,1,-5,0,3,-2,-3,-2,2,4,-2,4,1,-5,-5,3,2,4,4,5,-2,-1,-4,3,3,5,4,-4,-4,-2,-3,-5,-3,-2,3,-2,-4,-5,-3,-5,3,-1,-2,4,-3,-5,5,-1,1,2,1,-5,4,5,4,1,-1,-60.7926
309,-4,-3,-4,-4,-2,-4,4,2,-3,0,2,5,1,0,3,-3,1,-4,-3,0,5,5,-4,-2,-1,5,-4,1,1,1,2,-4,3,-1,5,5,2,-4,-4,3,2,0,-5,-3,2,-4,-1,0,5,-2,-3,1,5,0,-4,-3,1,0,2,-4,-19.9519
310,-3,2,2,5,-4,5,4,1,1,-4,2,-2,-3,1,4,-2,1,-3,4,1,1,0,4,-1,3,-5,0,-1,4,-4,-4,4,-5,4,-5,1,-3,2,1,3,-1,-4,2,5,-1,1,4,2,-1,3,-1,0,4,-2,-2,1,5,1,3,5,38.5794
311,2,0,-3,-1,1,-2,3,-1,-1,5,2,0,-3,0,5,-2,-1,-5,3,1,1,-2,5,5,0,5,-4,-3,2,-1,-3,4,1,5,2,-1,2,-4,2,-3,-2,-3,-2,3,0,5,2,0,1,-4,-1,-5,-3,0,5,3,2,-1,5,5,5.3099
312,-5,5,-2,4,5,-1,-4,5,-5,3,-1,5,-5,2,-5,3,4,5,-2,5,-1,2,1,3,4,0,-5,0,5,5,2,-2,4,1,-4,5,-4,-5,-1,4,-3,5,-5,2,-5,4,-5,4,-1,2,-1,1,3,-5,3,-2,2,-1,1,1,158.4616
313,2,4,1,-2,2,3,4,-3,3,0,-1,3,3,0,0,-4,1,-5,-1,2,-3,4,0,-4,3,4,-2,-5,-5,2,-4,0,-1,2,3,4,-2,3,5,-5,2,-5,-5,3,-4,0,-5,3,-5,-5,0,-1,0,2,5,4,4,-5,-4,0,14.135
314,0,-4,-2,-1,2,-5,2,-1,-5,0,5,5,3,5,-4,2,-1,1,-2,3,-4,1,-2,1,1,0,-1,3,5,-3,0,1,-3,2,2,5,-5,-1,1,-5,-4,0,4,4,-4,-5,0,5,5,1,-4,5,-5,-2,5,2,-4,2,-4,-2,54.7162
315,3,0,4,1,1,3,1,3,0,1,5,-2,-4,4,0,3,3,-2,4,3,-5,-2,1,4,-3,2,3,2,-1,0,-5,-3,-1,-3,5,3,0,3,0,2,5,2,-1,3,2,-5,-2,5,-2,-5,3,5,3,-2,1,-5,-2,-1,4,-5,-29.3566
316,-1,-1,-1,0,-5,5,1,-1,-2,-3,4,-4,-3,0,1,-5,-1,-3,-4,-5,0,1,-2,-4,3,5,2,0,-5,0,-1,-3,-1,2,-5,3,5,1,0,4,-5,-4,4,3,-5,2,3,4,-1,-2,-3,0,-2,0,-1,4,-5,4,1,4,85.3335
317,-2,-1,-5,2,1,4,-1,-5,2,-3,-4,4,-3,-1,-5,1,1,2,-2,1,4,2,0,5,-2,-3,-4,4,-2,5,-4,0,1,-5,5,4,-4,4,1,-4,0,-1,0,-4,-5,5,-5,0,-5,2,-3,1,1,-1,-4,-2,1,-2,-3,-3,128.0522
318,2,3,4,2,-5,0,5,-3,2,1,2,3,5,1,-5,-2,1,4,4,-1,3,-4,4,-3,-1,4,-3,-2,-4,-3,4,5,5,4,3,-1,3,-5,1,-1,0,4,-2,-3,-5,-4,0,-2,-3,-1,2,1,-3,0,-5,-3,4,2,0,5,3.3518
319,0,-2,-2,4,-2,4,1,-2,-2,4,-3,3,-4,5,-4,2,-1,4,2,4,3,-4,3,4,-3,1,1,-2,3,-3,-4,-3,-5,3,4,-1,-2,-3,-2,3,0,0,-1,-2,-1,3,-1,-2,5,1,-3,-2,-4,-5,5,-1,0,-4,5,-3,85.4202
320,-1,-2,-5,3,2,1,0,5,-1,-1,0,0,2,-5,0,-5,2,5,2,-4,1,4,3,-3,5,-5,1,2,5,5,-1,0,-2,-4,4,4,-3,4,0,-1,-3,3,3,-1,-2,4,3,-2,-4,0,-4,0,-3,-4,-1,-3,5,3,5,2,-10.5433
321,4,-4,4,5,-5,3,-4,5,0,5,-4,5,1,3,4,-2,5,2,-3,1,2,2,-1,-4,2,3,1,-5,0,4,-2,-3,-1,0,-3,-5,0,4,4,2,5,-2,-1,2,-5,3,5,-4,-2,0,4,-5,-3,2,5,4,-3,2,3,2,20.3223
322,-2,1,5,2,4,2,-3,-1,1,-5,0,0,-5,0,2,1,1,-5,-1,-2,-4,4,-2,-1,-2,-2,1,-5,-5,-3,1,-5,-3,-5,5,0,0,5,-3,0,5,1,3,0,-3,-5,-2,-3,2,-2,-1,3,-4,-5,2,-2,4,4,1,5,-52.7521
323,5,1,-3,4,5,-2,1,-1,3,-2,0,-4,-1,-4,-2,2,-2,3,-4,0,-4,-2,-1,-1,5,2,-3,5,-1,4,0,0,5,5,0,-3,-3,0,1,3,-1,4,-3,5,1,5,5,-3,-4,-4,-1,-1,-3,-2,5,-2,5,-2,-5,-5,-5.9059
324,3,-4,0,0,5,0,5,5,2,4,5,-1,-3,-2,-2,-4,-5,-5,0,5,-3,-5,4,-3,0,-3,2,4,-3,-1,-4,2,-2,2,2,-2,-5,-1,-3,0,5,1,2,-1,2,2,-5,-2,4,0,-4,-2,-5,1,-1,0,-5,3,-2,0,17.5204
325,-4,-5,-4,-3,2,-1,1,-3,-3,3,-4,-1,-5,-5,4,-2,-1,5,0,-1,2,5,5,-3,5,-2,-4,5,1,-5,3,0,-1,2,0,-2,0,2,-4,1,2,3,-1,2,4,-3,0,4,-5,1,3,5,3,1,3,1,-4,5,-5,-2,28.9167
326,2,-5,2,4,-1,5,5,-1,2,-3,-4,-5,-5,5,5,-3,-2,3,5,-5,-5,1,0,5,-4,-5,-4,5,-5,-3,-1,0,5,-1,-5,5,-3,4,5,-5,-4,3,0,-2,2,2,-4,-2,-1,-5,-2,-1,3,-5,-4,5,-2,5,-3,-3,7.6218
327,4,-3,0,2,-5,-1,2,-4,1,0,1,1,5,-5,3,4,5,3,1,2,-2,1,3,-3,-5,1,0,5,-2,-2,1,-2,3,-2,-5,1,-3,0,2,4,4,-1,3,0,4,5,-3,1,-1,5,4,-2,-1,1,3,5,-4,1,-2,0,-12.6744
328,3,5,-2,-2,1,-2,0,-5,5,-5,-2,1,2,1,2,2,-1,2,-1,4,-2,1,1,2,-3,-1,-4,1,-2,1,-3,1,2,-2,-2,3,-3,-4,-4,-2,-3,-1,4,-5,3,-1,5,4,5,-3,1,-2,2,-4,-4,3,1,4,5,4,6.0294
329,4,4,2,3,-1,-1,4,3,-2,-3,5,-3,5,2,-2,2,-2,-4,-1,-4,-3,1,-3,-2,2,3,0,-5,5,1,-5,4,1,4,4,-5,3,3,-2,-2,3,-1,5,0,-2,-2,3,4,5,5,-2,2,-4,4,-4,-4,-5,-2,-4,5,32.2511
330,0,1,4,-4,-5,5,5,2,2,5,-4,4,-2,4,1,0,-1,-4,0,3,-5,-5,3,1,4,5,4,3,3,4,3,-1,0,0,-5,3,3,5,-3,-1,0,-1,-4,4,-1,-4,4,-4,-1,-5,2,4,4,-3,-3,-3,-1,1,0,5,33.5857
331,2,5,-5,-3,3,1,5,-1,-4,1,-5,2,-5,-4,-1,-1,2,5,-5,3,2,-3,4,-3,0,2,-3,1,3,3,5,0,2,3,-1,5,-1,-1,-4,-1,3,0,-5,-3,-5,5,1,-2,0,-5,0,-3,4,3,1,-1,1,-4,5,0,53.8259
332,0,4,1,-3,-4,5,-5,1,0,1,-2,4,5,1,-4,-4,-2,5,1,1,-3,-4,4,2,-3,0,-3,5,-1,4,3,1,4,2,3,5,5,-5,-3,-1,4,4,4,-4,2,-1,4,-1,-3,1,5,5,1,4,1,1,-5,-3,-5,-4,19.7405
333,-4,5,-3,-5,-2,-1,3,3,-2,1,4,0,-2,-3,-3,2,-5,5,-5,0,-3,-2,4,-1,-2,-4,0,-3,4,-5,4,5,-4,2,5,-3,1,2,-5,2,1,3,4,0,-4,-2,2,3,-5,-4,-2,-3,-5,-5,-1,-3,3,-2,3,3,57.1835
334,-5,2,4,3,5,3,-5,0,3,-1,2,1,2,2,1,-3,-2,-1,-3,0,2,-4,-2,0,-1,1,-4,0,4,4,2,0,2,2,-3,-2,-3,5,-1,4,5,4,2,2,-4,-1,-5,5,-2,4,1,-3,2,3,-2,-5,1,5,-1,3,86.6025
335,-5,4,-4,2,2,2,-4,-2,5,-5,5,0,3,-4,-2,-5,0,1,2,0,-2,0,-2,2,0,4,2,3,2,1,3,-4,0,1,3,-1,4,-2,3,5,-4,-3,-4,-5,-4,-3,-5,3,1,5,-5,2,5,-1,-2,2,4,4,5,4,15.4327
336,-3,-5,-3,1,-2,2,1,-1,-1,5,4,1,-5,3,2,1,-4,5,2,1,4,5,-5,-5,2,-3,-1,3,-2,2,1,4,2,0,-1,1,5,5,-5,1,-4,-3,-5,5,0,0,3,-4,3,0,1,3,3,-2,-2,0,-4,3,-1,-3,75.4871
337,-1,-2,1,-3,0,4,5,2,5,2,5,-3,0,-4,1,1,1,4,2,-1,-5,5,5,-5,3,2,-2,0,0,-1,-3,4,1,1,-1,-3,-1,1,2,-1,5,4,-1,-4,-5,3,2,-4,0,2,-3,-2,-5,4,0,1,-1,2,0,-5,-25.6487
338,5,-2,5,-2,5,-3,0,-5,-4,-5,2,-4,4,1,4,5,-4,4,1,2,4,0,3,2,4,-3,1,3,-5,-2,-2,4,-3,5,-3,1,4,-5,-4,3,4,-4,3,-3,3,1,-3,-4,3,5,0,4,0,5,4,-4,4,-5,-4,2,-57.9993
339,0,5,5,0,-5,-3,3,3,4,5,3,3,2,1,0,-2,5,3,-1,-1,5,-1,-3,-1,-4,5,1,4,0,4,0,0,0,-1,2,-4,2,4,0,-1,-4,5,4,-1,-3,-5,-2,3,3,-2,-1,0,-3,-5,-5,4,0,5,3,5,63.0541
340,4,2,-1,-4,-1,2,-5,2,-3,-2,0,-3,0,-4,-3,1,2,-1,0,-1,2,2,2,2,0,0,-3,3,-2,2,-1,3,1,2,2,5,3,1,0,3,-4,4,-2,0,-2,0,3,2,4,-1,4,3,-3,0,-1,-4,3,1,-4,-1,61.4777
341,-4,-5,4,-2,5,0,-2,0,2,3,1,-5,4,-2,-5,1,2,3,1,-1,2,5,3,-4,3,-5,-1,4,1,2,4,-4,-4,1,4,-2,-5,2,-5,-1,-4,3,-4,-3,4,-3,-5,-4,3,-4,4,-1,0,-2,5,-4,0,-2,-2,3,-96.5433
342,5,5,-1,1,3,-3,-2,4,-2,-5,-2,0,1,0,0,1,-2,3,0,3,4,-5,-2,-5,5,-2,-2,3,-4,0,-1,0,-3,-5,1,4,2,3,4,-3,-2,-4,4,2,-4,1,5,4,-2,2,-4,2,-1,3,-1,-2,1,-3,1,2,9.1784
343,-5,5,-2,-4,1,4,0,4,0,-5,-2,-5,5,2,-2,2,-1,5,4,-2,3,1,-2,3,3,-2,-5,-1,4,2,1,3,4,-2,1,3,0,-2,-2,5,-2,5,2,4,-4,-1,4,0,0,5,0,2,0,4,-5,1,2,0,5,1,39.2116
344,4,0,0,2,2,-4,-5,1,-1,-4,-5,4,0,5,5,-3,4,-4,-1,1,-3,-2,-3,-4,4,2,1,-1,-2,0,-5,5,0,-4,2,-2,0,3,0,-4,-1,-3,-2,-4,2,0,4,0,-1,4,2,2,1,5,-4,5,0,5,-2,-4,-9.2079
345,1,-4,1,1,-5,-4,-5,-4,-1,2,2,5,-5,-1,2,3,2,-2,-5,-2,-3,3,1,4,2,3,1,3,-3,-1,-4,-5,0,3,3,-4,-4,-3,-2,0,-3,5,3,2,-5,-4,-4,4,-4,1,5,-5,0,0,0,3,0,1,2,-5,57.999
346,-4,-1,4,-1,5,2,1,5,2,4,-1,3,-5,5,1,0,5,4,4,-3,-2,-3,1,1,4,-3,-3,-1,1,1,0,0,-1,2,5,1,3,-1,5,-5,-2,2,-3,3,4,-3,3,-3,-4,2,0,4,-5,3,0,1,1,-2,4,0,-30.8836
347,5,-2,4,-4,-2,5,5,5,3,1,1,0,-1,2,3,-2,-3,4,3,-5,1,-4,-4,4,4,2,4,-1,5,0,2,-2,-1,-2,-2,3,-2,-5,1,-1,-4,2,0,-3,-3,1,1,-5,2,-3,-3,-3,-2,-4,-1,4,2,1,3,1,-65.3681
348,-5,-5,-3,1,-2,3,1,-2,-4,1,4,-5,0,3,5,-3,2,-1,-2,5,2,-4,-5,-1,-5,-1,5,-4,-3,-2,1,0,-5,-1,2,-5,0,4,-1,2,-2,-1,5,3,5,0,-2,4,-5,-3,-4,-2,2,-5,-3,3,5,3,-5,-5,29.9537
349,3,-5,5,-2,-1,4,4,-5,-4,-1,-1,1,-3,-5,-5,-3,5,0,5,0,5,0,5,-4,-2,-4,0,4,4,3,-1,-2,2,3,-3,1,-3,1,1,-3,-4,-3,-5,-2,-2,0,-3,1,4,-1,4,1,2,5,-4,3,-1,3,-5,5,31.6453
350,0,-4,-4,0,2,-4,-3,-5,1,-4,3,-5,4,-4,2,4,0,2,2,-3,-2,5,-3,3,-5,4,2,-4,5,-1,5,-4,2,-3,1,-5,0,-1,0,4,-1,-2,0,-4,1,4,-4,-5,1,3,2,-1,3,-3,0,1,0,-4,4,2,-112.5672
351,0,-3,5,-5,1,5,-4,0,-2,5,5,-4,-1,-1,-5,3,0,-3,3,1,-5,0,-4,-4,-3,-1,2,0,-1,4,-5,-4,0,-3,-3,5,3,0,4,3,-1,-4,3,3,3,4,-2,-3,-4,4,-3,5,-4,3,-3,5,0,-1,4,5,31.9505
352,-2,5,4,-3,-5,1,5,4,-4,5,2,0,4,-1,-2,1,3,3,4,3,-4,5,-4,5,-1,3,2,1,4,0,-5,-2,-1,3,-4,5,-2,2,5,-5,2,-5,5,3,-5,2,-1,-1,2,-2,5,0,-2,5,3,1,-1,1,2,-4,35.2982
353,4,-1,4,-2,1,3,-3,5,2,4,-3,1,4,-5,4,5,0,-3,5,2,-5,4,-2,0,-1,-2,-2,1,-2,5,3,4,2,-3,-4,-4,-4,-5,5,-5,5,0,-1,-3,-1,0,-1,0,1,-3,-4,4,-1,-3,-2,2,2,1,-3,0,-38.0248
354,-5,-5,-4,-2,5,-5,3,1,-3,-1,5,5,-2,-4,4,4,3,-1,0,4,0,1,5,2,2,1,2,5,-2,-2,-3,-3,-3,-5,-5,0,3,4,-5,-5,-5,-5,-1,-1,4,-5,-5,-3,-4,-5,-5,3,2,1,-4,-2,-2,2,0,-2,-11.3938
355,-4,3,-5,3,1,2,0,5,-3,-5,-5,2,0,3,-5,-3,-1,4,-1,-2,-2,3,4,-2,-2,4,1,5,-2,-5,4,3,0,-2,-4,-4,2,4,0,-5,-4,3,-5,-3,3,0,2,5,4,-4,-4,5,-2,4,-4,5,3,1,-2,3,117.7133
356,-2,0,2,-1,-3,-5,5,1,1,-1,1,-5,-2,5,-1,2,-2,-4,2,1,4,-5,4,-1,1,2,-5,-2,-4,5,3,4,-4,5,-5,4,3,-5,3,-5,0,-2,5,0,-5,-3,0,-2,1,1,4,-5,-4,5,-4,3,3,-5,5,3,-8.9484
357,1,3,0,-3,1,3,2,3,-1,2,-4,-2,-4,2,3,-3,-2,4,-3,-1,5,-3,2,0,3,-3,2,5,2,0,-1,0,-2,-1,-5,4,-1,-5,4,3,5,4,-2,-5,-1,-1,-5,3,1,-5,0,4,0,-2,2,0,4,1,-2,-3,-0.8951
358,-3,-2,-1,5,-2,-1,-3,3,-5,1,-2,0,3,-5,-2,-1,1,-4,5,2,-5,-5,4,1,3,-4,4,1,-4,-1,-1,4,-3,5,-4,-3,2,2,4,-2,2,0,0,5,3,0,4,0,5,3,-2,5,-2,-3,-5,-5,4,5,5,-2,-15.383
359,-4,1,-3,3,-1,1,3,-1,-3,-3,-1,-5,-5,4,0,-4,-4,1,2,-5,2,4,3,0,5,3,-5,-3,2,-4,-5,2,-3,-3,2,4,0,-2,2,0,-4,-1,-3,3,5,-1,3,5,1,-1,0,5,-4,-4,0,3,-3,0,0,5,60.4578
360,-5,1,-5,5,-3,5,3,3,3,-5,-3,1,-4,-3,-2,-1,-3,3,-3,-3,-4,-4,-3,2,-5,4,-4,5,5,4,4,3,0,-3,2,-5,4,-3,5,2,4,-2,1,1,4,-3,0,-2,-3,5,2,4,2,-4,2,4,-3,3,-3,-5,22.5266
361,3,2,2,3,-5,-4,-2,-1,-4,0,0,-5,-5,1,-5,5,-1,-2,-2,-2,1,-3,3,-4,-1,-3,1,-3,5,5,3,1,1,-5,3,-5,3,3,0,-2,-2,5,-1,2,5,5,-4,2,-5,-5,5,-2,1,1,-1,-2,-4,1,3,2,-9.6995
362,-2,0,5,-1,4,1,-1,2,-2,4,-1,-1,-3,1,-3,3,-4,-3,1,5,4,4,5,-4,4,3,4,2,-1,5,-3,3,-2,2,1,1,-1,-1,1,2,1,3,-4,1,5,3,1,-2,-2,-2,1,-1,-3,-1,2,0,-3,3,2,1,28.1817
363,-3,-5,-1,-5,-2,-3,-2,1,-3,4,0,5,0,-3,2,-5,-3,-4,1,5,5,2,1,2,2,-1,1,2,2,4,-2,-1,2,4,-2,0,-2,-1,-4,-3,-5,-5,1,-4,-1,2,5,-2,-3,-5,-5,2,-3,4,0,-1,1,5,5,-2,28.6509
364,2,3,1,1,2,0,-1,0,1,2,-4,-3,2,0,1,-5,4,-2,1,5,-3,4,5,0,-2,-5,2,3,3,0,-4,-1,-2,-3,4,-4,5,-2,-1,5,4,4,4,2,-3,4,-3,1,-4,4,-2,1,-4,-1,0,-1,0,5,-1,3,18.3533
365,-2,-2,1,-5,-3,4,-3,-5,2,1,-2,0,-3,-5,5,0,3,-2,-3,-2,2,0,3,-3,0,2,1,-3,2,-5,4,3,-2,-2,3,0,3,-3,-1,-2,-5,4,1,0,-1,0,-2,-1,-4,1,-2,4,-5,-5,5,4,2,1,-4,-4,-18.8666
366,1,5,1,-5,3,0,3,-4,-1,-4,1,1,-3,-5,2,2,0,2,-3,-5,-5,-3,3,0,2,2,-2,1,4,-1,5,-4,-2,-3,2,-5,3,3,-5,1,2,-5,0,-5,-1,-3,-2,0,1,3,-2,2,2,-2,-5,2,5,4,2,2,-36.5298
367,-4,-5,0,4,3,3,-4,5,-2,1,0,0,-1,2,0,-5,-3,-5,1,-5,1,-5,2,0,2,-1,-1,-2,-3,5,-4,-4,-4,5,-5,0,4,0,-1,-1,-3,3,2,-4,2,2,-2,2,5,-4,0,-4,2,3,-1,-5,-5,3,4,-3,12.7158
368,-5,0,3,-1,-1,4,0,3,3,1,4,4,2,0,-3,5,-1,1,-2,2,-1,5,-2,1,3,2,-1,0,5,3,1,3,3,-2,-3,2,-2,2,-1,-1,-3,2,5,0,2,1,5,-3,0,5,5,-4,0,1,0,2,-2,4,-5,-4,29.4024
369,-1,0,1,-3,5,1,-5,-2,1,-4,2,2,1,-3,2,-1,-3,5,3,0,-2,2,5,0,1,2,3,-2,2,1,-1,1,-5,-2,0,0,5,1,5,-5,-2,2,-3,-3,2,0,3,0,1,4,5,0,0,0,-3,-2,-3,1,1,0,-60.1505
370,-3,5,3,-4,4,2,-5,0,3,-1,-4,-2,-1,2,-4,-1,-4,2,-5,1,-2,5,4,5,4,-3,0,-4,2,3,-1,4,3,-5,2,0,4,0,3,-5,-2,-3,-3,-1,2,1,0,-1,-4,2,0,5,-1,1,-3,4,-4,5,-5,4,40.3412
371,-1,-1,1,-2,4,2,3,-2,-5,-2,0,-1,4,-2,0,3,0,3,0,-5,-3,-3,0,-3,-5,-5,4,-2,-1,2,5,5,4,1,0,-5,-3,2,4,3,5,4,5,5,2,-4,-3,-3,2,-1,1,3,-3,1,-1,-1,0,1,5,3,-74.002
372,2,-1,-2,5,1,1,5,-4,-3,1,-4,3,5,0,-1,-2,-3,2,2,0,-2,-1,-5,-2,-5,5,4,2,1,3,0,1,-3,-2,4,3,4,3,-3,-4,-3,4,-5,4,-5,-3,3,4,0,0,3,-2,2,0,-3,-1,3,5,4,4,74.8672
373,-5,-2,-4,4,1,2,2,2,3,3,2,-1,-5,2,3,2,1,1,-1,1,4,-1,-3,-4,-1,-2,-5,-4,-4,-2,4,-5,1,-1,-4,-2,1,1,5,-4,-1,-2,-1,-5,-5,2,0,5,-3,-1,-5,4,1,-1,1,-2,5,5,5,0,25.9862
374,-1,-4,4,4,1,2,-5,-4,-3,-1,3,-2,-1,-5,-4,3,-2,4,-2,-1,-3,-3,-5,-3,1,-4,-5,5,2,5,2,5,5,2,2,-3,5,2,-5,-2,-2,2,5,0,-4,2,3,3,-5,-5,5,2,-1,0,3,5,5,3,2,0,25.8334
375,4,4,3,5,-3,3,0,1,-2,-4,5,2,-4,-2,4,1,2,0,4,-5,0,1,-4,4,-1,4,-5,1,-3,-1,-5,-2,3,-4,4,-2,4,1,-5,4,-3,-3,3,-1,-4,5,3,-2,1,-3,-4,2,0,-4,4,-4,4,2,5,-4,8.4746
376,-3,0,2,-1,4,1,2,-5,1,4,-5,-3,-1,-5,2,-1,-2,-4,-2,0,-5,-3,3,4,-4,-1,-1,-2,-1,2,-4,-1,1,2,-4,5,-4,1,5,1,4,-4,3,2,1,-1,-5,1,-3,3,4,2,-5,0,1,-1,1,3,5,-4,14.2822
377,0,0,4,0,0,4,1,-5,3,1,5,1,1,0,5,4,-1,-5,-3,0,-2,-2,-5,5,-4,4,0,-4,1,-4,4,2,4,3,-3,-3,-1,-5,-4,1,1,-1,3,0,4,-1,3,-2,4,-2,-4,-5,-2,-2,1,3,-5,-2,4,-1,-40.9107
378,-3,3,-1,-2,-2,-3,-5,3,2,3,1,0,-3,5,3,5,4,-5,4,-4,-3,5,-4,3,-2,-1,-1,-3,4,0,0,-1,-4,1,2,0,-4,-5,4,-3,1,1,5,-5,4,2,0,0,5,-5,-5,2,1,0,-5,-2,-1,-5,3,0,-29.2884
379,-4,2,-4,0,-1,4,-2,5,-3,-4,-2,5,4,2,0,4,-4,0,2,1,3,-1,5,3,2,5,3,-5,2,-5,-5,-2,2,4,4,3,4,-4,-2,-5,-2,-5,4,4,-5,4,1,0,2,5,0,5,-5,-2,3,-4,-3,4,5,-5,43.9944
380,3,-5,0,-5,3,0,5,0,5,-5,1,3,-4,3,-2,1,-5,4,4,4,-5,3,2,0,-5,2,5,4,-1,5,4,4,0,-1,2,2,-3,-2,2,-3,2,-3,4,5,5,5,-2,-3,-1,0,-2,-1,0,-4,-4,-5,2,5,-2,-1,-4.1702
381,1,-5,2,-5,1,-1,0,4,4,-1,-5,-3,1,-5,1,1,5,0,-5,-1,-2,-3,0,-2,-4,3,-3,5,1,-4,-5,-2,3,-1,0,-4,-4,-4,2,-3,5,-3,-3,2,2,4,3,-1,-2,1,-4,-4,-2,-2,-3,2,-1,2,1,-3,-59.6342
382,-4,-3,1,-4,5,2,2,-4,1,1,-4,3,-2,-3,3,-4,4,-2,3,-1,-4,-3,5,3,5,4,-3,1,-3,-5,-2,-3,0,-2,-5,2,-3,1,1,2,4,-3,4,4,-2,-5,-2,-5,5,4,4,1,-4,4,5,-2,3,-3,-1,-1,-68.6568
383,-5,3,-1,2,3,-5,5,3,2,0,1,-1,5,-1,-3,5,-1,-2,-2,5,0,-4,1,-4,3,2,-1,0,-4,-1,4,1,5,0,1,3,-1,1,5,5,1,-1,4,-3,-2,0,0,3,0,2,2,4,-3,5,-1,0,2,3,-5,3,28.007
384,-1,0,2,5,5,-5,3,2,0,4,-5,1,4,5,-3,1,0,-2,5,-5,3,5,-3,5,2,4,2,-5,-1,-3,5,-2,-1,3,-5,1,5,-5,-2,-4,4,-2,-3,5,4,1,-2,-5,-4,0,4,-5,4,4,-5,1,-1,1,3,-4,-83.4681
385,-5,1,1,3,1,4,0,3,5,0,-5,4,5,5,4,5,0,2,-1,-4,-4,-4,-2,2,-5,-5,-3,1,-1,4,2,-1,4,-5,-3,1,0,-1,-2,-5,4,1,-1,-3,-5,0,-4,-2,1,0,5,1,2,-4,5,3,2,3,-1,5,-24.5939
386,0,3,5,0,-4,1,-5,0,-3,-3,-3,5,-3,3,5,0,3,-5,1,0,0,5,2,1,-3,4,-2,4,-3,5,-1,2,1,-1,3,-5,-4,5,0,2,1,5,-3,5,5,3,4,-5,-2,-2,-1,-4,2,-5,2,-1,1,4,0,3,30.6474
387,0,1,3,-5,-5,5,5,-5,5,-1,-1,4,2,3,-4,-3,-3,0,-2,4,3,-3,2,5,2,4,-1,1,-5,2,5,4,1,3,-4,-2,-1,0,-5,2,-4,-4,-5,1,1,0,-2,0,-4,-3,0,-2,-5,-1,2,-1,2,2,2,1,101.3913
388,1,1,4,3,-2,1,-1,-5,2,-5,1,1,-5,5,5,4,4,4,-5,-2,3,-5,-5,3,4,2,-3,-5,-2,0,-1,-1,-1,3,-5,1,2,-5,-1,1,1,-3,-1,-5,-3,-5,3,5,-5,-4,4,3,1,2,-2,5,-4,2,5,-2,39.996
389,5,-2,1,-3,-1,-1,3,0,-1,0,2,-1,0,-5,-5,4,-2,4,-1,4,4,-5,-1,-1,-3,-2,4,-4,-2,4,2,3,1,-5,-3,0,0,1,4,2,3,-3,-3,4,-5,-1,-3,4,0,3,2,-2,5,1,-5,-1,-4,-5,-2,5,27.1942
390,3,4,-2,2,-3,1,-1,2,-1,2,-2,-5,2,3,-1,-3,-4,-4,2,4,3,-4,2,-1,-5,3,-1,5,3,3,-4,4,3,1,4,-2,5,-1,1,-1,-2,2,-5,-2,-2,-4,0,0,5,-2,1,4,4,-1,-5,5,2,-5,2,-5,17.9816
391,-1,1,1,-5,-3,5,-2,2,-5,-2,5,0,-2,-4,4,-3,1,0,0,-3,4,2,1,-1,-4,1,1,4,-5,-4,3,-2,0,0,5,5,1,-1,2,0,1,5,5,-4,5,1,5,3,-4,-4,3,5,3,5,-5,-5,-5,-2,5,1,-22.1455
392,0,-2,4,-3,3,-2,1,0,-3,-2,1,1,1,1,-1,-3,-1,0,2,4,-3,1,5,3,-5,-5,2,5,4,4,-2,-2,-2,1,-1,2,-5,0,-2,-3,4,2,5,5,-4,2,5,4,-3,-1,-3,0,-1,-1,3,-5,-4,4,0,2,-12.0262
393,-2,-3,5,3,-4,1,1,1,2,-5,5,-3,5,-4,2,4,1,3,-4,-3,5,4,-3,2,0,5,-2,4,0,-1,4,5,-2,-5,-2,2,-1,-1,-1,2,1,-1,-2,4,0,5,-2,2,-2,3,0,-2,4,-5,2,-5,2,4,-1,-1,4.0203
394,1,-4,-1,2,1,-5,-2,1,0,1,-3,4,5,3,2,-2,1,-4,-5,2,-1,5,2,-5,2,-2,3,3,3,-5,-3,4,1,0,2,1,-2,3,4,-2,2,1,-4,-5,0,-1,1,-4,-2,-1,-2,-1,-2,-4,4,-3,-4,-5,-2,-1,-91.7844
395,-1,1,-1,1,1,5,-1,-3,-5,-4,3,5,3,5,2,0,-5,-4,-5,4,3,-5,-1,1,-1,1,-3,3,-1,2,2,0,-1,0,-2,4,3,-3,1,1,-2,0,2,-5,1,-2,0,0,4,5,-5,-1,-2,1,5,0,5,0,-5,1,53.9383
396,4,4,-4,0,-4,-5,4,1,-2,-5,-4,-4,-4,5,4,4,1,3,5,-2,-1,-4,4,-2,3,3,0,-3,-3,5,0,2,5,-4,-1,-5,-4,-5,1,-3,-4,3,4,3,2,1,-1,-1,2,-5,-2,-1,2,2,2,-4,5,0,-2,4,-41.2481
397,-5,-3,3,4,0,5,1,4,-1,5,2,5,2,0,-2,-1,-4,4,5,3,-1,5,-1,3,2,2,2,0,3,-3,0,-2,2,-3,-5,4,4,1,2,-2,-5,4,-4,0,-3,-2,2,2,4,0,4,-2,-1,2,5,5,5,0,2,2,26.2234
398,-3,2,0,-4,3,1,4,5,-3,4,-2,-1,3,4,5,4,1,1,3,-2,0,3,-1,3,2,2,-4,3,-5,0,3,-5,-4,-1,2,1,5,-3,4,2,4,1,-4,-5,-3,5,-4,4,3,-1,2,0,5,-1,2,-4,-4,-3,-4,-4,-15.0438
399,-4,0,-1,4,2,-1,-4,-2,3,-3,5,0,5,-5,-2,-4,-1,3,-1,5,5,5,-4,0,-4,-2,1,4,2,-4,5,3,0,1,-3,4,-4,-4,0,2,-2,-2,-4,-5,-3,1,5,3,-1,0,2,-5,4,2,-3,4,-5,-4,-3,1,11.8154
400,-5,1,-2,2,1,3,-5,3,1,-4,-1,1,-5,1,4,5,2,-3,-5,4,1,2,5,4,1,-1,1,4,0,-5,1,5,5,-1,-4,-4,4,-2,3,-2,5,-3,-4,-2,2,5,-1,1,1,3,-4,-5,-3,5,-2,-4,1,-4,2,-5,35.8648
401,4,-5,3,0,5,-4,5,0,-4,-1,-4,-4,3,2,2,-2,3,-1,-4,-1,-1,0,5,-1,-3,-3,-4,4,-4,-3,-1,1,2,-4,1,0,0,4,-3,3,-2,0,-3,-4,-1,-2,-2,-3,3,-4,-4,3,-3,4,-5,-3,-1,-5,-2,1,-10.0579
402,5,4,-5,3,-4,2,-3,-2,-5,3,3,2,1,-1,-5,4,-1,3,0,-1,2,3,0,3,1,2,-3,-2,4,-1,-4,4,2,-5,-3,3,-2,4,2,-1,-5,-2,0,3,2,0,3,-1,2,-4,-4,-1,-2,1,4,-2,-2,4,0,1,86.0193
403,2,-1,1,4,3,-4,4,3,-1,4,4,-4,2,-5,2,3,-2,1,0,-5,-4,4,-4,-5,-1,4,0,-3,-4,5,-1,2,3,-2,0,-5,-3,-5,3,4,4,-3,-5,-5,-3,1,-1,1,3,-5,-4,2,3,1,-1,-2,3,-1,3,-2,-53.7472
404,-2,4,1,1,0,-5,4,3,2,2,-4,2,3,-1,1,4,-3,5,5,2,3,1,4,5,4,4,2,-5,-2,-2,-3,-4,1,-4,-1,0,1,5,1,-1,-2,2,-5,3,-2,1,-2,2,-1,1,1,2,5,3,5,-5,1,5,-3,-4,9.9387
405,3,5,-4,3,-5,-4,-2,3,-3,2,5,0,3,-2,2,-1,-3,-2,-2,2,-3,-5,2,0,-1,5,5,0,-4,5,5,-3,-4,3,5,0,-3,5,-5,5,5,2,-2,1,3,-2,2,3,-5,3,-5,-3,4,1,-2,3,4,4,0,5,73.8973
406,-2,2,4,-5,-2,1,2,-4,3,-1,-5,3,-3,-2,-2,0,3,-2,3,4,-4,1,-4,2,4,1,3,5,-2,-5,0,-5,-1,0,-2,-4,-4,3,4,-4,1,-3,-5,3,-2,4,-4,2,-2,-4,-1,-1,5,2,5,0,5,1,-2,-4,-19.9083
407,-3,-2,-4,3,-2,-3,2,2,4,-1,5,-1,4,0,1,-3,3,4,0,-4,-3,4,-4,2,-1,1,3,-3,2,-3,-3,-3,2,-4,-1,4,-3,-1,1,4,-1,2,3,2,-3,-3,3,1,-4,4,0,0,-4,4,-4,4,2,-1,1,2,-3.0762
408,2,0,-3,2,-4,-2,1,2,4,2,-2,0,-5,3,-2,3,-3,0,-3,-2,-4,-5,-3,-2,-4,2,-3,-3,5,-4,0,1,-2,0,-1,2,-4,2,5,3,-5,0,-3,4,3,-1,1,5,1,4,-1,1,-1,-3,-2,2,0,0,0,-2,119.3265
409,-3,4,-3,-3,-4,1,-5,3,-3,-2,0,-1,3,4,2,5,-3,4,3,5,-5,5,2,-1,3,-5,-2,1,-5,-3,-5,4,-1,-1,-3,-2,3,4,-2,1,1,4,-3,1,-5,1,4,-5,-5,0,-1,-2,-5,3,4,2,3,4,-4,4,81.1994
410,-2,1,5,4,1,5,2,-3,3,5,1,2,3,-5,3,-3,0,4,4,-1,-3,-4,1,-5,4,3,-3,0,3,-2,-1,-5,1,2,-4,-4,-5,-4,1,2,0,5,-4,4,5,3,-2,3,-2,1,-5,5,2,-5,-3,-4,0,4,-3,-5,15.3763
411,-3,-2,-1,-2,4,3,-4,-4,4,-2,-5,1,-1,5,2,1,3,-5,-4,-2,3,2,1,3,3,-4,-4,-2,2,1,-4,1,-2,-1,2,-5,4,-4,-3,5,-3,3,5,1,-1,1,1,3,4,-1,-5,2,-5,-4,-2,0,-4,3,4,2,47.6066
412,-2,0,-3,1,3,0,0,3,2,0,3,1,2,4,-1,4,-5,4,2,4,5,5,-4,0,0,5,1,1,5,-1,3,-1,-2,-1,-3,-2,-4,-1,5,1,2,1,-4,-5,-5,-5,-4,5,5,-5,-2,-2,1,-5,-3,-4,0,-4,5,-5,0.451
413,1,-3,5,-3,4,0,-2,-4,-1,-3,-2,3,5,2,5,5,-1,0,4,-2,5,-1,3,0,-1,-3,-2,-4,-1,4,1,0,0,-4,-4,2,2,-3,3,3,5,-4,1,5,2,-1,-1,-4,-3,5,3,3,4,-3,-2,1,-1,-1,0,-3,-124.0303
414,0,-4,-4,5,-5,4,2,5,1,-2,4,0,2,2,-3,5,-2,-2,1,0,-3,-2,5,2,0,4,3,0,0,-5,-2,0,4,-3,-1,-2,3,-5,-3,5,2,5,-3,-1,-4,-5,-3,0,5,2,-3,-1,3,2,3,3,3,-5,4,2,-9.5858
415,0,0,1,-2,0,2,3,-1,0,5,5,2,-1,5,4,-2,-1,-2,-1,3,-3,-1,2,-5,4,-3,-4,3,-2,1,5,2,-2,5,-2,-2,-2,5,-1,4,1,-2,0,-5,1,4,5,1,-3,-4,0,1,0,-5,-2,4,-3,2,0,0,27.1185
416,-5,-1,-5,5,-2,5,5,4,-5,-2,3,1,-4,-2,2,-4,5,-4,3,-3,4,2,1,4,-3,-5,-4,-1,3,3,1,0,4,2,5,2,-3,5,3,-5,5,5,-4,-1,-1,2,4,1,-2,-5,2,-4,4,-1,5,-4,-4,-4,-1,-1,-49.2734
417,-4,-5,-2,0,4,-1,0,-5,-3,2,5,2,5,2,0,-2,0,2,3,-3,-3,4,3,0,5,-3,-3,4,-2,-2,2,-1,1,-1,5,0,-5,-4,2,5,4,5,-5,3,1,-3,-4,-5,0,5,4,-4,-4,5,-5,5,5,-4,3,-1,-66.4431
418,-3,-5,-4,0,5,-2,2,5,-1,-3,4,-4,-5,-3,2,-1,-2,2,0,-2,4,4,-1,0,-4,-5,-2,-5,-3,3,2,0,-1,2,-4,3,3,3,-4,0,-4,-1,-3,3,-1,2,3,-1,-3,3,4,-3,4,5,2,-2,0,-4,0,-1,2.8354
419,2,3,5,4,1,2,0,5,-5,0,4,-4,-4,5,4,-4,0,3,-5,1,2,5,5,5,3,4,-5,4,0,5,3,0,-1,1,-3,3,-3,3,3,-4,-2,-3,-4,1,4,-1,5,0,-2,4,0,-5,1,5,-3,5,-3,-4,4,-5,45.3986
420,4,4,-1,0,3,-4,2,2,0,2,1,-4,1,-1,-4,3,2,4,-1,2,-4,-5,4,5,-4,2,-4,-1,-5,0,-3,0,3,-1,-5,2,4,-2,0,-5,-5,4,4,0,-5,5,0,1,-3,3,-4,-1,-4,2,2,-2,4,-5,3,-2,37.1298
421,-1,4,-5,1,3,1,2,5,3,-5,5,-1,-2,2,2,-3,2,0,1,0,2,-3,4,-2,-4,-4,0,2,0,-1,-1,-3,5,2,2,-5,-2,-4,3,-5,3,-1,-4,2,3,4,2,0,2,4,3,4,-2,-2,1,-1,-5,2,4,2,-81.3074
422,1,5,-3,5,4,-2,0,-2,-1,-3,0,-5,-2,5,5,1,-5,5,-4,-4,4,0,-2,2,-3,3,4,4,-4,-5,-3,2,1,-3,-3,2,2,-4,-2,2,1,-4,0,-4,4,2,5,3,2,-2,-4,-5,-2,4,-1,-1,-5,3,5,4,21.1258
423,-3,-1,3,0,3,-4,0,-5,-5,-4,5,4,-2,-5,2,5,-3,-4,2,-2,5,-4,-2,-5,-2,4,5,5,3,1,-4,-4,-5,-4,5,1,-3,4,-5,1,-3,-4,-1,5,-2,-1,1,3,4,5,1,4,1,4,2,-4,-1,-5,4,-4,-15.1998
424,1,5,-4,-3,-4,-4,0,5,-2,-5,4,-2,3,1,-3,-5,1,0,-5,-2,0,5,0,1,2,3,-5,5,0,5,5,-2,2,5,1,3,-1,5,1,2,-5,1,1,-4,2,-5,3,3,-5,-4,4,3,-1,3,-1,3,-4,0,-1,-4,39.9254
425,5,-2,2,3,-5,5,5,-4,1,3,1,3,-2,-2,2,1,-3,2,-4,0,-3,-5,5,4,4,3,-4,-1,0,3,-3,5,3,0,-1,4,2,2,-1,2,-4,-1,-3,1,2,1,3,5,-1,1,3,-5,-1,-4,2,5,5,2,0,2,98.6306
426,-4,4,3,-3,3,-2,4,0,-3,-5,5,3,-5,-5,-3,-5,3,-3,5,-3,2,2,4,-3,5,5,-2,-4,1,3,-3,5,1,2,-5,2,4,-4,2,4,-1,5,1,1,-4,2,5,-3,4,-5,3,-5,4,0,2,0,-3,3,1,4,-67.1281
427,2,1,-5,2,-1,1,-3,4,3,-4,-1,5,2,2,2,0,-4,4,-2,-2,2,5,2,-4,-5,3,0,-5,-5,1,1,-4,4,-1,4,-3,-2,-1,2,-5,3,-1,-3,-1,3,4,-1,-4,-1,-1,4,1,-4,-5,4,-3,0,-1,-1,-5,-45.5836
428,3,1,3,3,1,4,4,-1,5,-2,3,4,-4,-4,-4,-3,0,-2,-1,0,-3,-3,-1,-1,-4,0,-5,-3,-5,-5,4,-2,4,3,-3,5,-1,-4,0,-1,-3,4,-2,-1,-1,1,-3,-3,-4,4,1,2,0,5,4,-2,-5,4,-3,-4,45.9973
429,0,-3,1,0,3,4,-1,5,0,-3,1,1,4,3,2,0,-4,5,4,3,2,0,-3,-3,1,4,-5,-5,1,-5,-5,-5,0,-5,-1,-5,1,-3,2,-5,5,2,-1,2,5,5,0,5,-1,-3,2,0,-3,0,-1,4,0,-2,-2,-1,-21.3369
430,-3,-1,-1,-2,2,-4,-5,5,5,0,-1,0,4,1,-4,5,3,0,-5,2,-2,-5,5,0,-5,3,5,3,-3,-4,4,5,5,-1,1,2,2,4,5,-4,-1,-1,1,3,3,0,-2,3,2,3,3,2,-2,4,-3,1,2,-2,1,-1,-7.3702
431,-2,-4,0,-4,4,0,2,2,4,-1,-1,-5,3,-3,-1,0,4,0,-3,-4,-4,2,-4,1,-1,-1,5,2,2,-3,4,-2,2,2,-4,-2,2,4,-4,2,2,-1,-2,1,2,0,1,0,1,-4,-1,-4,4,-3,1,-3,-3,-2,1,-4,-128.6729
432,0,2,4,2,0,-1,-3,2,1,-5,-1,-4,0,2,-3,-4,3,2,-3,4,1,4,3,-2,3,5,3,-2,3,-2,-4,2,5,-1,-2,4,4,5,3,3,5,0,0,-1,-2,-1,-1,-1,-4,4,-5,4,3,3,4,-3,3,0,0,-2,-31.5718
433,1,3,-2,-1,-3,-1,3,-5,2,-2,3,1,-3,-2,-1,-1,3,-1,-5,2,3,1,-2,0,-4,3,5,0,3,1,0,2,-4,1,1,-2,-4,3,1,0,2,0,5,-4,5,-4,2,-4,-1,-4,1,5,1,3,-3,3,4,2,5,4,9.4789
434,-2,-4,-5,3,-4,5,5,-3,3,-2,1,2,-3,2,-1,4,3,0,-1,-4,-4,0,5,5,1,0,-2,4,-1,-1,-4,4,-3,4,-4,-4,-3,0,-3,1,5,5,-2,-2,-1,5,4,-2,2,4,-3,-5,-4,5,-4,4,-2,2,0,3,128.4139
435,-5,-1,5,5,3,2,1,5,-2,-3,5,-3,1,1,-1,5,-2,-4,3,1,-2,-4,-2,3,-1,1,1,-2,-2,-1,-2,1,3,-4,4,-5,4,1,4,-2,0,-1,-2,3,2,4,-3,-3,-4,-2,0,2,2,3,2,-2,1,3,-1,-2,-47.2035
436,-2,1,5,5,-5,0,-5,-4,-2,2,3,-4,1,-2,-4,-4,-2,3,0,-1,-4,3,2,1,5,4,-1,-2,5,3,-1,-4,-1,0,1,-2,1,4,5,-1,3,0,3,3,-3,-4,4,5,-1,-2,2,-3,4,-2,4,-4,0,-2,-1,-4,-62.4521
437,0,3,-4,-4,-2,5,-5,-3,4,0,-2,-4,2,0,2,0,1,-3,-3,5,-2,5,5,-1,5,-5,-1,-2,2,0,1,5,-5,2,4,1,2,-1,-3,-2,-2,5,0,-5,4,-2,-1,5,-2,2,0,5,1,-4,5,-5,2,-5,-1,-1,-5.4954
438,4,5,4,-1,4,4,2,-1,-3,5,1,5,0,-4,3,3,-4,3,0,-5,1,-3,0,-4,4,2,-4,-3,-4,-2,4,2,-2,-3,1,-3,-2,-4,2,-4,3,-2,1,3,-1,-4,2,0,2,-5,2,2,2,3,4,-4,3,3,0,5,-42.2295
439,-3,1,5,5,3,-1,-2,-2,5,-2,3,4,-4,0,5,1,5,5,2,4,-3,-3,5,-3,-4,5,-5,0,2,-2,3,-5,0,-1,-4,-5,-2,4,3,-3,-5,3,4,0,3,2,-1,2,4,-1,-3,-4,-2,-5,3,4,4,5,5,1,-6.8972
440,-1,-3,1,1,-4,-2,5,-2,-5,1,1,1,3,-1,1,-2,-4,-4,5,1,2,-4,3,-4,-2,-1,-1,-4,5,-3,-1,-3,-3,2,5,-4,3,1,3,-5,-2,5,1,1,-3,5,-3,-3,0,0,1,0,3,0,5,2,-3,1,-1,3,-72.8688
441,-2,-5,3,3,0,-1,-4,5,-4,5,-3,-3,5,-4,0,3,3,-2,-2,-3,-5,-4,-1,5,0,5,-1,-5,-5,-1,-5,-2,-5,-4,-2,-2,-5,2,3,-3,-4,-1,1,0,-3,2,-5,-5,0,-1,-5,1,-1,-3,2,-3,4,1,-1,-4,15.3629
442,-5,-2,3,3,-4,3,-4,-1,1,2,-1,-1,-1,5,-5,3,5,4,-1,-2,0,-3,-2,0,-4,3,-3,0,3,0,-2,-5,-5,5,-1,5,-2,-2,-2,-4,5,-1,0,4,-3,-2,-3,2,2,4,1,-5,4,5,-2,-5,3,1,0,-3,85.3577
443,2,4,3,-5,2,-5,-5,-2,1,-3,-3,-3,-3,-5,-4,5,4,-5,-5,-4,-4,-5,-5,4,1,2,-3,1,2,5,-1,4,5,-4,3,3,-5,5,0,-1,-5,-4,-1,4,1,2,0,-2,-1,4,3,5,-5,-4,-1,3,-4,0,1,2,25.712
444,2,1,3,-4,-5,3,-4,-3,4,5,3,1,2,-2,-5,-5,-4,3,-2,-3,3,-1,-4,0,-2,-1,5,2,-4,3,2,4,0,4,1,2,3,5,-4,-5,-2,3,1,5,-5,-5,4,1,4,-5,4,2,-4,-4,2,5,1,0,2,5,23.7463
445,-2,1,4,4,4,5,-1,1,-5,0,2,-3,2,3,-2,5,2,-5,2,3,4,2,4,-1,-1,5,-5,2,-5,1,-2,-2,-1,3,-1,-4,-3,-4,-4,5,2,-4,-3,3,4,-2,-5,-5,3,-2,-3,3,5,2,1,-1,-4,-3,-5,-1,49.8318
446,-1,2,1,-2,-3,0,4,5,3,2,-3,-2,1,-1,-3,-3,0,0,2,-4,3,4,-2,2,0,3,5,2,2,5,5,-2,4,4,3,-3,-1,0,0,1,-1,-2,-1,0,-2,3,0,-5,-1,-2,-1,-4,5,-3,3,-5,1,-2,4,2,-71.4972
447,-5,-5,0,2,-5,3,1,-3,-1,1,-2,4,-4,-2,0,-1,2,5,0,-2,4,-2,-4,1,-4,4,-1,4,-2,5,1,-5,0,-4,3,1,-5,-4,0,-3,4,5,2,2,4,-3,-3,-2,3,5,3,5,5,-1,-3,-5,-1,5,-4,-4,45.3109
448,1,-4,-4,4,-3,3,-4,3,-1,-5,-4,2,-1,-3,4,1,2,-1,5,5,4,-3,-2,4,-2,-5,1,-4,1,-3,-2,-2,0,-5,5,-5,-5,5,-4,0,-1,5,1,4,3,-3,5,3,1,-1,4,-3,1,-5,5,1,3,4,3,1,-30.4258
449,0,1,-2,-1,4,-5,4,-5,-3,-5,2,-5,5,-3,-4,-4,-2,-5,5,1,-5,-5,5,-1,2,-2,-2,-2,-1,4,-2,5,-1,1,3,-2,2,-2,-2,-1,-4,-2,-2,-5,-5,-4,3,4,-3,-3,-2,-3,3,-2,-2,5,-1,3,0,-3,-92.4287
450,2,2,1,-5,2,-4,4,-1,-5,-3,3,-4,5,5,2,2,-2,2,4,4,3,5,0,2,3,-5,4,0,-1,-2,0,0,4,-1,0,-4,-4,-1,-2,-3,-2,-5,1,0,-4,5,-4,5,-2,3,-5,5,-3,-3,0,-5,4,4,2,1,-36.2486
451,-4,4,-2,3,1,-4,0,4,-4,2,1,1,-5,-5,-2,0,-1,3,4,1,-4,1,1,1,2,5,3,-2,0,2,5,0,4,-5,-1,-3,0,1,-3,3,-5,4,-4,1,-1,-2,1,-2,-5,-5,5,-3,3,1,1,5,5,3,-1,5,23.093
452,0,2,1,-2,4,2,3,-4,2,4,1,4,4,3,-5,-2,-1,5,-5,5,-3,5,5,1,-2,-4,3,4,-2,-1,0,4,5,3,-5,2,3,-2,2,-5,-4,3,2,0,1,0,-3,-2,-2,5,3,-5,-2,-5,2,-1,3,0,-4,-2,-8.1098
453,-3,4,2,4,-2,5,-4,2,-4,5,-1,1,0,1,-3,-1,-5,4,-3,2,-3,-5,4,3,-2,-2,2,4,-5,-4,0,-4,5,5,5,2,-3,3,-3,5,-5,-4,1,-5,3,-3,0,2,-2,-1,2,-4,0,-2,4,-1,4,1,-2,1,89.5566
454,-5,2,-2,-3,-2,-5,3,-5,-2,-1,-5,-1,0,1,-3,1,-5,4,-5,-5,-4,-4,-4,-3,1,0,5,-3,-3,-4,1,2,4,1,0,2,1,2,-2,-3,5,4,4,-2,2,5,5,-2,-1,4,-3,1,-3,2,5,4,-1,-3,3,0,-48.1196
455,-1,3,5,-4,-3,-2,-1,3,-4,2,4,5,5,-4,-3,-4,5,1,0,-3,-3,5,-2,3,2,5,-3,-1,4,-1,3,-5,-4,-3,5,5,-1,0,2,5,-3,-5,-2,-1,5,-1,0,5,4,5,3,3,-4,5,2,5,-3,4,-1,-1,39.3862
456,-3,0,-1,-3,1,0,-1,1,-4,-4,-5,-1,-4,4,-1,1,-2,-4,3,5,2,-4,5,-4,1,5,-3,-2,1,3,2,1,-2,4,5,3,1,-2,-4,-2,5,-2,0,0,-2,5,4,-1,-3,4,5,5,-3,-1,5,1,2,2,-5,0,36.0053
457,-4,-4,0,3,4,-4,3,-5,-1,4,3,-1,0,0,-4,1,-3,0,-4,-5,-4,-2,-4,5,5,-2,-2,-5,-5,-1,-2,1,2,-3,4,3,-3,-3,5,2,0,-2,-2,-2,4,4,1,3,4,3,0,0,3,-5,5,3,-1,0,-1,-5,-72.6538
458,4,-3,2,2,3,-5,-4,2,-2,2,3,1,-2,-4,3,-3,-4,3,2,5,3,-2,0,-4,-1,3,-3,5,1,2,-5,-4,5,2,-4,1,-3,-1,1,-1,-5,-3,-1,-4,-5,-4,-3,-4,-4,-3,4,4,1,3,-2,-3,-2,-2,4,-3,4.7936
459,5,1,1,-1,3,-3,1,3,1,5,-2,1,0,-3,-5,2,-2,4,1,-5,-4,4,5,-3,2,-2,4,4,0,-4,-1,-3,4,-5,5,-3,3,0,5,-3,-4,-3,-5,2,5,-2,-1,4,-3,-4,0,-4,-1,4,-5,-3,-5,-1,-3,4,-50.4327
460,3,1,1,0,-4,2,-3,-1,-3,2,4,4,-3,3,-2,-2,3,-4,5,-1,0,-2,-3,-5,2,3,0,3,-4,5,2,-3,4,2,-5,-2,0,3,5,-3,-4,1,-1,1,-1,-2,2,-2,-4,-3,-4,2,-5,2,-3,-4,4,4,1,-3,11.1647
461,3,5,-4,1,-2,1,3,0,-5,0,5,-4,0,5,2,3,2,0,2,-4,-1,0,4,-4,-3,-3,5,-4,0,4,5,-4,-1,-2,0,2,4,-5,-3,-4,-2,1,-1,1,-5,-5,-2,-4,3,5,5,3,2,-4,-4,1,0,2,-2,-1,-79.2755
462,-2,-5,5,3,-5,5,-3,-5,3,3,3,2,-4,3,1,5,-2,0,-1,4,-3,1,1,5,3,-2,-2,0,-3,-4,2,-3,2,1,-1,1,0,-5,-5,-2,3,-3,-3,0,5,2,-2,3,-3,-5,-2,-3,4,5,-2,1,-4,0,2,-4,47.4921
463,-1,-3,1,1,5,-1,-1,2,-1,0,0,-2,0,-1,1,2,3,4,3,2,2,3,5,-2,-2,1,-4,3,5,-1,-4,4,-1,3,4,4,5,5,5,5,2,3,4,-3,-5,2,-2,1,0,4,1,-1,3,5,4,-4,5,3,2,5,36.7469
464,3,3,-4,-3,-1,-2,0,-1,5,5,1,5,5,0,2,4,5,1,-1,0,2,-5,5,3,3,2,2,-5,0,-4,1,-2,-5,2,-5,3,-2,-5,-3,1,-4,-3,-5,-4,-5,-1,0,-1,4,1,-5,0,-5,-2,4,0,-3,-3,2,3,10.6626
465,-5,-3,3,-4,5,-3,2,-5,1,3,1,0,-4,-4,0,-1,2,5,-3,2,1,3,5,-3,-5,0,-3,5,0,2,-5,-4,-3,3,1,-2,0,0,-4,-5,-5,-5,5,-1,-1,-2,-2,-1,1,-1,-4,5,-3,4,-1,-1,4,1,3,1,58.8041
466,1,1,-2,-4,5,-1,5,-4,5,4,-4,0,-1,1,1,-1,2,2,-3,2,-3,5,-1,-1,3,4,-4,3,4,-5,1,-5,-5,-2,-3,-4,2,3,4,5,-1,5,2,-2,0,-5,0,-1,1,3,-1,-3,-4,-3,3,-2,5,0,3,4,-15.6804
467,1,-3,5,-1,0,-3,3,2,-3,4,-1,-2,4,4,3,1,-2,-1,-1,-2,5,3,-1,-3,0,5,3,-2,-1,3,0,4,1,4,4,0,0,0,-3,-3,4,-1,-5,2,2,5,0,-3,-2,-2,-5,-4,4,1,1,3,5,-2,5,-2,-53.9831
468,2,5,5,-2,2,3,1,-5,5,2,1,2,-4,-5,1,5,0,-3,-1,0,3,0,-3,-5,-3,3,1,0,-1,0,4,3,-3,0,4,2,5,5,4,0,-4,1,-4,-1,-3,-3,-2,3,2,-5,-3,-5,0,2,1,3,1,-4,3,1,25.1244
469,0,-4,4,4,-1,-3,5,-2,3,2,-3,-4,4,2,3,-4,1,-2,-3,-4,0,-1,-4,-5,-2,5,5,3,-4,-1,1,-4,0,-4,1,1,4,0,-5,1,-5,3,5,5,1,-4,-4,0,0,2,-3,2,0,-5,3,-3,-4,-3,-5,-4,-64.639
470,-2,4,-5,-2,1,4,4,4,-3,3,5,-4,1,1,1,4,0,2,-3,-5,3,-4,-3,5,0,-5,0,5,2,4,-1,4,-1,-5,-4,-5,-5,3,0,0,0,-1,2,0,-1,-3,1,4,-2,-3,-5,-1,-4,4,4,-5,-1,4,-1,-5,27.698
471,1,1,0,3,-4,0,-1,5,3,-2,5,-1,2,5,-1,5,0,4,0,0,2,5,5,-5,0,4,2,3,3,-3,4,-4,1,2,5,-2,4,-3,2,-3,-2,-4,4,5,-2,1,5,-3,-2,4,0,-4,0,-5,-4,0,3,-3,2,-5,-81.0073
472,-3,-1,0,0,4,3,-3,-2,-5,1,3,-5,4,-1,-1,-4,3,1,-2,0,-1,2,4,-2,1,5,0,-3,-1,3,-4,0,4,-2,-1,-5,5,1,-3,-2,-3,0,-2,2,0,1,-5,-5,4,2,3,3,2,-5,-5,-3,2,3,-4,-2,-22.7507
473,-4,-5,-5,5,-5,5,1,-4,-1,-4,0,-1,3,-5,4,0,0,2,-2,-1,3,3,-1,-5,2,-3,-3,1,-4,1,1,4,-3,-3,-2,5,0,-5,-5,-1,5,4,-4,-1,-1,-2,5,-3,-4,-3,3,1,4,5,-4,0,-1,3,1,1,15.8259
474,4,3,5,5,-2,2,0,-2,3,5,3,5,4,-1,2,-4,-2,1,-1,2,-5,2,-3,2,0,3,-3,-4,-3,3,2,-5,0,2,-4,5,4,1,-2,2,-1,-1,-1,5,3,5,-5,5,5,1,-3,5,-2,-1,-2,-2,0,3,3,5,145.7399
475,-2,3,4,-1,2,0,3,-3,1,-4,-4,-3,4,-5,0,1,5,-2,5,0,-4,2,4,1,4,2,4,4,2,-3,1,-2,4,0,3,-2,-2,-4,3,-4,4,-4,2,-5,-5,4,5,4,1,3,3,0,4,4,-5,-1,4,-2,-4,1,-123.7235
476,-5,3,-1,4,0,-3,-2,-3,5,-3,0,5,3,-3,-5,-5,4,-3,-3,0,-3,-1,2,-4,4,1,-5,-4,-3,-3,0,2,-4,5,-3,2,4,5,3,0,5,-1,0,1,5,1,-4,3,-5,-3,1,-2,1,5,-1,-5,3,0,2,3,27.3602
477,-3,-4,-2,-4,-4,1,-4,1,2,-5,-5,5,-2,5,-3,-4,-3,-2,-1,-5,0,-1,4,-1,3,1,2,-5,-2,-4,-4,2,0,0,5,5,5,1,-4,1,-2,5,5,-2,-2,-4,-2,2,4,-4,-2,1,-3,-1,-3,5,0,-5,-4,0,38.5923
478,-4,0,-4,0,-1,4,-2,0,1,5,-2,2,-5,-2,2,1,-5,-3,4,-4,-3,0,-1,-3,-5,-5,2,-3,2,-2,2,0,2,-4,-2,-1,-4,-5,-3,4,2,-2,3,-3,-5,-5,-2,-3,-4,5,-1,-3,0,2,4,-4,3,5,-3,1,-2.1149
479,3,1,1,-5,-1,3,5,3,5,0,-3,-3,-5,4,-3,3,4,-5,-2,-5,-5,-1,2,2,-1,-3,3,0,-2,1,-2,3,-2,-2,-2,-4,0,2,-3,4,4,4,-3,0,-1,2,3,4,-4,2,1,-2,1,1,-5,-5,-1,-3,-4,-3,18.3853
480,-2,-1,-3,-4,5,-4,1,-3,4,2,-5,-2,5,5,-3,2,3,3,5,-1,2,4,-2,-2,0,-5,0,-5,2,4,1,1,0,0,-1,-2,4,-3,0,-1,5,0,2,5,-2,-1,-2,-3,0,5,-2,-1,1,-2,2,2,3,2,3,-4,-99.8715
481,-1,5,-4,0,4,5,1,-2,-1,-5,5,4,-3,-3,2,2,-1,5,-3,-1,0,4,-1,3,-4,-4,-2,5,1,-1,-3,2,4,-1,-1,4,5,-3,-5,-5,-5,4,-5,0,4,3,4,-2,4,-2,4,-1,3,5,-4,-4,5,-3,-2,-1,44.5593
482,-4,4,-4,-4,-2,-3,2,2,-2,2,-5,2,-2,3,3,-4,-5,2,-2,3,-1,2,5,5,5,1,-1,1,5,2,-4,5,5,0,-1,-2,0,-2,-3,-5,-4,-2,-2,5,2,-1,4,-1,3,-4,1,-1,3,-5,5,-2,4,-2,5,4,-4.7337
483,0,2,1,2,-3,4,-2,1,0,-1,-3,1,-1,-5,2,3,2,2,4,-1,4,2,5,-2,-4,4,3,4,-5,-5,-4,-5,5,0,1,-4,-3,0,-1,4,-5,2,3,3,3,1,5,-4,-2,2,-2,-5,-1,-5,2,3,0,-2,-2,4,-2.3
484,-5,0,5,1,-5,2,-2,-1,-5,1,5,5,5,-5,4,-5,4,5,-4,-2,-1,1,-5,3,-2,-3,-4,-1,4,-5,5,3,3,5,-4,-1,3,3,5,-4,-2,3,-3,4,-3,-5,0,-2,-4,1,-3,-1,2,5,2,-2,2,-2,-4,-4,10.7156
485,-4,-2,1,4,0,-1,-3,3,5,1,-3,-4,3,0,5,-4,5,-4,-3,3,5,0,-2,-1,0,1,4,-1,-5,1,1,5,5,4,0,-1,-5,3,0,-1,4,-4,4,1,-2,0,-5,1,-3,-1,1,-1,1,-4,-2,0,-5,-4,-3,2,-5.8916
486,-2,-2,0,4,-2,5,1,5,-2,-4,-2,1,4,5,-2,-5,-4,-3,2,3,-2,-3,-5,5,-2,5,-3,2,-1,-1,0,2,-4,-2,3,2,4,-2,-1,1,-4,1,5,4,-1,-2,4,-3,0,-2,4,-5,-5,1,1,-4,-4,1,-5,3,85.6827
487,-2,-3,2,3,4,5,0,-1,0,-3,-2,-2,-3,5,5,-1,0,-2,2,3,2,1,-5,1,-1,4,4,-2,-3,-2,0,0,4,5,5,-1,2,-5,3,0,0,1,4,2,5,4,2,4,-5,-5,-1,3,5,-5,5,3,-3,-5,-4,1,-30.223
488,-4,0,-5,2,4,1,-3,0,3,5,-5,-4,1,-2,0,4,3,1,-4,-5,2,5,2,-3,1,-4,-5,-2,5,5,0,3,2,-4,-2,-5,-5,4,-2,4,-3,5,1,-5,2,4,2,3,4,-3,2,-4,-3,3,-3,-5,3,5,4,3,54.3766
489,0,1,1,-2,2,-5,3,-2,-2,4,-1,-3,-5,0,-1,2,3,3,2,-2,-2,1,2,-4,2,-2,3,2,-5,-5,-4,-3,5,-2,3,-5,5,-4,-1,0,4,-5,-1,-1,-3,3,1,1,0,4,-1,4,2,1,5,-5,3,2,3,5,-96.5505
490,0,5,-4,-1,-2,5,3,5,-4,-5,-5,-1,3,5,-5,1,-5,5,-2,-5,4,-1,5,-3,4,-2,-3,-2,-4,4,-4,5,-4,-4,3,-1,-4,0,0,1,-1,1,5,-1,-3,0,0,5,4,2,5,0,2,2,-5,-2,2,4,5,0,90.9952
491,-1,1,-2,5,1,1,1,4,1,-5,4,0,3,5,-5,3,3,4,5,4,0,-5,0,-2,-2,-5,-4,1,-2,0,5,-1,-5,1,-2,-4,5,1,1,-5,-4,-4,-3,5,2,2,2,-3,-5,-3,0,-1,-2,4,-4,1,-5,1,0,-4,16.0451
492,-5,2,3,1,-3,2,2,4,2,5,3,1,0,-3,5,-3,-5,-2,2,-2,0,-4,-1,-3,2,-4,5,-5,2,4,-1,-2,0,1,3,-4,-2,-4,5,-1,3,0,0,-4,1,-5,3,2,5,-1,4,3,-1,-2,-1,0,-5,3,-1,-5,-98.2265
493,-2,-1,2,-1,-1,1,-3,-1,3,3,0,0,-4,-1,-4,5,3,-4,4,5,0,-3,1,-3,0,0,2,0,5,-4,2,1,-3,-2,4,0,-3,-4,0,2,1,2,-5,-5,5,-1,-3,0,0,3,4,5,-2,5,1,-2,4,3,-5,-4,3.0171
494,1,-1,1,-1,2,4,2,4,4,-3,5,-1,-4,-3,3,1,0,5,-2,-5,-2,-5,-2,5,-5,-3,-2,-5,3,-4,-4,-5,3,3,0,4,0,1,-5,0,-4,-2,-4,2,5,5,0,1,1,4,0,-4,-1,2,-1,1,-5,5,3,2,57.1912
495,2,2,-1,0,-5,0,-4,0,-1,-1,-2,4,1,-2,3,4,5,-2,5,2,0,5,-3,5,-4,4,1,0,-5,-1,1,1,-4,-2,1,4,4,-2,-2,4,0,4,5,-1,-4,-3,5,3,-4,1,2,0,4,2,2,-3,1,3,-4,-2,55.6423
496,1,2,3,-3,0,2,2,0,-5,4,-5,-1,5,4,-3,0,0,3,-5,1,2,5,-3,1,3,5,3,1,4,-3,-2,2,1,-1,-1,-5,5,5,-2,-3,1,-3,3,3,-5,0,2,1,3,0,-3,-1,-4,-3,-2,1,-4,-2,3,0,36.3124
497,2,-1,-3,0,-5,3,-2,1,0,0,2,1,2,-3,-2,-3,-1,2,4,0,0,0,-5,-5,2,2,0,1,5,-2,1,-2,5,-2,-2,-5,2,-3,-2,0,2,-3,2,0,3,-1,3,1,-4,-4,0,5,-5,-4,5,-5,-5,5,1,4,-49.5925
498,-2,-1,-5,2,4,4,1,3,4,-5,4,3,4,2,-3,1,-5,-3,0,-1,0,0,-3,4,2,1,-2,2,0,1,-3,-1,0,5,-1,5,1,4,1,4,0,-1,-5,-1,4,2,-4,-1,-5,3,4,5,-2,2,5,2,4,3,1,3,73.9478
499,-2,-5,-3,-5,3,0,2,-5,0,-5,4,4,5,1,-2,1,5,-2,4,-5,4,3,4,1,2,0,-3,-5,0,-5,4,-5,2,-5,1,3,3,-4,0,0,-3,-5,3,-4,4,-5,-2,5,-1,-4,-5,-1,-3,5,3,3,-3,-3,0,1,-135.676
500,3,-2,1,2,2,4,-4,-1,-4,-5,-1,-1,5,1,5,4,-5,-2,1,-3,5,4,0,-5,-4,0,-3,2,-3,1,1,1,3,3,5,-3,1,-3,4,-5,-3,3,-4,-5,5,4,-4,-1,5,3,-3,-5,1,1,0,1,-1,2,0,-5,-37.3578
501,-5,5,-5,2,2,4,2,-1,5,1,1,1,-2,4,2,4,-1,0,-4,3,0,-3,5,4,-4,4,-1,4,-5,-4,-2,2,5,2,2,3,4,1,-2,-2,0,2,-5,5,-5,5,-2,-4,4,5,3,2,0,-1,-1,-1,1,-4,1,3,117.8554
502,-3,2,-2,2,-5,-3,5,1,-1,1,1,-2,-2,2,0,-3,1,-2,0,-4,-5,0,5,-3,0,-5,4,2,3,-4,0,2,-2,0,1,5,-4,4,4,5,0,4,2,4,2,2,4,-2,5,-4,-1,1,2,1,-2,2,4,-4,-4,-1,-30.6316
503,-1,-4,-1,4,-3,5,-3,-4,-5,-1,-4,5,-4,-4,3,4,1,1,3,-4,4,4,-3,0,0,0,3,0,-5,-4,5,-1,5,3,2,1,-4,3,3,4,4,-1,-5,-4,3,2,4,-4,-1,4,-1,3,-4,2,2,5,2,4,-1,4,45.5192
504,-4,4,1,0,4,-2,-1,4,3,1,1,-5,-3,5,3,2,-2,-5,5,4,-3,2,-5,-1,1,-3,3,1,2,2,-1,2,4,0,-4,-3,-2,-4,5,2,-4,4,0,4,5,-1,0,5,-1,-3,-2,4,1,-1,-4,4,-3,-2,5,5,-5.4169
505,-3,-2,4,-4,-3,-4,0,0,-5,1,-4,-3,-4,5,3,-3,1,-2,-3,-3,-1,3,1,3,4,4,-1,2,4,-1,2,-4,-3,-5,5,5,-4,-2,-1,-2,-4,4,-1,5,1,3,2,3,-5,0,2,-1,4,-5,0,0,-4,-1,-1,1,-10.194
506,1,-2,-1,0,4,5,-5,-5,2,-3,-2,-5,2,4,-2,-5,2,1,-5,5,5,5,0,3,-5,5,-1,-4,4,4,-5,-2,-2,-2,3,-3,3,-1,2,0,-4,-5,-3,-1,-4,4,5,0,5,-5,-3,-4,2,-5,-1,5,3,0,2,-1,11.4973
507,2,-3,-1,-2,4,3,-3,4,5,-3,2,4,4,3,-2,-5,3,-5,3,-5,-2,4,-4,1,-2,-1,-2,0,-4,-4,-3,-2,0,-3,0,-5,2,4,0,0,1,2,0,-4,3,4,3,-2,-4,-2,-5,0,1,5,0,1,2,-2,4,-3,-85.6391
508,2,-5,-5,1,4,5,-5,5,-4,2,0,5,2,2,4,0,1,1,-2,-1,-4,4,-5,-2,5,4,-3,0,5,-2,-3,0,-5,5,1,-3,5,0,2,1,1,-1,-2,2,-3,4,-5,5,4,-4,-1,4,-4,-4,0,3,-5,1,-1,1,134.3005
509,3,-4,-4,-3,-5,-2,4,1,-3,-3,-3,0,4,-3,3,-4,1,-4,-4,2,4,-1,1,-2,1,-2,1,-1,4,-4,-3,-4,-1,0,4,5,5,-1,0,4,-5,-3,3,-5,-4,4,-5,3,3,4,-2,-3,-2,-1,-2,0,-3,-5,-5,-5,10.1624
510,-1,4,-1,-4,-3,-2,0,-5,-5,-3,-3,-3,-2,2,1,-4,3,-3,2,5,4,2,-3,5,-3,4,1,-5,4,0,3,-2,4,4,-2,-1,4,5,-3,5,0,4,-3,5,-2,0,5,-3,-5,-1,0,-4,-3,-2,1,4,3,3,-4,-2,25.1329
511,-1,3,5,5,2,-4,-5,-3,1,5,-2,0,-3,5,-4,2,-1,-4,3,3,-5,-2,5,-5,-2,5,-1,-3,-3,0,-3,3,4,2,2,1,-2,1,-3,0,-1,2,3,-4,4,1,2,-5,-3,-2,4,-3,-1,-1,3,-4,0,5,2,-3,-19.0823
512,2,4,1,-5,0,5,2,5,-5,-4,-3,-3,-1,2,4,3,-3,-1,2,-5,-2,-1,-4,-3,-4,-4,-1,2,2,-3,0,1,1,3,5,3,-1,-2,-5,-3,1,3,0,3,1,3,2,-2,-1,-4,-2,-5,5,-2,-2,0,-1,0,-3,0,-17.7564
513,-2,-1,-4,1,2,2,-1,5,-3,1,-1,1,-4,5,-3,-4,4,0,2,2,-1,2,1,-5,-2,-1,5,0,-5,3,2,2,-5,-4,2,4,-5,-3,-2,3,5,4,-5,-2,-3,0,-4,0,3,3,-2,-5,-1,-3,-4,-4,-5,3,0,-3,47.4732
514,-3,-3,0,-2,2,-2,3,5,-1,1,-5,-2,-4,2,-4,0,2,-3,-4,-5,-3,5,-3,1,-1,-3,5,-1,5,2,4,1,-5,-4,2,0,2,-2,-1,-4,4,-5,-5,4,-3,-1,4,-4,0,2,-3,3,1,-4,-4,-2,-2,-3,-4,-2,-55.7849
515,-5,4,-1,4,-4,-1,1,2,-2,-3,5,5,-4,-2,0,-1,-5,5,4,-5,4,-5,3,2,5,2,-4,-3,0,0,1,2,-2,-2,4,4,3,-3,5,-5,0,2,2,-3,-3,2,-2,0,3,-4,2,4,0,-4,-4,5,5,-3,0,-3,-1.3068
516,2,3,1,4,-2,-1,0,0,-4,-2,5,-1,1,4,-4,3,-3,-5,-4,-1,5,0,-1,2,0,-2,-1,0,0,3,3,-4,-1,-3,3,-3,-1,-4,5,-2,2,-4,2,-5,-1,1,5,1,-4,0,-3,1,1,-3,-4,1,1,-1,2,-3,-68.0156
517,-2,5,5,-1,-5,4,1,-1,0,-2,4,-3,1,4,-5,-2,-4,1,-2,5,5,0,-3,-5,3,1,2,-3,1,3,1,-2,1,3,1,0,3,-2,-4,4,-1,3,4,3,-3,-1,1,4,5,-4,3,-2,-2,1,5,-1,-4,2,-1,-2,30.846
518,-1,-2,4,-3,-3,0,-2,1,4,3,5,-5,-5,-1,0,-2,-4,-3,-1,1,0,4,2,3,0,-5,5,0,1,-2,3,-5,-1,-5,5,4,-2,0,1,-1,0,2,3,0,0,-5,5,-3,5,0,-5,5,1,4,4,1,5,0,-2,2,-100.686
519,4,1,-1,-4,0,0,-1,2,-2,4,3,1,-1,-4,-1,-3,3,-3,-5,-2,-5,-3,3,0,-5,-5,-2,0,5,-5,-3,4,-5,1,0,-5,-3,-3,5,-1,5,-1,2,-1,-4,3,4,-3,3,-3,5,-4,-1,3,0,-1,1,-3,3,5,-45.3224
520,1,-2,-3,-2,5,4,-5,3,-5,2,1,1,0,-3,0,2,4,-5,2,-4,0,1,-5,-1,-3,2,4,5,0,4,-1,-2,-3,-5,3,4,4,4,1,0,-4,-5,-4,-5,5,5,2,3,-4,-4,-2,5,0,-1,-4,-1,-5,5,0,-3,0.9296
521,-1,-1,-1,5,1,0,0,-3,4,-1,0,3,1,-3,2,-1,2,-4,1,3,-3,-2,-2,4,0,1,0,-3,4,-1,-1,2,-2,-5,-3,-3,-5,-4,-5,-3,-3,-2,0,0,2,-1,2,-2,1,2,-1,3,4,4,0,3,2,-5,-2,5,6.2369
522,1,3,0,-4,1,-5,-1,4,-5,4,0,2,0,-2,0,-3,3,-1,-1,3,4,3,-2,1,-1,1,0,-1,5,-3,4,-2,5,5,-5,-1,-3,0,-3,0,-4,1,-5,0,2,-2,-1,4,-1,-4,-1,-1,4,5,3,3,-3,1,-5,-3,30.1551
523,0,-5,-3,0,3,-5,-3,-1,0,-3,4,-3,1,5,2,-1,3,-4,-4,3,1,-4,-2,-3,4,2,-3,-2,-1,0,-2,-4,2,1,4,1,2,-3,-4,-1,4,-2,-3,-1,0,1,0,-2,-4,5,-4,-5,-1,-1,-1,-3,4,-2,-4,2,-70.6819
524,2,0,-5,1,3,-4,5,-2,4,-5,-1,3,1,-4,-4,-1,-3,0,1,-1,-3,5,5,-2,-3,0,-3,-2,-4,4,0,-4,0,3,-4,4,0,-2,-3,-4,-1,-4,-5,-1,5,-3,-4,2,-3,5,0,0,-5,-3,-1,0,1,1,-3,2,28.3134
525,5,-3,2,-4,3,-1,-1,-2,-2,-3,2,-1,-5,-2,2,4,-3,0,-2,2,1,2,-3,4,-3,5,-2,-5,2,-1,-2,-5,4,0,-4,2,2,2,1,0,4,-5,5,-5,2,-1,4,1,-1,3,-5,3,5,-2,3,-4,-3,1,-1,2,-36.9768
526,-5,2,3,-4,-3,5,0,4,3,0,1,0,-3,1,-1,5,-1,0,-3,2,0,-5,-1,5,-3,3,2,-1,-1,1,2,4,2,5,0,-4,-1,-1,3,-2,-5,-2,0,-4,4,3,4,1,-2,-2,4,-1,1,1,4,-3,-2,3,-3,-2,55.3098
527,-4,4,3,-2,5,5,5,-1,-4,3,-5,-3,3,-4,5,-1,-1,-2,-2,-5,0,-2,1,1,0,1,-3,3,2,5,-2,3,-2,1,-2,4,5,0,-5,5,-5,-2,0,3,4,-4,5,1,2,-4,-5,1,3,4,3,-1,1,5,1,-5,26.944
528,4,3,5,2,5,2,2,-1,-4,2,0,5,3,5,-5,4,-4,-3,2,-1,-4,-5,-2,-2,-1,0,3,2,5,-4,-4,-1,-3,0,-2,-1,-2,-2,-4,-4,4,0,1,3,1,4,-3,-5,2,2,0,3,1,0,0,0,4,4,0,3,-3.1569
529,2,4,-1,-5,5,-4,1,0,-3,0,-2,-1,-5,-1,3,-1,-2,1,-1,-2,3,0,-5,0,-2,2,3,1,-4,-2,1,0,1,3,-3,3,-2,-2,1,-1,5,5,4,0,3,-2,-4,-5,3,0,-4,2,-2,1,0,1,2,4,1,-4,-28.829
530,-2,-2,4,-2,-3,0,5,4,3,5,-4,0,5,-5,4,5,-3,5,-3,5,5,-4,-1,2,-2,-5,0,-3,2,-3,0,-5,0,-1,0,1,1,5,4,1,5,-4,5,0,-4,-2,-5,5,5,-1,5,-4,-1,-4,0,-1,-5,-4,3,5,-4.8285
531,1,-1,-5,-2,-1,-1,5,-2,1,5,0,5,2,5,3,2,-2,-4,1,-1,4,-5,0,-2,-2,-1,-1,4,1,5,0,0,-5,3,-1,2,-3,-1,2,2,-1,5,4,4,4,4,4,1,1,5,-1,2,2,4,3,1,-2,-1,5,2,42.9239
532,0,1,-3,3,1,-4,4,-2,-2,-5,2,-3,4,-3,1,-1,-4,3,2,-1,-2,-3,-4,0,3,5,1,2,4,-3,-4,-3,5,3,0,1,0,-4,4,-3,-3,2,0,0,-3,-1,4,3,0,-4,-3,-4,2,4,0,2,-1,0,-2,-3,-58.3406
533,3,-3,-1,-4,0,-3,-2,3,4,-2,4,-2,3,-3,3,4,0,-1,0,-4,2,-5,-4,-4,2,3,0,-2,-1,5,-5,3,1,-2,3,-2,-5,5,-2,-4,1,-1,4,-4,1,2,1,-5,2,4,-3,2,1,-3,4,-2,-1,0,-5,1,-89.1947
534,-2,-4,-5,0,0,-4,2,5,-3,0,0,-1,1,3,-2,-4,-5,0,-1,3,5,-2,1,2,2,5,3,-2,1,0,3,4,2,4,2,1,-3,-3,-5,-5,0,5,0,4,5,1,5,4,-2,3,-1,-2,5,-3,-2,2,2,5,-5,1,23.6669
535,-5,1,-5,-5,2,1,1,3,-4,-2,2,-5,5,-5,-4,-4,-4,-3,4,-5,0,0,-2,3,2,5,5,3,-4,4,3,2,-4,-4,2,-5,-5,3,-2,-2,-3,-1,2,2,2,1,5,2,5,4,-3,-4,4,3,2,-1,0,0,2,-2,-66.5896
536,4,0,3,3,4,-2,-2,-4,3,2,2,-5,-1,1,0,5,-4,2,-5,5,4,0,-5,0,3,-4,1,5,1,4,3,-2,-1,5,-5,5,0,-1,4,-5,-3,-3,-4,3,-4,5,-5,2,-5,2,-1,1,-2,-1,0,0,3,-3,-4,-3,54.3525
537,-5,-3,-3,2,1,0,-3,2,-4,2,-5,-2,5,-1,-5,2,3,4,1,2,-3,5,4,5,5,-5,3,-5,2,-1,2,-3,2,-1,-3,-5,4,-4,5,4,2,5,5,1,4,-1,-3,-3,1,-5,-3,-1,-4,3,-5,0,4,-1,4,4,-36.3951
538,2,4,-2,3,5,-2,-2,-3,-1,1,3,-2,3,-1,5,-5,2,0,-1,-1,3,-2,1,0,3,1,5,0,-4,-3,-5,-4,-2,-1,-3,5,0,5,-1,-4,-5,1,-2,4,-5,5,3,0,-4,0,5,0,-3,3,-4,4,4,-3,-3,3,6.8281
539,4,-3,0,-2,-1,5,-2,5,-5,-1,2,1,-4,1,3,-3,3,0,4,-4,-2,0,3,5,4,-3,4,-5,2,-3,5,-1,-5,-5,0,-4,1,5,3,0,-5,4,-2,0,-3,0,3,2,2,3,4,-1,1,5,-3,3,-2,2,3,-3,-26.6838
540,3,5,-4,-5,-5,4,-5,5,0,-2,1,5,5,-1,-4,1,-1,2,0,2,-4,2,1,5,4,1,4,-5,4,-1,5,3,-1,4,3,-3,2,-5,-5,-5,2,1,-3,2,-5,-3,-3,-2,-4,-3,-5,-2,-1,3,0,-5,0,-4,1,-3,25.0617
541,5,4,-4,-4,1,3,-3,-4,-1,-2,3,-4,-4,-5,-1,-3,3,4,-2,-3,5,-3,-2,-5,-4,0,2,-4,0,3,-3,1,1,-1,3,-5,2,-1,-3,3,4,0,0,5,-1,3,2,1,4,2,3,1,-4,2,-3,-3,1,1,4,1,7.4359
542,5,0,1,-4,3,-3,5,-5,-5,-3,0,1,3,-1,5,2,-3,-3,-2,4,0,1,5,3,-3,-3,-3,5,-2,-5,-3,-4,1,-5,-1,-3,-2,2,2,5,5,2,0,1,1,4,5,5,5,-2,-4,1,4,-3,3,4,4,-3,3,0,-79.7159
543,1,-1,1,-2,-4,3,5,3,5,-1,4,1,-2,-3,-1,5,-3,-2,2,1,-3,4,-4,4,-2,-1,-5,1,2,-4,1,1,-4,-4,0,3,0,-5,0,3,-3,-3,-5,5,3,1,-4,2,-4,2,-1,4,2,-5,-4,3,3,-3,4,0,72.7585
544,5,3,5,2,-5,0,-4,1,3,1,-5,-2,5,-5,3,-1,-5,1,5,2,4,1,5,3,5,4,-2,5,-5,-5,2,-4,0,-4,1,2,0,2,-3,-5,5,4,-4,-3,-3,-2,-5,4,-2,2,-2,4,4,-4,3,2,2,0,-2,-3,-38.8055
545,0,0,4,2,-5,2,3,-1,0,5,-1,1,-4,4,1,-2,0,-3,-2,-3,0,2,-2,-5,0,3,1,3,3,-5,-1,5,-1,4,-1,-1,0,-4,2,4,2,3,0,2,5,2,-2,-2,5,-5,1,5,-4,-3,-1,-5,-2,-2,-3,-3,45.0195
546,5,-2,-5,-4,-1,-1,5,-2,-3,-5,-1,2,-2,0,-5,-1,-2,1,-1,0,-5,-3,5,2,4,-5,-3,3,-4,-2,-1,-1,2,4,3,-4,-2,-2,0,3,3,-2,-1,4,0,5,2,5,-3,-3,4,0,1,-2,1,0,2,3,0,-5,-6.6713
547,3,5,1,-1,4,3,-4,5,2,-2,2,5,-1,5,-2,2,-1,-5,-1,-3,1,-4,5,-2,4,0,4,5,-2,-5,-1,-2,5,4,2,5,0,-1,1,-1,1,-4,-4,-4,2,-4,1,0,0,2,-3,-3,2,2,4,3,-3,-4,1,-5,-102.1141
548,-1,-4,-2,-1,1,-3,2,-1,-5,-4,-1,-2,-4,0,-1,0,5,-1,3,1,0,-3,-4,-2,-3,-5,-5,-5,3,1,-3,-2,3,4,-1,-1,3,-2,-3,-2,-2,1,2,5,-5,1,-1,1,-4,1,0,-3,-5,-3,5,-2,2,-5,1,1,-17.6266
549,1,-1,4,-1,-2,-2,4,3,-2,5,2,-1,2,-5,-1,4,-5,-4,-5,5,-1,3,1,-3,-2,-2,-1,3,0,3,-1,-1,0,0,5,-3,1,1,0,3,4,-2,1,-3,5,0,-1,2,1,5,-2,-2,0,2,1,3,-3,4,2,-1,19.5216
550,-2,4,3,-3,4,3,5,-3,1,-2,5,-3,1,1,-1,5,-5,4,-4,-5,2,-1,1,2,-1,-1,-1,-3,-3,0,2,-1,0,-3,-4,-1,0,-4,3,1,3,4,2,-5,-1,-3,-2,0,1,4,5,-1,-4,-2,5,4,3,1,0,1,-77.8505
551,-4,-1,4,2,3,-3,-2,5,-1,5,1,-2,1,3,-5,5,-1,1,5,-5,0,-1,5,4,-2,0,-5,2,-1,-2,0,0,0,0,-3,3,2,1,5,-3,-1,4,2,-1,-3,-1,-1,1,3,0,-4,5,0,3,-4,3,2,-4,3,-4,1.6322
552,-1,1,3,4,1,-4,3,-3,-3,-2,3,0,-2,-3,-4,-1,-3,-1,3,-4,-3,0,4,-3,-5,0,-1,-3,0,-4,4,-1,1,-5,0,0,5,5,-2,-5,-1,4,-1,-1,5,-4,-1,1,-3,-2,-1,1,-2,0,5,-3,-4,4,-2,-2,-84.3616
553,0,-2,-4,-2,4,5,2,2,-5,1,-4,-3,0,-3,0,2,1,3,-4,3,1,0,-1,-2,3,5,5,3,4,-1,-5,-3,5,0,0,5,0,1,-4,3,1,-4,-3,-3,-2,4,0,2,-2,3,3,0,1,3,2,-1,-2,4,-5,3,81.3667
554,3,2,-4,-2,5,0,-5,-1,3,2,-1,-3,0,3,-2,2,4,-4,-3,1,-4,3,3,-1,0,3,-4,2,4,-5,-2,-5,2,2,4,1,1,1,1,-3,3,-2,-4,-3,-2,0,4,4,5,-1,0,-2,-4,-5,-1,3,5,-1,-5,0,-34.7889
555,2,-1,0,-1,-2,1,-4,-3,-4,-2,-1,2,-3,-4,-1,-4,2,0,2,2,0,0,-5,3,1,4,0,0,5,0,5,3,4,-4,-3,-1,-4,-5,-5,5,-2,2,-4,-3,-2,-4,5,-3,-2,-3,-3,0,3,0,-4,-5,1,1,-3,0,16.654
556,3,2,-1,1,5,2,-1,2,2,0,0,-1,-1,5,4,4,-5,-1,-4,-5,-4,2,-2,2,-2,2,5,-1,-1,2,-5,-3,-5,-5,-4,4,5,1,-3,-2,-1,5,0,-3,3,4,-1,0,-3,-4,-5,-4,1,-2,3,-5,-4,-1,1,-5,-14.5287
557,-4,0,2,1,5,-5,-5,0,-3,-5,3,4,4,4,4,0,5,-1,-5,-4,-4,5,1,-3,-4,-5,5,-5,1,3,-5,-3,2,-5,-5,-3,1,4,5,0,3,3,-1,4,0,4,-5,-3,2,-2,-3,-2,-4,-1,-4,0,1,-4,-4,3,-65.878
558,-3,3,-4,-4,4,-3,1,-5,-1,5,-3,2,-3,1,-4,0,2,-5,5,-5,3,1,-3,5,-5,-3,4,-1,-2,0,-2,-5,-1,-5,-1,1,-5,0,4,1,5,0,4,-5,2,-3,-2,5,-3,4,2,1,-5,-3,3,-5,-3,-5,5,-2,-90.1552
559,5,-3,-5,5,0,3,-1,3,-4,2,0,-1,5,0,-4,5,1,2,4,-1,-1,-1,3,5,3,-3,-4,-1,1,-4,3,5,5,-3,0,-4,-1,-3,2,1,3,-5,-1,-4,5,2,5,-4,-4,5,3,3,4,5,3,1,-5,3,1,5,-47.5288
560,-2,-2,3,2,2,5,-2,4,1,-3,2,2,-5,2,-2,-5,-1,3,-4,0,-1,3,-5,0,3,3,-1,-2,-1,5,5,-5,2,2,-2,-2,-3,-5,-5,-4,3,0,-3,-1,4,-4,-1,-1,0,2,3,0,-2,-5,0,4,-2,-5,-1,5,32.4745
561,0,-4,-2,4,1,3,1,-3,3,1,-5,0,1,5,-2,4,3,2,-4,-5,-2,-3,3,-2,2,-5,-2,-2,-1,1,4,-2,5,1,-4,-4,-5,-5,2,4,-5,4,3,0,-2,-3,-1,2,4,-2,5,-3,-3,-2,-3,3,4,2,4,2,-7.7917
562,-3,-2,2,-4,-1,2,-2,4,0,-5,5,-4,3,2,-1,-3,3,0,-4,3,5,5,-3,2,0,1,0,-3,4,-4,5,-1,-2,-4,1,3,-5,3,1,3,5,-2,5,-2,2,4,2,-5,2,3,-2,3,0,-4,-2,-4,-3,5,-1,4,-43.2376
563,-2,-5,-5,3,5,1,-5,-2,1,0,4,1,-4,-4,-5,-5,4,1,2,-2,-1,-2,-4,1,3,2,5,-4,-4,-2,2,-2,-1,3,-1,3,-5,-4,5,1,3,-3,5,2,2,5,-5,-3,0,2,-4,-1,2,-5,-2,4,0,0,-5,-2,-33.184
564,-3,-4,-3,-3,5,-5,5,-4,-1,0,4,2,0,-5,-3,1,-1,2,1,-5,1,3,4,2,-1,1,3,-3,2,4,-4,-3,-4,5,-5,-1,4,5,5,2,3,5,4,0,-4,1,-1,0,-3,1,-1,4,-2,3,4,0,-2,3,3,0,-16.9446
565,3,-4,1,-5,3,0,-5,-5,3,-5,1,0,1,-4,-4,4,-2,-5,0,2,5,-2,4,2,3,1,4,4,-5,2,-2,-2,-2,5,0,0,3,-5,3,3,-4,-1,3,-5,-1,2,5,2,-4,1,4,4,-1,1,3,3,-2,0,3,-2,-60.4711
566,-1,-1,4,-3,5,0,2,3,4,2,-5,3,2,-1,4,-1,2,-3,-5,-3,2,-3,5,-1,0,1,1,-2,-2,5,-1,1,-4,1,5,-2,-4,0,4,0,-3,-4,4,-5,1,-3,2,2,0,4,-5,-2,5,4,1,-3,5,2,-1,4,-22.6875
567,1,-5,0,-1,-3,5,5,-4,5,-2,2,4,-2,-1,3,3,2,5,-1,-1,2,-4,3,-2,1,-2,0,-5,3,-4,3,-5,5,2,3,1,-1,5,-3,2,3,5,-2,2,0,1,-3,2,3,-1,-3,-3,0,-2,-1,-1,1,3,3,-2,-15.1303
568,-1,-4,0,2,-2,-4,-4,0,1,-4,-4,3,-3,-1,2,-2,5,2,2,-4,4,-3,3,-1,-3,0,1,1,2,3,-2,-5,5,-4,4,5,5,3,-1,-4,-3,-1,-4,4,-3,3,5,-1,0,-2,5,-5,-1,-5,-4,5,1,-1,-2,4,-54.9949
569,-2,3,4,-2,4,0,-1,-3,0,0,-5,2,4,2,0,-1,-1,1,-5,4,1,-3,-1,-4,2,-2,-4,-5,1,5,-5,5,4,-3,3,5,2,-1,3,0,1,-5,3,1,5,1,2,-4,2,-1,2,-3,-2,-2,-1,4,5,2,5,-3,-56.3003
570,5,5,4,2,-2,-4,2,-4,5,5,5,-1,3,-3,3,5,5,-5,-4,4,-1,-2,3,5,-5,2,-5,-4,-1,3,5,-2,3,-4,-1,0,3,3,5,-5,-3,-5,2,3,-5,-2,-3,0,-1,-5,-2,-1,5,4,-4,-2,0,3,5,0,-20.8435
571,-2,-3,0,-2,3,-3,5,-5,-2,1,-2,5,0,1,1,1,-2,-2,-2,-5,-5,1,0,1,2,-2,-2,2,-5,2,0,-3,3,3,-1,5,1,5,4,0,4,-5,-1,-2,0,-2,-3,-1,5,2,3,5,2,-1,1,-5,-3,-2,-5,4,-20.3439
572,1,0,-2,-4,-1,4,-3,-2,2,-1,-2,-5,5,-4,-2,-2,4,4,0,1,5,1,-1,-4,-2,0,1,4,-1,-5,-5,5,-5,-1,1,2,5,3,-5,-3,2,3,4,2,-4,5,5,5,5,-4,-4,5,-4,3,-3,-3,5,-1,2,-4,41.1113
573,2,3,-3,-1,5,-1,5,-2,4,0,3,-3,3,-1,-1,2,-5,-4,1,-1,4,1,2,-4,2,2,-2,3,0,-1,0,-3,5,2,-1,4,5,0,-1,2,-3,4,4,5,1,-5,5,1,-5,0,-5,4,-4,-2,0,0,-1,4,-2,1,-40.4358
574,-1,-5,-2,1,0,-4,5,-1,3,-5,-5,-3,0,0,0,-2,1,4,-3,3,-5,1,-4,5,0,2,1,-5,-4,3,3,1,-2,1,2,-5,0,4,-4,1,-2,0,5,-4,-5,-3,4,3,-1,-2,-1,1,4,-5,-3,4,1,5,2,-3,27.1521
575,-4,3,4,2,-2,0,2,5,2,2,3,5,-4,-3,-4,-3,2,0,1,2,0,2,-4,-3,-1,-5,1,-3,-2,4,1,-4,1,3,4,5,-4,0,5,3,3,-3,3,3,4,0,3,-4,-4,3,3,-4,3,1,5,3,5,0,-1,-3,-50.4774
576,2,3,4,-1,0,4,4,-1,-4,-2,1,0,3,2,3,0,-4,-1,3,4,-3,4,0,0,4,5,-1,-3,-3,-4,-3,2,0,4,-3,-1,3,-1,-5,-5,5,5,-4,5,4,-4,-5,5,0,-1,-5,-5,-3,3,-2,-5,2,-1,-1,0,53.426
577,-5,0,3,4,-1,-4,-3,0,1,-3,-4,1,0,0,5,4,0,-5,3,4,5,-3,4,0,5,4,4,-3,3,-1,-3,-1,2,-5,-2,-3,4,-3,3,3,2,2,2,1,3,3,4,-1,1,5,0,5,-3,-5,3,2,2,4,3,0,-90.7182
578,0,0,1,5,-1,-2,5,1,-2,-5,-3,2,2,2,1,-3,1,4,-1,2,2,2,-4,2,5,1,3,-5,-1,-1,4,-5,-2,-5,3,3,-4,-4,4,-5,3,1,-1,2,-3,-5,-2,1,-3,-2,-3,1,4,-2,-5,3,4,5,-2,2,-34.0109
579,0,0,-3,-5,3,-3,0,1,-3,2,3,3,3,4,3,-2,-2,0,2,-2,1,4,0,-1,4,-3,1,1,-1,-2,-5,3,-2,5,-4,-1,5,5,-4,4,-5,-1,2,2,0,4,-5,1,5,-3,5,3,1,-3,2,3,-2,-4,-2,-2,23.7566
580,0,3,2,2,5,1,0,4,2,3,1,0,-4,-2,4,-2,5,0,1,3,-2,-3,4,2,-4,2,-3,2,4,3,-5,5,-2,-3,-1,-1,-1,-3,-5,2,1,1,-1,-2,-5,-1,5,4,-2,-5,-5,-4,-1,-3,5,5,-5,-2,5,-1,23.076
581,-3,3,-1,0,-4,-2,-1,5,1,-1,5,2,-1,3,-1,2,3,4,4,-5,0,-3,1,-2,2,-2,-4,5,3,3,2,3,0,-5,2,4,-3,0,-1,2,4,3,3,5,5,-5,-4,3,3,1,4,1,-5,-1,4,0,0,3,3,2,-18.5874
582,-5,2,-5,0,3,-3,-1,0,3,4,3,-4,-1,-4,1,-1,0,5,-3,1,1,0,0,2,-3,1,-5,3,-4,0,4,-2,-3,0,4,-3,0,-3,-4,-4,-4,-1,-4,1,4,-3,-3,0,-3,5,-5,-1,0,-2,-4,-2,-4,-2,-1,2,67.4939
583,-3,1,4,1,0,5,3,-1,4,-4,2,3,0,0,-4,4,-3,0,-2,5,4,1,2,-2,2,1,4,-4,-4,1,-3,1,0,5,5,-5,4,5,-3,0,-3,-5,-5,-5,1,-3,5,-1,2,-5,-4,5,-5,3,4,3,3,3,1,-1,45.4436
584,-5,-5,-2,5,-1,5,1,4,-4,-5,-4,5,-1,1,0,0,2,-5,-1,4,4,5,1,3,-3,3,0,2,5,1,3,2,-1,3,3,0,3,-3,-2,1,2,-2,-1,5,4,-4,0,1,-4,-5,-4,-4,3,0,0,5,1,-4,-1,5,76.2939
585,-3,-5,3,-5,-2,0,-1,-5,-5,1,-2,-5,-4,3,-4,1,-3,1,2,-3,3,5,-1,3,-1,5,-2,2,3,4,3,5,2,3,2,2,3,1,-4,-1,-5,0,1,3,1,-3,-3,2,-5,5,-1,-1,-5,2,1,-1,-5,-3,4,3,96.5822
586,-2,-2,5,-1,0,5,1,0,-5,0,-2,2,4,4,4,2,-3,5,4,-4,1,-5,2,-2,4,-3,-4,-2,-5,-5,-3,4,3,2,5,0,-1,2,-4,-5,1,-2,4,5,0,-1,2,0,3,5,2,-4,4,2,-5,0,-2,2,0,-5,-18.5876
587,2,4,1,1,-1,3,2,-2,-2,-4,-1,-5,-3,-4,-1,-3,0,-5,-2,-3,-3,-1,1,2,0,1,-5,-2,2,-5,-2,3,-5,1,-1,-3,5,2,-1,-1,3,2,-4,-5,-1,-3,3,2,4,-3,-5,-3,2,1,1,-3,5,3,-1,4,3.0809
588,2,-4,2,-1,3,-4,-1,-2,-1,-5,0,-4,-5,2,3,-4,5,3,-2,4,-5,-4,4,0,-5,0,-5,-3,-4,4,-1,0,-1,-4,0,-5,1,-4,-5,-2,-1,5,3,-2,3,2,5,-2,-1,4,2,4,-4,0,-2,-5,4,-5,2,-4,-41.9821
589,0,2,-4,2,4,2,2,4,0,-4,-2,-5,1,0,-1,4,-5,3,-4,3,-2,4,2,5,-3,1,-4,3,3,4,2,-4,-5,5,-3,3,1,2,4,1,4,0,3,4,0,0,2,-2,0,3,-4,-4,-1,5,-1,0,-5,3,5,-1,94.2255
590,4,3,-2,-3,-2,-5,-1,-1,0,-3,2,2,0,-4,-1,-5,-4,-5,-5,4,-4,-2,-2,-5,-4,1,-4,-2,-2,-2,5,-3,0,2,5,5,0,3,-5,5,-3,4,3,1,2,2,0,-4,1,-1,0,-4,-4,2,-5,-5,-1,-1,-1,-4,51.5067
591,2,1,1,2,0,0,-1,2,2,4,-2,1,4,1,-5,1,-4,4,-3,2,1,-2,-2,-3,4,-1,5,-2,-5,1,5,-4,-3,4,0,5,0,-4,5,2,2,-2,4,-3,-3,4,-3,5,-3,-5,2,2,-1,5,1,0,4,-5,5,3,32.4566
592,3,4,4,1,0,-2,-2,-5,0,4,-3,-1,-5,1,-4,4,5,-2,5,3,3,-4,3,-1,2,-5,-4,-5,5,-5,-2,0,-1,-1,-5,0,1,-2,-1,-4,5,0,2,-1,2,0,5,0,0,5,5,1,-2,3,-5,5,-3,4,5,5,-29.4324
593,-2,3,-5,5,-5,-5,-1,3,-1,-5,-1,2,2,1,4,-3,-3,-1,0,-5,-2,-3,-4,3,5,-1,-1,0,-4,-3,1,4,-5,-4,-1,2,-1,1,-2,0,1,4,-4,-4,0,1,2,-4,4,3,-4,-5,-1,-1,1,4,-1,-1,3,1,-11.6876
594,0,4,-5,-2,-4,2,-4,0,5,4,-5,4,5,-4,3,1,0,-5,5,-3,4,4,2,-2,2,-2,5,5,-1,-3,4,2,-2,3,-4,-5,-4,-5,-1,-2,-5,1,-4,1,1,0,-1,3,5,0,-4,-2,0,1,-5,-1,-5,-5,4,-4,-0.5655
595,-4,-3,4,-1,0,-5,1,5,-1,1,1,0,5,-4,1,-3,-4,5,3,-1,-3,-5,-3,-4,-2,-2,0,3,3,5,2,-5,-5,4,-2,-1,4,-2,5,0,-2,-5,-1,1,1,4,-5,-2,-4,-1,2,0,5,1,-2,-5,0,5,2,3,-25.2974
596,2,-1,0,0,-3,0,-2,-4,-2,1,0,2,3,-3,2,1,4,-4,-1,5,-5,-5,3,2,3,4,1,4,-3,4,3,2,5,1,3,-3,5,4,-5,2,5,-3,2,1,0,2,-1,-1,4,3,2,-4,4,-3,-4,-1,0,-2,5,-5,-42.2015
597,1,4,1,-2,4,1,-3,5,1,-4,1,3,-5,4,-3,4,4,-4,-4,-4,2,4,-4,-3,-1,4,-2,-4,-5,-1,-1,1,2,1,-3,-1,-1,0,-2,4,-1,4,0,1,3,0,3,0,-1,1,-4,-5,0,-2,0,3,-1,3,-2,-4,33.8353
598,5,-2,-1,5,5,-5,-3,4,2,-1,5,3,2,5,-3,-2,-2,-2,2,4,-1,3,5,-1,3,4,-3,1,-3,0,2,2,0,4,3,4,5,1,-4,-3,3,-3,-3,-2,-3,1,5,-2,5,-2,5,0,-3,2,-2,-2,-3,3,4,1,-16.5975
599,-1,4,2,5,3,-2,-1,5,5,1,5,1,1,1,-2,-2,-2,-3,3,-2,5,-3,-4,-5,4,-2,-3,-5,3,-5,-1,-5,-1,5,5,3,2,-5,1,-1,3,0,1,5,4,4,0,1,-3,2,-2,-5,-2,-2,-2,-2,-3,1,-4,2,-48.3758
600,0,4,-3,-4,-4,0,-4,5,-2,-4,4,2,0,5,4,4,-3,3,2,-3,3,4,1,-1,-3,3,3,3,3,-4,2,3,4,1,-2,0,1,-2,4,1,2,-2,-5,-4,4,-2,0,-5,-1,1,3,2,2,0,-2,-1,-2,1,-4,2,-43.9741
601,0,5,1,-4,-2,-3,-5,-2,-2,2,5,5,-4,-5,1,5,-5,1,-5,4,4,0,-5,1,-5,5,5,-2,0,-5,2,3,4,-3,-4,5,0,-3,1,3,-1,-2,-1,3,-1,4,-4,-3,1,-1,3,-5,3,3,-1,3,-3,-4,2,-5,50.2991
602,0,0,-4,0,-3,3,-4,0,-1,1,5,2,-4,2,-1,2,-1,5,-3,-5,2,-5,1,1,-2,-2,2,4,-5,-1,-3,1,-5,1,0,4,-1,5,-3,-2,-3,1,-5,3,-5,-1,5,-2,0,2,4,0,-1,3,2,-4,-3,5,-2,0,107.8838
603,-2,4,3,3,-3,1,5,1,-1,3,0,-2,2,-1,-4,4,-3,-1,-1,-3,5,3,-3,4,3,-4,-4,2,0,-1,-5,5,-3,2,-4,-4,-5,-4,-5,5,-4,3,5,4,5,2,3,-4,-5,0,-4,-1,4,-5,-1,-3,-4,5,5,4,74.9178
604,2,-4,1,-2,3,-3,-3,1,-2,-4,1,2,-4,-3,-3,5,0,5,1,2,3,-1,-2,2,0,3,-5,1,2,4,1,2,-1,0,0,1,-2,-1,5,3,-3,-1,0,0,3,0,-4,-5,-2,5,4,-4,2,-1,1,1,1,0,2,-4,10.0515
605,1,-4,4,-3,-5,4,-5,-2,-1,1,0,-5,-4,-4,3,-2,3,5,-2,2,3,-3,0,1,4,0,0,4,-1,-3,0,3,-4,5,-5,2,-1,-2,0,-3,-1,3,-3,-1,-1,3,-2,-1,-4,3,4,-1,2,0,-5,-4,1,-1,2,5,68.9111
606,0,-4,0,5,-2,-2,-5,-2,-2,1,-2,-2,2,2,-1,5,1,0,2,5,3,0,-5,-3,-2,1,-1,-2,2,-4,3,0,4,4,0,-2,3,3,5,2,0,2,-2,2,3,0,-4,1,-4,0,-3,2,0,2,-3,0,-4,5,3,-4,50.9445
607,1,0,-3,1,-3,-5,-2,-3,-5,0,0,-1,-4,-4,0,-2,0,0,-2,5,2,-2,-4,4,0,-1,-4,5,1,-2,-5,-4,-2,5,-4,-2,3,-1,1,-1,1,2,-3,-5,-1,2,-4,3,2,-1,5,0,-3,0,5,-2,-2,-2,0,5,79.5506
608,2,-2,1,1,-1,2,2,-4,5,1,2,2,4,2,0,-3,-4,2,1,-1,4,5,2,-2,-4,-5,-2,-4,-3,-4,0,2,0,3,5,0,0,3,0,0,-1,-2,-5,-4,1,5,1,-3,2,1,-4,3,-2,-5,5,-2,5,1,-2,3,-13.6896
609,-2,2,5,2,-3,3,-1,-5,1,-1,5,0,3,5,3,1,-4,-1,-1,5,-1,-4,2,-5,5,3,5,-4,-4,-2,-4,-5,1,-1,-2,5,-2,-2,-2,4,4,-4,4,-4,-1,0,0,-2,5,0,-5,-2,-5,-3,-1,5,-4,0,5,-2,-42.9224
610,2,-4,3,-1,-4,-5,0,-3,-4,-3,1,-1,3,-3,4,-5,4,2,5,-3,4,-4,0,4,-3,2,-3,2,-3,5,-2,-5,-1,4,-4,0,-5,5,1,5,-2,-5,-3,2,-4,-2,3,4,-1,4,-1,2,-4,-2,-1,-2,1,-3,-4,0,33.5999
611,5,1,-2,2,-4,5,-1,5,0,-2,0,-1,-3,-4,-2,1,3,-3,-3,1,-2,0,2,2,1,-1,5,-5,-4,-3,4,-2,-2,-1,-5,-2,2,3,1,2,2,2,1,2,5,2,-4,5,3,-5,0,4,2,3,2,3,5,-4,-1,-2,22.8439
612,-2,1,-2,0,5,5,-4,4,-5,-3,5,5,-4,-3,3,-1,1,1,0,-4,0,4,-5,-5,4,-1,0,5,-5,4,-4,-2,-4,-2,-5,3,0,-4,4,1,-3,5,-2,5,0,0,0,-3,5,-4,-2,-5,4,4,5,5,-1,1,0,2,7.1646
613,-3,3,-2,-5,-5,5,2,2,4,2,-2,0,-4,-3,1,-2,0,-5,4,3,-5,1,2,1,2,-5,-5,5,-1,-3,-1,4,-4,2,2,0,0,3,1,5,4,5,3,-3,-5,2,2,-1,5,-2,2,-1,4,-2,3,-5,-4,5,-5,-1,44.8918
614,4,5,1,3,-4,5,3,4,4,5,-4,2,-1,4,4,1,-2,-5,0,-1,-2,1,-5,4,4,5,5,-4,1,0,-2,-3,4,4,5,-2,3,-1,-4,4,-1,-2,-1,3,-2,5,-2,-4,4,2,3,-3,-2,1,-2,-3,3,-4,1,-5,59.431
615,0,-2,2,-1,-4,-4,-4,3,4,1,4,-5,-1,-5,5,-2,5,1,4,0,1,4,5,-4,3,-5,5,-2,3,-3,4,4,0,5,1,2,4,-3,5,-1,-1,-4,-3,2,0,-2,-2,5,-5,-5,5,-1,-1,3,-1,-5,5,4,-1,-4,-109.2398
616,5,-2,3,-5,1,2,-5,5,-2,5,4,1,0,4,-4,5,0,-3,3,-2,5,-5,2,-2,5,5,5,-1,-5,-3,4,-2,2,-1,2,0,3,3,5,-4,-3,-4,1,2,0,2,-4,2,-3,-1,4,-3,-1,-4,2,-5,-3,5,-2,-2,-82.0584
617,-5,5,2,0,1,2,0,-2,0,5,2,0,-1,-2,5,-2,-3,-4,-3,0,5,0,-4,-2,-5,5,-5,5,-4,-5,-2,-2,5,2,5,3,3,4,5,2,4,-1,-5,-2,-5,-5,-5,0,1,-4,3,1,-1,0,3,-5,2,0,5,-5,4.7894
618,1,-3,2,3,-3,-3,4,4,0,-1,-3,3,1,0,-3,1,2,2,-2,-1,4,-2,-1,0,-5,-3,-4,-5,1,-4,1,0,-4,-1,-2,-2,0,2,4,3,-4,1,-3,4,-1,5,-1,5,1,-4,2,-5,0,0,-4,-3,1,-4,-4,2,89.772
619,5,3,0,-1,-1,-4,-3,2,-5,-3,4,4,-2,5,-3,1,-5,0,-4,1,-3,2,-2,4,-4,-1,1,5,-2,-1,2,4,-1,4,3,-5,2,1,5,1,-3,0,3,-4,4,-1,3,4,-5,1,-4,3,-2,-3,4,3,-2,-2,0,-4,44.4336
620,4,4,4,3,1,-4,-5,-4,-2,1,1,-2,-1,5,3,-2,3,-2,4,-1,-2,0,-5,3,-3,3,4,0,-3,3,5,-1,1,-1,4,4,0,3,5,-5,-2,-5,2,3,2,2,5,-4,5,-1,-4,0,0,3,4,0,0,4,-3,5,-59.627
621,-1,1,5,2,2,-1,-1,-4,2,4,-4,5,-2,0,-5,-1,-4,-2,1,-5,4,-1,3,5,-1,5,4,-4,-1,4,-4,-2,-1,3,4,-1,2,-5,5,5,2,3,-5,1,5,-1,2,-3,5,-2,-5,-3,5,-3,-2,4,4,1,5,1,-31.5899
622,-2,2,4,-4,2,4,-5,5,5,5,5,-5,-5,-3,5,0,-2,1,-3,2,-2,-5,1,2,-2,5,1,2,-2,4,-4,-2,0,-4,1,-3,-4,-3,3,4,-1,0,-2,-1,0,0,-4,5,4,-1,-4,-3,0,-2,-1,-1,-3,1,1,-4,44.3928
623,-1,5,-4,-2,0,2,-4,0,2,0,-1,5,-1,2,-2,2,-2,4,5,-1,4,2,-5,3,-5,-4,-1,3,0,-5,5,2,2,4,3,-3,2,4,-4,-4,-2,0,0,0,2,4,5,3,5,2,0,-1,4,-2,1,3,1,-3,4,-4,17.3909
624,4,0,1,4,-1,0,-5,0,-4,-2,1,-4,4,5,-2,1,-5,5,-1,5,-2,0,-5,0,-4,-4,-5,-1,-5,-4,3,1,-1,4,-2,4,-3,-4,-3,-1,2,-5,2,-4,-5,5,-3,-1,-5,-3,-2,4,-4,2,0,5,-5,1,0,3,127.6192
625,-3,-4,4,-2,-3,-2,0,2,0,3,1,1,-2,2,-2,3,5,1,-5,1,0,0,5,1,5,-1,0,5,2,5,-3,3,3,2,-5,-2,4,-3,-3,-1,1,2,1,5,4,5,0,2,0,-4,-1,0,3,4,-5,2,4,-4,-5,1,51.4537
626,-2,-4,-1,3,3,-3,-3,0,-2,-2,-4,3,0,4,5,-4,-4,-2,1,-4,5,3,2,3,5,-2,5,2,-5,3,2,-4,3,-4,1,5,4,2,1,-1,1,5,1,4,2,-1,0,3,1,-2,0,-4,-3,-2,-1,0,-3,5,-5,-2,-60.6562
627,-1,3,0,0,-2,1,0,-4,-5,-4,-2,5,-4,2,1,0,5,-4,1,1,4,5,3,2,-4,0,1,-3,-4,3,-3,3,-4,-5,2,3,1,4,-5,-4,-1,5,5,-4,-1,-3,4,4,1,2,-5,1,-4,0,-3,-1,-5,-4,-2,-2,79.2359
628,-2,2,-1,0,3,0,-3,3,-1,-2,-1,-5,-5,-5,4,1,-5,2,2,3,2,-2,2,1,-3,-4,2,5,3,-2,-4,-1,-1,2,2,0,-2,-4,0,0,-2,1,5,-3,2,4,-5,1,3,4,3,-3,5,-4,1,4,1,5,1,4,13.2731
629,4,-2,0,-4,0,-2,-4,-1,1,-3,5,-3,-3,-5,1,-4,-1,5,-5,-3,2,3,0,2,-2,-4,3,5,2,-4,-1,3,0,-1,-5,-3,0,4,0,0,-1,-4,3,-4,-3,2,3,2,2,-1,-4,4,-5,-5,2,-3,1,5,3,-5,-45.0181
630,-2,2,-3,1,1,2,0,-5,-5,2,3,3,-2,-3,3,1,-5,0,-2,1,3,0,-2,4,3,4,1,4,-1,-2,2,-2,2,1,5,1,-2,-2,3,-1,5,-4,-2,-4,-2,4,4,-5,-4,1,-1,-4,-5,4,-5,1,3,0,1,0,30.2458
631,-4,-5,1,2,5,-3,4,-3,-3,0,-2,1,-4,-3,-4,-1,-2,2,-1,4,1,5,-3,0,-1,-1,-1,4,5,3,2,3,0,-1,-3,4,-3,5,4,-3,5,3,5,2,-1,-3,-2,1,1,-4,0,-4,-4,-5,5,4,-3,-1,-5,-2,-3.416
632,2,-3,4,-5,-1,-1,3,-2,0,0,4,-5,-3,-4,-5,5,0,0,-2,-1,5,-3,-2,4,5,2,2,4,2,-2,5,0,0,4,3,-5,-4,5,2,4,1,4,3,5,-1,-4,-4,4,-1,-4,-4,4,2,-3,2,2,-4,-4,5,-4,-32.9322
633,5,1,-1,-3,5,3,5,0,2,0,-1,5,3,-4,-3,0,3,3,-1,2,5,3,1,4,0,-4,4,-2,2,-3,5,-5,4,1,0,-4,1,-2,2,4,3,-2,5,2,4,-3,1,4,-2,-2,1,-4,-3,0,-4,2,0,1,-1,-1,-63.2514
634,1,4,5,2,-3,-2,2,5,0,-1,4,0,-5,4,3,2,1,-5,0,-5,0,2,5,-1,4,2,-4,-1,-1,-4,0,5,-4,5,-5,1,-1,-2,2,-2,-5,5,-1,-3,-5,-4,-3,4,0,3,4,0,4,5,3,4,5,2,-2,5,57.6719
635,-2,-3,-2,1,-2,-1,5,0,-4,0,-4,-3,-4,4,1,2,-5,-3,-1,0,1,1,1,1,3,-2,5,-3,0,3,5,-2,1,2,5,-5,-1,-1,1,1,-3,0,2,-4,5,-3,-1,5,-4,-1,-5,3,-4,-2,-3,0,-3,-5,-1,1,23.3615
636,1,5,4,0,-3,-4,-1,-1,4,1,-1,5,2,5,-2,1,1,2,5,0,5,4,-2,1,-1,-1,-5,4,5,3,-4,4,2,-2,-5,-1,-1,-2,1,-5,5,0,3,1,4,3,-5,4,-4,4,3,2,-5,3,1,-1,3,1,4,4,39.1651
637,-5,1,-2,2,-2,5,-4,-4,-4,-2,-3,-1,4,-3,-3,-3,-3,-4,4,-2,0,-4,1,5,-5,-4,2,4,-2,-4,-4,-3,-1,-3,3,-5,1,3,2,-5,-5,-3,-1,1,5,2,2,-2,-3,-4,3,2,-1,-4,-4,5,-5,-3,-2,-3,-26.9732
638,-1,2,-1,3,5,-5,4,3,-5,1,5,5,-2,4,-1,4,-2,4,4,3,-4,3,-5,-1,3,2,5,3,-3,-1,-5,-1,-4,-2,-4,-4,2,-5,-3,1,-5,-3,4,4,-2,-3,4,5,-4,0,-2,4,4,-4,3,3,-5,1,-1,-2,31.0469
639,2,-5,4,-5,3,2,5,2,-5,-3,5,0,1,3,2,-3,2,-4,-4,0,3,-1,-2,3,-5,-2,2,-2,-4,-1,3,-5,1,4,5,-4,0,-3,3,1,1,3,-5,-4,-4,-5,-2,-2,-1,4,-2,5,4,3,-4,2,1,-3,5,-4,-74.5812
640,-1,0,1,5,-4,-2,4,4,4,-4,2,-4,-3,0,-2,0,1,-1,-1,1,-2,-2,4,5,2,3,-1,0,4,3,-3,-2,0,3,5,-2,5,0,3,-2,4,-2,-2,-2,0,-1,-3,5,5,0,3,5,-2,1,1,0,3,-5,4,-5,5.1088
641,-5,-5,-4,-2,-2,3,-3,5,4,4,5,0,0,4,-4,-2,-5,1,2,5,2,-4,-1,1,-2,5,-2,2,5,-3,1,-2,0,0,0,3,5,-5,4,-4,3,-4,2,-5,-3,-1,4,-3,2,-5,5,4,-5,-1,-1,-1,3,-2,1,-5,-41.295
642,1,1,-1,-2,3,1,1,-4,5,1,-2,4,5,0,-3,-2,4,-4,-1,3,4,2,-3,3,-3,-2,-5,-4,-2,-1,0,0,3,-3,4,3,-1,3,4,-1,-4,-5,-5,-4,3,-5,-5,5,-5,1,1,2,0,3,-5,5,-4,2,5,1,42.1027
643,-2,-3,0,2,5,-2,-3,-2,-3,1,-1,-5,3,-3,4,-1,-2,-5,2,-5,1,-2,2,-4,0,0,3,2,5,3,-4,5,4,3,-4,1,-3,3,4,1,-5,-2,5,1,4,0,2,-4,2,-4,-1,-5,2,2,3,-5,5,-2,-1,-5,-133.4067
644,0,2,2,3,-3,2,2,1,3,-2,-2,-5,-5,5,4,-2,4,5,-2,5,0,4,1,-2,-3,3,2,1,2,1,4,0,1,-3,2,4,-4,-3,-2,0,-1,-2,-1,-3,-1,2,1,2,-1,0,-4,5,-3,-3,5,-2,-4,5,-2,-4,52.1527
645,-3,2,0,5,-2,-5,3,-5,2,-1,-1,-1,-1,5,1,1,1,1,-3,1,-4,-5,2,3,-2,-1,-5,-3,3,-1,0,-1,0,1,-1,0,-1,-2,-2,1,-4,2,-1,0,-2,0,-3,1,-4,1,-3,0,1,2,-4,1,-4,0,-2,-5,88.5857
646,2,4,2,0,2,5,2,4,3,4,2,3,5,-2,3,-2,3,5,-2,1,-3,-3,-3,3,2,-4,4,2,-3,-2,2,-5,4,-1,-5,0,2,4,0,-3,-3,0,-2,3,-2,-2,2,-5,5,3,-4,5,-2,4,4,-4,-3,-5,3,4,-30.8539
647,5,5,4,3,-1,5,-2,-1,-5,0,3,5,2,3,4,2,-2,4,2,5,-2,-5,3,-1,1,2,-1,-4,-1,3,-2,0,-4,1,3,5,5,-1,0,-4,-4,-3,0,-3,4,-2,1,-4,2,-2,-2,5,0,4,-1,1,4,-1,-5,-3,59.2069
648,-3,-5,4,2,3,1,5,-1,-5,-3,3,-5,2,-4,-4,4,4,5,1,-1,-1,-2,-2,3,-4,1,4,0,2,0,-5,0,3,5,1,-1,-4,-4,-5,3,2,4,3,5,-3,5,3,5,-3,3,-1,2,-4,5,-3,-1,-1,-2,-1,0,73.2117
649,-3,2,5,5,-1,-3,0,2,4,5,0,-1,2,-4,-1,-5,4,3,4,4,-2,-5,1,-5,1,-3,-1,2,-3,-1,1,3,3,3,2,1,-1,-2,-2,1,2,-2,2,3,-2,1,2,-2,3,2,1,2,3,-3,0,1,-1,-3,2,3,-42.7452
650,3,5,4,-5,-5,0,-3,-1,0,3,-1,1,4,0,4,5,-3,-1,5,1,5,1,5,3,-4,5,5,1,3,-5,4,4,2,3,0,3,-1,3,1,1,5,4,-2,1,-5,3,-4,2,-5,-2,-3,2,3,3,4,-5,-2,5,-1,0,34.2846
651,-2,5,-4,3,3,-1,-5,1,-5,1,5,3,5,5,0,-2,4,-3,-5,-5,5,3,-4,0,-2,4,1,4,-4,3,1,4,-3,-2,-1,-5,4,5,4,-2,-1,-5,2,-4,-5,-4,-4,1,0,1,-1,-4,1,-1,-1,-3,-5,1,3,2,16.308
652,2,-3,5,-3,-2,5,2,-5,-3,-3,2,3,-3,-3,-5,-2,-3,1,-2,-2,2,-5,2,5,-5,-3,1,0,-4,-4,0,1,-4,1,4,-5,-4,3,3,-2,1,3,0,4,5,0,-4,3,4,-1,4,5,5,-4,2,-1,0,-5,5,0,-9.7848
653,-3,2,-1,-4,-5,3,5,0,4,-5,-2,2,5,-4,0,-2,-3,-3,-5,-2,2,5,3,-4,5,-1,-3,-2,0,-2,-4,5,-4,-4,-1,-5,1,-3,-1,-4,-1,-2,2,-3,2,0,0,3,0,1,0,3,4,2,-4,-1,4,4,-5,-2,5.6533
654,-2,4,-3,5,-5,2,1,-1,-5,-2,2,-5,1,4,4,4,0,0,2,-2,-5,-2,-2,5,-4,-3,-4,0,3,-5,2,4,4,-1,-4,1,-4,-5,0,1,-2,0,-3,1,-1,3,5,0,3,1,5,4,-5,-4,4,-2,-5,1,0,-2,22.4667
655,-2,4,-1,-4,-4,-3,1,-5,4,-2,-4,-4,-4,-2,-2,-3,-5,5,-5,-4,-3,5,1,5,4,-2,-4,2,1,-2,-3,0,1,5,-5,-1,-3,-1,-2,3,-5,1,-4,-1,0,4,0,3,5,0,-1,-3,0,-2,-1,4,-2,5,-1,-1,109.8259
656,3,2,-2,5,-4,-3,-3,-5,-4,1,3,2,2,3,4,-4,-3,0,1,-2,-5,-2,-4,-2,-5,-5,1,0,1,0,-2,0,-2,4,0,0,-1,5,-5,0,0,-1,2,1,-3,4,3,1,1,-5,0,-4,2,0,2,1,5,-1,-2,0,28.0283
657,-2,5,-1,-5,2,5,3,4,-3,-2,0,-3,-3,-4,0,5,3,0,4,-2,-5,-1,5,-4,4,-1,-1,3,0,2,2,-2,-2,0,-5,-1,3,-4,4,4,2,-2,-2,2,2,-3,3,-1,-3,-2,-3,-2,-3,4,2,3,2,-2,3,3,-53.5722
658,4,4,0,-1,3,2,-4,2,-3,-2,-1,5,5,-4,0,1,4,5,4,1,-5,2,-3,-2,1,3,4,-3,-1,1,2,-5,3,5,4,2,4,4,-1,-4,4,-5,-1,1,5,5,5,2,1,3,2,5,1,-4,3,3,-4,2,-5,2,-31.3214
659,3,-4,-4,1,2,-5,-3,3,2,-2,4,4,2,5,2,2,-5,5,5,4,-2,-5,-1,0,1,-5,-2,1,-4,3,0,0,1,3,-2,-4,5,-3,2,-5,-5,-4,1,-1,4,-2,-4,2,0,3,1,5,2,-1,4,0,5,-1,4,5,-32.6305
660,1,-2,2,4,4,-4,2,0,-3,-5,-5,-5,-5,2,0,-1,-3,-4,-2,0,1,-2,0,5,0,-5,3,-3,-1,-5,-3,4,1,1,4,-5,-4,5,4,-3,4,-5,-4,-4,-2,-3,-2,5,-5,1,-3,5,-4,-2,-4,4,2,4,2,-5,-6.9313
661,-1,-1,-3,1,4,-4,0,0,-3,-1,2,3,4,-1,3,-2,5,-4,-5,3,5,-2,-4,4,4,-2,3,2,-5,-3,-2,-3,-4,0,-1,0,1,-1,1,4,3,0,-5,-4,1,0,0,-3,-5,2,1,4,-1,-2,-1,0,-1,-3,-3,2,-33.7834
662,4,4,-1,1,-4,0,-3,1,-2,-5,-1,4,-1,-5,2,-1,-2,-5,-5,0,1,3,5,-4,3,3,1,1,1,2,0,-4,-5,4,0,3,5,-1,0,-3,4,-3,5,-1,3,-1,4,-1,2,5,1,-2,3,5,-3,2,-2,3,1,4,9.5027
663,0,0,3,2,5,-4,4,5,1,4,-2,5,-1,0,4,0,-2,0,-1,-1,3,5,1,5,0,-1,2,4,2,2,-5,3,5,1,3,4,5,4,-4,-3,-1,-5,-2,-2,-2,4,-2,-1,3,-4,-3,-4,-5,1,-2,4,-4,4,-1,-5,47.5474
664,0,-3,2,5,5,0,5,5,-3,-4,4,1,0,5,1,-3,4,-1,-1,3,4,2,3,-1,-3,0,0,2,2,0,2,2,3,0,-2,-2,1,-3,4,3,3,5,1,-1,5,-3,-4,-1,-5,3,-5,4,2,0,-3,-1,1,2,-3,-3,-29.4273
665,-5,-5,3,3,-3,-1,-4,-1,1,-4,4,-5,1,-3,3,0,5,1,3,2,0,-3,0,3,1,5,0,-4,4,-2,0,2,-5,0,4,-4,2,2,-3,1,-1,-2,4,2,-2,-4,1,2,-4,4,-1,1,-2,-4,5,0,-3,4,1,2,-17.2379
666,2,-1,2,-5,4,5,-2,-4,5,0,5,-1,2,4,-5,0,4,-5,2,-5,2,-4,-2,1,-2,-2,-1,2,-1,5,4,-3,-5,-2,3,0,5,2,-1,2,-2,5,0,-4,-5,5,3,-3,-3,-1,3,0,-4,1,2,-1,4,5,-5,-4,-63.5439
667,4,5,2,-2,4,4,0,2,-1,0,0,-3,-3,5,-4,5,-3,0,1,-1,1,-3,-1,3,-3,3,4,-5,-5,5,-4,-3,0,-4,-3,-4,-1,-1,-4,3,-3,-1,-1,3,-2,5,-3,-5,-1,0,0,4,0,4,5,-2,-2,-4,4,0,46.6925
668,1,1,-5,0,5,3,2,3,-4,-2,-1,2,5,-3,4,-4,-3,-4,-4,3,-5,-2,-5,4,-2,-2,0,-2,-3,-1,1,-3,1,1,-1,4,4,-4,-1,-4,-2,2,-4,3,2,-4,-4,4,-4,5,0,3,-4,3,-4,-4,2,2,4,-5,48.3147
669,2,2,-2,-3,2,-4,0,1,3,-3,4,0,2,-3,4,5,4,-3,-5,-5,0,-5,-3,4,3,4,1,4,4,-2,-3,-4,-4,4,-4,5,-4,3,-4,-1,0,4,4,5,4,5,2,5,0,-2,5,0,-2,0,-4,0,2,5,5,-1,10.6024
670,3,-1,-2,-2,-1,5,5,-2,-5,-1,-5,1,2,3,4,3,-3,0,1,3,-5,-4,-4,-4,2,4,-2,-5,4,1,2,1,3,-4,1,-4,-4,-1,-1,0,2,-5,-3,-1,4,-5,2,2,0,-5,-2,1,5,5,5,4,3,5,0,-2,-17.7294
671,0,-5,-1,4,-5,-1,4,-1,-3,2,-4,-4,-3,3,-3,-3,-2,5,-5,-2,4,0,-3,2,5,-2,3,-3,-2,-2,-2,3,0,-5,1,0,-2,5,0,4,-5,2,-2,-3,-1,-1,2,-2,-1,-1,2,4,-3,1,-3,-1,-2,0,-5,-4,78.108
672,2,5,-2,-4,3,-3,2,-5,2,-5,3,-2,-4,-4,1,1,1,4,3,-2,-3,1,-5,2,-5,0,-1,5,-2,0,3,-2,5,3,-5,5,2,-2,-5,-2,3,2,4,-2,-1,-3,-5,-1,-4,-1,3,3,-4,-5,0,2,-4,4,-3,-3,-25.0432
673,3,5,5,-5,-1,-4,0,-3,5,-1,-3,-5,5,4,-3,3,-4,4,0,-1,5,-1,2,-3,2,4,2,-4,-1,-1,-5,-4,4,1,3,-4,2,-2,-1,-1,-5,-3,0,2,5,-3,-4,3,3,-4,-2,-2,4,-3,0,0,1,-5,0,2,-84.4662
674,-4,4,3,1,2,1,-5,-2,0,5,4,4,2,-1,-3,5,1,4,3,1,-4,-3,-2,1,-1,3,-3,4,1,-5,5,5,-1,-1,3,4,-1,-5,-2,-1,4,4,-2,2,-4,4,-1,-4,2,-3,4,-2,-4,-4,-2,-4,-2,4,5,2,30.0511
675,-5,-1,4,3,4,1,-2,2,0,-3,-3,5,2,0,-5,-3,-2,-2,2,2,4,-1,-5,-2,0,4,2,4,-4,3,-3,-5,0,4,5,3,-2,-4,4,-5,-1,-4,-3,0,-2,1,-1,-2,1,2,1,-1,2,-5,4,2,-4,5,5,1,-22.4216
676,5,1,-1,-3,5,-4,-1,-5,-2,-1,-2,2,-4,1,-4,-3,-5,1,-2,2,1,2,5,2,0,3,1,-3,3,2,-2,4,-2,-2,2,5,1,-5,-1,4,-5,-3,5,-2,2,5,4,-3,-3,-1,-2,-5,1,0,-4,-1,5,-2,1,5,32.0154
677,-3,-1,-2,-1,3,3,0,1,2,3,-4,0,-3,4,-2,4,-3,1,-1,-2,1,1,-5,2,-3,5,4,5,0,0,2,5,-1,1,0,-4,3,-4,-2,0,-1,-3,-2,4,3,-4,-4,0,3,1,-1,-2,-4,-1,5,4,3,2,-5,-2,69.8432
678,4,-2,3,-4,5,1,-5,5,1,-1,-4,4,2,0,3,4,4,4,3,4,5,4,-1,-4,0,4,1,1,5,1,-5,-4,-2,4,-3,-4,-3,-1,5,4,-1,3,4,-2,-2,5,5,-2,1,-3,-3,0,2,4,5,-1,3,4,0,4,9.4155
679,-3,-2,1,1,-1,-4,-2,-4,5,-2,0,3,-4,-1,-1,0,-4,-2,-5,0,0,-2,5,1,-2,1,-5,-5,0,-2,4,3,-3,-2,-1,0,3,-3,1,-3,-3,-4,-5,1,2,2,4,-1,2,0,3,-4,-2,-3,5,-4,0,5,-1,-3,-25.7851
680,1,3,5,-4,2,-5,-3,-3,1,3,-4,-5,1,-5,4,-3,1,0,2,5,-2,2,-4,-5,2,2,-1,-4,1,-2,5,4,1,3,-3,3,3,2,-5,0,5,0,-5,-1,1,-4,0,-3,2,-2,-1,2,0,-3,3,1,-4,-5,2,0,-106.1903
681,2,-3,-2,3,0,3,5,4,4,0,3,-5,-4,2,1,1,0,-3,-2,-3,-2,-2,4,3,5,-5,5,-3,-1,-2,-1,0,-2,5,-4,4,-4,3,-2,1,3,-4,3,-5,-2,4,2,-2,4,-1,2,-5,-1,4,-4,0,-4,2,-3,1,0.1871
682,-5,-3,-1,2,-1,5,2,1,2,3,-5,-1,5,1,1,-1,2,-5,5,-5,-5,-4,-5,4,-3,2,0,0,-4,4,-2,2,-5,4,-4,2,3,2,3,-1,1,-3,-2,3,-3,-2,1,1,-3,2,-4,-1,3,0,-2,0,-5,2,-2,-4,52.3757
683,-2,1,-2,-1,-5,0,-5,-1,5,4,-2,3,3,-1,-2,-3,-5,-4,5,3,-1,-4,-2,-3,-1,-5,5,-5,-3,-1,5,3,-5,4,-1,3,3,-2,-3,-3,-4,3,-2,-4,-5,-5,-1,0,1,-5,-2,2,-4,-3,-1,2,3,-4,-2,0,14.8056
684,-5,-4,-1,5,-1,3,-4,-1,-5,-4,-2,-4,-3,-5,0,-3,-1,3,-4,1,0,4,2,2,5,3,0,1,-3,-1,0,-1,-5,3,0,4,4,0,0,0,3,4,2,0,0,1,-4,-4,0,3,-4,2,1,-5,-4,-4,-4,-2,4,0,64.3197
685,3,5,2,-4,2,2,-5,3,2,-2,-4,-1,5,-1,1,-5,-1,3,4,2,-2,-4,3,0,-5,4,2,2,2,5,-5,4,4,-2,1,5,2,4,4,1,-4,-3,-4,0,1,1,2,-2,-1,-1,-1,2,4,-4,-4,2,0,-2,-4,2,6.3563
686,1,-2,-3,4,3,1,2,4,-1,-5,2,1,-2,3,-5,-4,-2,-1,-1,-2,0,4,-1,2,-3,0,1,5,2,1,4,2,-2,-3,4,3,1,4,3,-5,-2,2,0,-3,-2,4,-2,1,5,1,1,-1,-5,1,-2,-4,-2,-5,-5,-4,34.4698
687,-2,0,-4,4,1,-5,3,3,-3,-3,4,-1,-3,-2,1,-4,-2,1,-2,4,-3,5,-2,-2,1,3,-1,5,2,-4,4,-1,2,-3,1,1,5,4,2,3,3,1,-4,4,1,2,-2,-1,-2,1,4,5,4,-5,4,4,-2,2,0,-3,-24.7768
688,3,4,-2,4,-3,-4,-4,2,1,-2,2,-1,5,-1,-1,-5,-1,-2,-2,2,-5,-2,4,1,-2,1,-5,-3,0,-1,0,-2,-5,0,-2,-4,5,-5,-3,-3,2,4,1,0,3,-2,1,5,-5,-3,5,4,5,2,5,-5,-3,2,2,4,-21.0016
689,0,4,3,-5,4,4,-5,-1,-4,-3,0,3,1,-5,4,1,-5,-2,-3,-3,-4,2,-3,3,4,-3,-4,-3,2,-2,4,-5,4,-3,5,-5,-2,2,5,3,4,0,-5,4,4,2,-3,-3,-1,-1,0,3,5,-3,3,5,5,-3,3,5,-84.51
690,-2,-4,0,-1,2,0,5,1,-4,3,5,0,-5,-3,3,5,-2,2,-3,-5,-1,3,5,-2,1,5,2,5,-4,2,3,-2,2,-3,0,-4,5,0,-4,-2,-1,-5,0,-3,-3,-3,2,-3,-3,-2,-5,5,1,3,-2,2,3,-1,0,5,-4.3437
691,4,4,-5,1,3,4,2,3,2,-3,-2,2,4,-3,-4,1,3,0,1,4,-4,3,2,5,-5,-5,4,-2,-4,4,4,-5,-2,-3,-4,0,3,-5,1,-4,-2,3,-4,-3,-4,0,-5,-5,-3,-2,2,0,-2,5,5,1,2,1,-2,2,-6.5358
692,1,-3,0,0,0,-4,2,2,-5,-1,4,-2,3,2,1,0,-3,-4,4,1,5,4,-5,-2,-4,3,3,0,1,-4,2,2,1,5,-2,-2,0,-2,3,1,3,-1,5,-3,5,3,2,-2,-3,5,-2,-5,-1,-4,-5,5,-5,3,-3,1,-46.7987
693,5,3,-1,-2,1,-3,-4,-1,2,-2,-4,-3,-3,-5,4,-3,0,-1,4,1,-1,4,-5,1,-1,-2,3,1,-3,-2,3,-5,5,-2,-3,-2,-1,-4,-4,-5,-1,-5,-5,0,0,-4,-5,3,2,-1,-1,-5,0,-4,3,-2,4,2,-3,2,-88.2245
694,-1,5,5,-3,4,0,-2,4,0,1,4,-4,5,-1,0,3,-5,-2,-4,-5,-3,4,-1,-3,-5,-2,-3,-5,1,2,5,-5,1,2,-3,5,3,1,5,-2,2,-2,5,4,-1,-4,-1,0,0,-3,-1,-4,5,-1,-3,0,5,-5,4,-4,-122.7965
695,-5,3,1,-5,-3,-1,0,2,1,-3,-5,-2,-2,-5,4,4,2,2,3,4,-3,-5,5,-5,4,-1,2,-4,4,-2,-2,1,2,-1,0,-1,-1,-2,5,0,-3,-2,4,-3,-5,-1,1,1,-1,-5,-5,-3,4,-5,3,2,-5,-1,5,4,-79.2375
696,-2,4,1,5,-4,1,-3,0,-4,0,-5,0,3,0,5,2,3,0,-3,2,1,3,1,-3,1,0,0,3,4,-3,4,-5,-1,3,5,0,3,5,-4,-2,4,-2,3,1,1,-1,3,3,5,-5,3,3,1,-5,3,-4,-5,1,-5,5,11.2103
697,0,-1,-5,5,-5,1,3,3,0,-3,-4,-2,0,-2,-2,-2,-3,4,-4,-2,2,3,-4,3,-2,5,-5,3,5,2,0,-2,-4,-2,-3,-1,-5,1,-2,-3,4,-5,0,4,-3,-4,-5,-1,1,-4,1,5,-2,0,0,4,0,3,-1,-3,121.3312
698,0,-4,2,4,3,-1,4,3,-2,2,4,-1,-2,1,-3,5,1,-5,2,-2,5,-4,-1,5,-2,-1,-1,0,-2,2,3,-1,-4,-1,-3,-1,-5,4,0,3,4,4,-1,-4,5,-5,-3,-2,-3,4,2,2,4,-1,-1,2,0,0,0,-4,-35.0601
699,2,5,1,-1,4,0,3,-3,-2,0,4,-1,0,-5,4,-3,5,-4,2,-3,-2,-3,-4,-3,3,-1,0,5,4,4,1,-4,5,-3,3,5,2,2,2,1,0,1,2,0,3,-2,4,0,5,2,5,1,0,2,-4,-4,1,-4,0,4,-125.8066
700,-3,-1,0,-1,2,-2,1,-3,2,4,4,1,-4,2,-2,5,3,-2,3,-4,-1,-4,-2,1,-4,-3,2,-3,2,0,-3,4,2,-5,-1,-2,4,3,4,-4,5,1,1,5,2,5,1,0,-5,-4,1,2,-5,4,-4,-2,-4,5,-2,1,-18.3168
701,2,-3,-2,-2,3,-5,-5,4,-5,-5,-3,3,2,3,4,2,-3,2,5,-3,2,-5,0,-4,1,3,3,-2,-4,3,-1,5,0,1,1,0,-1,4,1,2,-2,2,0,5,-4,-5,4,4,1,2,-4,2,-3,-1,5,5,4,-2,4,1,-13.3805
702,5,5,-5,-3,-3,3,1,-2,0,0,5,-4,0,5,0,-3,2,-2,-3,4,5,1,3,1,-2,1,4,-5,-1,-4,2,0,-5,2,4,2,0,3,1,0,4,5,-2,4,-1,-2,2,-1,1,3,0,4,4,3,1,-4,0,1,1,-1,-1.0776
703,0,-4,2,0,-1,5,5,-2,-1,-3,1,-4,-5,3,-3,0,1,-5,2,-2,-1,-1,4,1,3,4,4,3,5,1,-3,5,-3,-4,5,-1,5,1,-1,-1,4,5,3,-5,-2,4,2,1,-3,-3,-3,0,4,0,-2,2,2,-2,-3,5,-25.2518
704,2,-1,0,3,0,-3,-4,5,1,1,-4,-3,0,0,2,3,-2,-3,-3,-4,-3,-5,-3,-5,5,-5,-1,-1,0,0,-4,3,-5,-2,1,-5,-1,0,3,3,5,-4,3,-1,-3,4,2,5,0,1,4,1,4,4,0,-5,1,2,-1,-1,-14.2804
705,3,-2,5,2,-5,-2,3,5,3,3,3,-2,5,-5,1,5,5,-1,3,0,0,-3,-2,4,2,-3,5,-2,2,-2,3,-5,4,-1,5,0,-3,1,1,-3,-5,-4,-4,0,-3,-5,-5,1,4,3,-3,0,5,2,3,3,0,0,3,-5,-114.4215
706,5,2,4,-1,-4,-5,4,0,0,0,-4,5,-4,4,2,-4,0,-4,-3,4,-3,4,4,5,-1,2,1,-1,4,-1,-5,-1,2,-5,2,-1,-4,3,0,4,5,4,-3,-4,5,-1,2,4,-3,0,-5,2,-1,4,5,2,5,5,-2,-1,33.0122
707,1,0,-3,-5,3,4,-1,-5,2,-4,-3,-1,5,0,-1,-1,-4,-3,3,-2,2,-4,-2,1,-5,5,2,-4,3,2,3,-1,-4,5,2,-3,2,0,2,-4,5,4,1,-2,0,3,-2,-5,2,-5,-3,0,-5,-3,-3,4,-5,4,-3,4,-14.0292
708,3,1,5,3,-3,3,5,-5,-1,1,4,-5,-3,3,3,3,3,-2,3,-5,2,-3,3,-1,1,-3,5,3,-3,-2,1,5,-5,-3,1,2,0,-2,-5,-5,-1,2,3,-5,0,-5,-2,-1,-4,-2,0,2,-3,-2,-1,5,5,1,3,2,-74.3917
709,5,1,-2,4,5,-3,-1,-3,0,-4,4,-2,-3,-5,-5,5,3,0,-4,5,-5,-5,1,2,-1,-1,-1,-3,-3,3,3,-1,-4,5,4,1,0,-4,1,-3,-1,4,3,-1,-4,5,4,2,1,-4,2,4,-5,5,2,3,-2,-4,2,2,48.5677
710,5,0,-3,2,2,-5,4,-2,-4,4,1,4,0,-1,2,1,-4,4,5,1,5,-4,-3,0,4,2,5,-2,-4,-2,-2,-2,-1,-4,0,5,-2,-3,-1,-2,-4,3,-3,2,-4,-1,4,4,2,-5,-1,-4,-2,1,-2,-3,1,-2,-1,-3,-9.2163
711,-3,-1,2,-1,-1,0,-2,-2,-1,2,-1,5,4,-1,-3,2,2,0,0,5,1,-1,2,-4,-5,1,0,3,-1,-5,2,2,1,1,5,4,-4,0,-3,1,5,5,1,1,-1,3,4,-5,1,1,-4,-1,1,-5,1,-3,4,-1,5,-1,-28.2709
712,-1,3,-2,-1,3,4,1,2,4,1,0,-2,-4,-5,-4,3,-2,3,0,-5,0,2,2,0,-2,0,-4,-4,3,1,0,-5,0,-2,0,-3,3,5,3,-4,5,-4,-3,0,-5,-1,-5,3,-3,0,-2,-5,5,-3,-2,-5,-4,-1,-4,1,2.1411
713,-4,5,-3,-5,2,-1,0,-3,0,3,-2,-5,1,-4,-3,3,2,4,-4,1,-3,-5,3,-1,-3,-4,0,3,1,5,3,0,-4,-2,1,-5,-4,0,-1,1,-1,-1,-5,-4,3,3,-4,-4,-2,-4,-3,5,2,2,-2,5,-3,3,-2,1,48.5625
714,-5,5,-3,3,4,2,2,-2,2,-5,-2,-3,3,3,4,5,5,3,5,-5,3,3,0,4,0,-4,1,5,2,-3,-4,3,-1,-2,4,4,1,3,-1,-1,4,4,-4,4,-3,-4,3,3,4,-2,1,4,2,1,3,4,1,0,-4,4,-27.5555
715,-5,-3,1,5,-1,3,-4,-4,-3,3,3,4,2,4,2,-5,1,-4,-1,2,3,5,1,-4,-3,-4,-1,2,-5,3,1,0,-1,2,3,2,2,-3,4,-3,-2,5,4,3,4,2,-3,-2,2,-1,-3,2,-3,-1,-2,-3,3,0,-2,-1,28.9428
716,-2,5,-4,1,3,-4,-1,1,-4,5,2,-4,-1,-1,-1,-4,1,5,0,-2,5,-2,0,2,-5,-5,-5,1,-3,4,3,5,-4,1,-3,-2,-2,2,-2,5,2,-5,1,2,1,4,-1,-3,3,-5,5,-2,-4,-2,-2,-3,3,4,-1,0,59.4601
717,0,3,-1,0,-2,-4,-3,2,4,4,0,1,-5,4,-3,4,-5,-5,1,2,5,-4,2,3,0,5,-5,-2,-3,-2,-2,-2,-1,1,4,2,4,-3,0,-1,-4,1,-3,1,2,3,-4,4,-2,-2,-3,-4,3,-2,3,0,0,4,4,3,81.5461
718,-5,-5,-3,0,-5,5,-1,3,-3,4,4,-3,4,2,2,0,-5,5,3,-4,-4,5,4,2,3,2,-5,-4,3,-4,5,5,4,-5,0,0,0,-4,0,-4,2,1,4,-4,5,-4,2,-3,-5,1,-5,5,-2,1,-2,-5,-3,-2,2,-4,-53.0447
719,-2,3,-4,-4,-4,0,4,2,0,-4,-3,5,4,-4,0,2,0,-3,1,5,1,0,2,2,3,0,-3,0,-4,5,-2,-2,2,0,5,0,-2,3,-2,-5,-3,1,-1,-1,0,-4,5,-1,-2,-5,-4,-3,0,1,-2,-4,-1,-5,5,4,9.345
720,3,-5,1,3,4,-4,5,-1,5,-4,2,5,5,2,5,-2,0,-2,2,-2,-3,-4,4,5,-4,4,-5,1,3,2,-5,-1,5,2,-2,-3,-3,-3,0,-5,0,2,4,-4,3,-1,4,5,0,1,4,4,-5,-3,0,3,1,3,3,2,-35.686
721,-2,-3,-3,-2,-5,-4,-4,0,-4,-3,0,-4,-1,-4,1,2,2,-4,-5,-4,-1,1,-3,1,-3,4,-3,-2,2,-1,3,-3,-2,-3,3,3,-5,-4,-4,-5,-1,-2,1,2,0,-5,-1,0,3,1,0,5,2,1,5,4,-2,-5,0,-3,-33.3529
722,5,-5,-2,0,-2,4,0,-1,1,1,1,1,5,-2,0,-1,-1,3,0,-1,3,0,1,-4,4,0,5,4,-3,-3,2,4,-1,4,-1,-1,3,-1,0,5,5,-4,1,3,-1,-3,2,1,0,1,1,5,5,0,-2,-5,2,-2,-2,-3,-40.6203
723,-1,1,-4,-3,-4,-4,-5,0,-2,4,5,4,-2,3,1,3,1,-1,2,3,-5,0,5,-1,-4,-3,5,-3,2,0,2,-3,0,3,-5,0,0,3,3,-5,-3,3,-1,4,4,3,3,3,4,4,3,5,5,-4,-1,-1,-2,1,-2,3,6.1024
724,-1,4,2,5,-2,-1,-3,-5,-5,-5,3,1,-2,-4,-3,0,-5,4,-4,4,0,2,3,-1,-4,-4,-2,4,-5,-3,4,4,5,3,5,-4,-4,-4,1,0,0,-4,1,3,5,-3,-3,-1,-1,1,5,2,4,3,-3,-2,-2,2,-2,3,63.4698
725,3,4,3,-1,5,0,-2,-5,0,-3,-5,2,-2,2,-2,-5,5,1,-3,-2,-1,-4,2,4,-3,1,-3,2,-2,4,5,-5,-2,-3,-2,-3,3,5,-3,-3,-1,5,0,-5,1,-1,2,4,2,1,-2,-1,-2,-5,1,2,3,4,-1,2,-8.3975
726,-1,4,5,0,-1,2,5,5,0,3,4,3,2,0,3,0,0,0,5,-2,-2,4,2,-4,1,-3,-1,-2,-1,-5,-1,-4,1,-5,4,2,-3,-2,-4,0,4,-4,-2,0,-3,-1,-3,2,4,4,5,5,2,-3,2,-4,3,-3,0,-2,-81.1785
727,0,4,-2,2,-1,-3,1,-1,1,5,-3,2,-1,-2,1,-3,3,-4,-2,-4,2,0,-2,-1,5,-5,-3,-2,-2,-2,1,-5,0,-4,0,5,5,-2,5,-1,5,-4,3,4,3,4,5,-1,5,4,-4,-5,-1,2,2,2,-5,-4,-1,-5,-112.1671
728,2,-2,-4,-2,2,-2,2,4,1,5,-1,-1,1,-2,2,0,5,-2,5,-2,-4,2,-2,2,-3,-5,4,3,-5,2,-1,-5,4,5,4,-3,4,2,5,4,4,-2,5,1,-5,-4,-2,2,0,-1,-3,2,-3,-4,5,-3,0,2,-3,-1,-76.569
729,0,-4,5,4,-4,3,-3,-2,4,1,-2,3,0,1,-1,0,-5,0,1,-5,1,5,-5,-4,0,-3,-3,-3,5,-1,4,-3,5,-3,-2,-1,1,1,-1,4,-2,-1,-5,-1,1,0,3,1,-3,-4,-2,-5,0,-1,4,-2,3,3,1,-4,-47.6669
730,5,4,-2,-1,0,-3,5,-1,-1,0,-3,-5,-5,-2,2,-2,-1,-2,-5,0,-3,-5,2,3,-4,2,-5,1,-4,-4,1,0,-3,-5,2,-5,-2,5,0,2,-2,3,1,0,4,-3,2,0,-4,5,4,4,5,1,4,-5,-4,3,4,-5,-2.3065
731,4,-5,4,0,-1,-1,1,-4,-5,-2,-5,-2,5,-4,-3,-2,-2,4,-1,2,-3,3,-4,0,-1,-3,-1,0,4,5,5,2,2,-5,-4,2,4,4,-5,-5,-2,-5,5,3,-4,-5,-1,-4,-3,-2,-1,-3,4,4,-1,-5,4,5,-2,-3,-38.3864
732,-2,1,-4,-5,5,-3,1,-1,4,2,0,3,-5,1,-2,-5,3,-2,5,0,4,5,4,-2,-2,0,-3,-1,-2,5,1,-1,-5,4,-4,3,0,2,1,5,-5,3,5,5,-4,-4,-1,2,2,4,5,-3,-1,-1,0,-4,4,0,0,-2,37.5506
733,4,4,-1,3,1,0,-4,-5,-2,-2,2,-4,-4,0,-4,2,-3,-4,-3,4,-5,2,3,-2,0,0,1,1,-4,-1,4,2,-1,0,5,-5,-5,3,-4,2,-2,-2,-4,-1,4,-2,5,5,-5,0,3,-1,0,-2,-3,4,0,-2,3,4,45.2875
734,2,-1,-4,-1,-4,2,-2,-4,-3,-1,5,5,-2,-3,0,-2,1,-5,2,-4,5,-1,-1,5,4,5,-2,-4,-1,0,5,-3,5,-5,2,0,2,-1,-3,0,2,-3,-1,-1,3,-5,-1,0,-3,4,0,-2,-5,-3,4,4,4,-1,2,-1,-81.3278
735,0,3,-3,0,-5,4,3,5,4,-4,-1,-4,-1,-3,3,4,2,0,-2,-1,5,5,-2,-1,4,0,-1,-3,-4,4,2,3,-4,5,-3,-3,0,5,3,1,1,1,4,-4,-2,1,-5,1,-3,4,-1,-4,-3,5,0,-2,-2,0,-2,-2,99.1781
736,2,-4,-1,1,-2,-4,-5,3,3,1,-3,5,5,-3,3,0,5,-2,-4,2,1,4,0,5,1,3,0,-1,-2,5,-5,4,5,3,-3,-5,-3,-4,0,5,4,-3,2,4,-3,-1,0,-4,2,4,-1,2,-4,-2,2,1,-3,-4,2,-2,22.2605
737,0,3,3,3,2,2,1,-2,4,0,5,2,-1,4,5,3,4,-1,5,-4,1,1,-4,3,-2,3,-1,0,4,0,3,2,5,-2,4,2,4,3,-4,5,5,-5,3,5,-1,1,4,5,1,0,-2,3,5,3,3,5,2,5,-2,-1,-15.5529
738,5,-4,-5,-5,-1,-2,5,-4,3,3,4,1,5,-2,1,0,2,0,4,-2,-2,-5,0,-5,-5,3,4,4,-4,-1,3,1,-3,-2,-3,-5,2,5,3,2,0,1,2,-3,3,-4,1,-5,0,4,-2,-1,1,2,5,-5,0,-2,4,4,-128.3825
739,0,-3,-1,3,4,0,-3,-4,5,4,5,-1,4,-5,-2,-5,-3,2,2,-3,-2,1,2,-3,-2,-4,2,2,5,2,3,-5,4,-2,-2,5,-5,1,4,-4,-1,1,-4,-3,1,-1,4,-4,0,-1,0,-2,-5,5,2,5,-4,2,-4,-4,-122.0866
740,3,4,3,-4,5,2,-5,4,1,-3,1,2,5,-2,-1,-4,-4,3,-1,-1,0,-3,2,3,2,-3,-2,5,-1,4,-3,1,2,1,3,-2,4,0,2,-1,0,5,4,-2,-5,5,-4,2,4,-3,-2,2,-3,-2,1,1,-2,2,0,-1,3.3691
741,-1,-4,4,-5,5,0,-1,4,-2,5,0,-3,-1,3,4,-4,4,-4,4,2,-5,-5,-3,-4,-1,-5,-5,-5,4,3,-2,4,0,1,0,-3,3,2,-3,-5,4,5,-5,-1,5,2,3,-4,4,-1,3,5,1,1,4,1,-1,0,-3,-4,-105.8554
742,-5,-3,-4,2,-3,-5,3,0,-3,5,5,0,1,5,4,-2,-5,-5,0,-4,-1,1,-4,4,0,3,1,-3,2,-1,4,-2,-3,-1,-1,1,1,-1,2,1,-4,5,-4,-5,1,2,1,2,1,-1,4,-2,-2,-1,-2,2,-4,0,4,4,9.4725
743,0,-4,5,-2,-5,4,-1,-4,0,0,0,-4,-3,-4,4,2,-5,5,3,-4,3,-4,-2,4,1,-2,-4,1,5,2,-5,-2,3,4,3,-4,-5,0,-2,-2,0,2,-1,2,-5,4,-4,0,-1,4,-2,2,-5,-2,-4,-1,-4,4,4,-1,88.0143
744,-1,1,1,3,3,2,-5,-3,-5,-5,-3,5,-4,3,0,5,3,-3,0,4,0,-4,0,-3,0,-2,0,-2,-2,-4,2,2,-3,0,-1,-4,1,-5,-2,-3,3,2,-2,1,-3,3,-2,-4,0,-4,3,-3,-2,5,1,3,-4,1,5,-3,9.937
745,-2,-1,5,0,4,3,5,-4,0,1,1,3,2,1,-5,2,-4,4,3,-2,4,-4,4,-4,2,1,-3,3,0,-5,4,-2,1,-3,0,4,1,0,-3,-4,2,-2,2,-3,5,4,-3,5,2,3,-4,-5,0,-5,3,-5,5,5,4,5,-62.516
746,-1,-5,1,-5,1,0,-3,1,-2,3,5,2,2,-5,5,-3,2,2,-4,0,4,-2,0,-1,-1,-2,3,0,-5,2,2,-3,-5,-3,-3,-3,4,-2,-2,-4,5,3,4,5,1,-4,3,-1,0,5,4,-2,0,0,5,0,4,2,4,-1,-133.9419
747,-2,3,1,-3,-3,1,5,1,-2,-1,4,-1,-1,-4,5,3,0,1,-1,-4,-2,0,5,-3,-2,0,3,2,5,2,5,-2,1,-3,-1,3,-3,4,1,1,-4,0,3,-5,3,5,-2,2,-3,2,-1,5,-4,-5,-1,-1,-5,4,4,5,8.9437
748,3,4,-2,4,5,0,-1,1,4,5,-5,5,-1,1,4,0,2,1,4,1,-3,2,4,-3,2,3,-1,-3,2,1,5,-5,2,-1,-5,2,-3,5,-5,-2,3,-3,4,3,0,-3,2,-3,-4,0,2,3,5,-5,-5,1,3,-3,-1,3,-23.8129
749,1,1,4,5,0,-4,5,-2,1,-4,0,5,-1,3,-2,-2,-4,-2,2,2,3,5,-1,-4,5,2,-5,-1,3,1,-3,0,-1,5,1,3,1,-1,1,-1,1,5,-3,-4,1,0,4,-2,2,0,1,4,-1,2,-3,5,-3,-3,-2,0,30.8116
750,-1,-5,-4,5,-1,5,-4,-1,-2,-3,5,-2,-2,5,-3,5,4,0,4,-5,0,-5,2,-2,-2,1,4,4,4,5,0,1,5,4,3,-1,-4,1,-2,5,1,2,-3,2,-4,-1,0,4,-1,5,1,-2,3,-4,1,-5,-4,-3,-2,4,21.8117
751,2,2,1,-1,-1,-3,-1,-1,5,5,5,-3,-2,1,4,-4,4,1,1,-2,-2,0,1,-3,5,1,1,3,-3,-4,4,3,-4,5,0,3,5,5,-4,-5,0,-3,-5,1,3,3,4,0,3,2,2,1,4,0,4,2,3,-4,-3,3,-63.4369
752,4,-3,0,-1,-5,4,1,-4,-4,1,-4,5,2,0,3,5,-3,-2,-1,2,-4,4,-1,4,2,1,-3,0,4,0,2,-2,4,5,-5,-2,-1,-5,4,-5,-2,3,5,4,1,4,-5,3,0,0,3,-4,1,2,3,3,1,-5,-1,-4,47.3091
753,-4,-1,3,-3,3,-5,0,1,-3,3,3,-3,0,3,-1,3,1,-5,5,-2,0,2,-4,-3,-4,3,0,4,0,0,-5,-4,-1,-1,-5,3,-1,4,1,4,-4,1,0,-3,2,2,3,2,1,-3,-1,-4,3,-3,5,1,2,4,4,-1,-66.9865
754,3,2,0,5,-2,0,-5,-1,-4,4,1,1,0,1,-5,-1,3,-5,5,2,-4,-2,1,5,-1,-2,5,-4,0,-4,1,3,1,0,4,-3,-5,-3,-1,0,5,0,-2,5,-1,-4,-4,2,-5,-2,4,5,4,3,3,5,-1,-3,-1,-2,-14.9166
755,0,-1,3,0,-2,1,-1,5,-3,1,2,-2,-2,0,-5,-4,2,1,0,-2,4,5,5,4,0,-4,-5,-3,-1,0,-2,-4,0,-5,-2,3,-5,-3,4,4,-5,-1,-1,3,5,-5,2,4,-1,2,-5,2,-3,4,0,-4,1,3,2,1,35.3566
756,0,-1,2,-3,-3,1,-5,1,-3,3,0,-2,3,2,-5,0,-2,-3,-5,-1,4,2,-2,-3,-5,-1,2,-2,1,-2,-2,1,-3,0,-2,0,2,4,3,-3,2,-2,1,-3,-2,1,-2,4,-2,-3,5,0,3,4,4,3,1,5,5,1,4.1822
757,-5,0,0,-4,2,1,4,-5,-1,-4,1,0,-1,-5,-5,-3,2,4,-3,-3,3,-5,-5,-1,5,-5,3,2,-2,-4,-4,0,0,-3,0,3,4,3,4,-5,5,-3,2,-4,5,4,-4,-5,-2,-5,-2,0,-5,-2,4,-2,-5,0,4,5,-117.0863
758,-4,5,-5,5,1,4,-5,5,4,-2,5,-2,-4,3,2,0,4,4,-5,-1,0,0,1,-5,2,-2,-1,3,2,-1,-5,3,1,-3,-5,2,-4,5,4,5,-2,5,-2,5,4,-4,-2,-3,2,4,5,4,-4,-3,4,1,-5,5,3,-4,44.5284
759,3,-1,-4,0,5,2,0,5,3,-2,2,-3,4,5,-2,2,0,0,3,3,3,2,4,3,-3,-5,3,-1,-3,2,-2,-2,-5,-3,1,5,-4,-5,0,0,0,2,3,-2,-2,-5,1,2,-4,3,-3,-1,-4,3,-4,-2,-2,5,1,-1,-0.2405
760,2,-3,0,-5,-3,-5,0,-2,-3,-5,-5,2,3,4,3,-5,2,2,-5,2,2,-4,5,-4,-1,5,5,1,4,1,5,-2,5,-4,-3,5,1,-2,3,-1,-3,-3,-2,-4,2,2,-5,-1,2,3,3,5,2,4,-3,-1,4,-1,3,-2,-87.5837
761,4,5,0,2,4,-3,3,4,4,3,5,4,4,1,-1,5,2,-4,0,4,-4,3,-5,-5,1,3,1,1,1,0,4,-2,-2,-1,0,-3,5,0,4,4,3,-2,-5,-4,2,-3,-4,-1,0,-5,5,-4,-3,0,2,0,-5,-5,2,-4,-83.0337
762,4,-5,-1,-3,2,2,-2,3,-1,1,5,0,2,5,-3,-5,0,-1,-4,0,1,0,-2,-2,-3,0,4,3,5,-2,-2,0,-2,5,4,-4,4,-3,-5,3,3,-1,-5,5,0,3,1,5,3,-5,5,-2,2,2,0,-1,1,-1,2,-4,-15.0854
763,-1,-5,-2,3,-5,-1,5,-1,-1,0,-2,-3,-2,-2,2,-2,-2,-5,-3,5,2,5,4,2,1,-5,4,-3,3,2,5,2,2,3,-1,5,-5,5,0,-2,-2,-3,1,4,-4,-1,-3,4,-2,-4,4,-1,-5,-1,-4,-1,4,-3,-3,0,65.6154
764,1,0,2,2,2,2,-4,2,-3,1,-1,-4,5,2,3,4,5,3,-1,3,-4,-1,-1,-3,4,3,2,0,-2,-3,-2,-1,0,-2,1,-5,-1,-3,0,4,3,4,1,-2,2,2,-2,2,4,3,3,5,-5,-1,-1,1,5,-3,3,5,1.3342
765,5,0,-2,2,-1,4,-5,1,-5,0,-3,-1,-3,-4,4,1,-2,-1,1,-5,-2,-4,-4,5,4,3,0,2,3,-2,4,4,0,5,-1,-4,-4,1,1,5,-4,-5,-1,-1,-3,5,-5,4,2,-1,0,0,-2,5,-5,-3,3,2,5,0,148.7353
766,-2,0,-1,-2,4,1,-2,4,-2,5,1,2,-1,-3,3,-4,3,-3,-2,3,-4,5,0,1,-4,0,-4,1,2,5,2,0,1,-5,4,0,2,-2,-4,1,-4,2,5,-3,-1,-5,-4,-5,-1,2,-2,4,-1,0,-4,0,2,-1,4,2,40.6657
767,4,4,-2,4,2,1,5,2,0,0,2,1,3,0,-4,-2,3,-3,3,3,1,2,-3,2,-3,5,-2,-1,3,-5,1,-1,1,1,2,1,4,2,1,-4,-2,4,2,-5,-4,3,-3,-5,-1,-2,-3,3,0,3,-3,-4,-3,-5,4,-1,16.321
768,-4,-2,1,2,-2,-5,-4,-3,-3,-2,-2,1,0,-5,-5,2,0,-2,4,-3,1,-5,-4,-5,-4,1,-1,3,0,1,4,0,3,2,-1,-3,-3,-1,-5,5,-4,4,-4,-1,-2,-5,-4,0,1,-1,-3,-2,0,3,-4,5,1,4,-5,-3,59.5439
769,-4,-2,3,4,-2,-1,0,-5,3,0,5,0,1,-1,-3,-5,0,0,-5,-2,-3,2,-4,-4,-5,-5,-3,-2,-2,4,4,1,-2,5,-5,0,-1,2,-5,2,-1,-5,-3,4,5,5,4,-3,-4,-3,5,-5,2,1,-1,0,0,5,4,3,26.6759
770,-5,-5,4,1,4,1,-4,5,-4,2,-3,3,-3,2,3,-5,2,5,-4,5,2,-1,-2,1,0,-5,-4,1,2,2,1,-3,-5,-1,1,3,-1,5,-3,0,-3,4,-4,1,-5,-5,-2,3,-5,2,2,0,-3,-1,4,0,-2,-5,-4,4,119.0736
771,-2,0,4,-1,3,-3,1,-2,-1,0,4,5,2,5,-4,-5,2,-5,-4,0,3,0,-2,4,-4,1,3,3,-5,0,1,-1,0,-4,-2,2,4,2,4,2,-3,-4,3,3,3,0,-2,-5,1,-3,4,-3,-4,2,1,5,-5,3,-5,5,-16.7388
772,5,2,1,-1,5,-3,2,-1,-2,-2,1,-2,0,2,-2,-4,-4,2,-4,-4,-3,-1,-4,-5,3,-1,-5,-4,5,0,3,1,1,4,3,4,-2,5,-2,5,1,-4,2,1,-4,-1,2,2,4,-3,-4,5,-1,4,5,4,0,5,-4,4,38.9517
773,5,2,-4,-5,-4,4,-2,-4,1,4,0,-3,-4,3,2,2,-3,-4,5,-4,1,3,-5,2,1,5,-2,-2,-3,-2,2,3,5,4,2,-1,4,-4,-3,-1,-2,3,4,1,-2,0,2,0,5,3,5,0,-2,-5,0,4,5,1,-1,-4,-0.8586
774,3,1,-3,-5,3,4,-4,3,0,-3,-4,1,-1,-3,-5,-5,-4,1,4,-1,1,4,1,0,2,-2,3,0,4,2,-3,-3,1,4,3,5,-1,-1,3,0,-2,3,4,0,-4,4,-2,3,5,3,4,-3,1,4,-5,-4,0,-2,-2,-4,31.584
775,-3,3,3,4,-5,-1,4,2,-2,0,3,3,4,-1,3,-2,2,0,-4,-2,5,3,-3,5,3,3,4,5,5,-2,-4,5,0,4,5,1,-3,-5,-4,-2,4,5,0,-2,2,2,-4,-2,-3,-3,3,-1,5,2,0,-3,-1,-2,5,0,0.9886
776,-3,-1,-1,-5,-5,-1,-2,3,-3,-3,-5,-1,5,3,-4,2,5,2,4,-1,4,1,-3,0,-3,0,0,1,-5,1,-2,0,-3,-4,-3,1,2,0,-4,5,-3,0,4,-1,-4,3,-4,-4,5,4,2,0,1,-3,-3,1,-5,-4,4,5,46.9143
777,4,2,-4,-3,3,-4,3,4,-2,-3,-1,2,-1,1,2,4,1,4,3,-3,1,-5,-4,4,-3,4,-4,3,-2,-2,1,0,-2,0,1,-5,2,5,3,3,5,4,2,3,3,-5,3,5,4,-5,5,-5,2,5,0,1,4,5,1,4,4.1169
778,0,-5,-5,-2,5,-5,5,0,-5,4,-4,5,1,4,4,5,-4,-5,-5,1,-2,-2,1,3,-3,-2,-1,0,4,3,-4,2,5,2,1,-2,0,-1,1,-5,1,2,-2,4,2,3,0,-2,-3,1,-4,4,-4,-4,-1,-2,2,4,0,-1,30.9965
779,3,-2,-5,0,-3,-4,3,5,3,1,1,4,-2,-2,-3,2,-1,-5,-2,1,-5,4,-2,-5,3,-5,-2,4,-3,3,-2,4,0,5,-5,4,2,-3,-2,-2,2,3,-5,5,1,-3,-2,0,4,3,0,5,-5,-2,-1,1,4,1,5,3,61.1299
780,-4,-2,-2,-1,-3,4,2,-2,1,-2,1,-2,-5,-4,-1,-2,-2,1,-1,1,3,3,4,2,5,3,1,2,-1,1,2,0,-3,5,5,-1,-1,-1,-2,-4,4,-2,1,2,1,1,1,3,-4,3,1,5,4,-1,-5,2,-5,1,-5,2,77.849
781,-1,2,-4,-3,1,-5,0,1,-2,-3,0,3,4,3,-5,-4,-2,5,-1,-2,-3,-5,-2,-2,-3,3,-4,2,-5,-1,-3,5,3,-3,-3,-5,-4,4,-4,2,0,-1,1,4,-3,-5,-3,1,0,-2,3,-5,1,-5,1,-4,5,-2,1,5,18.8926
782,-1,-4,2,3,5,1,4,5,-5,-1,5,-2,-1,-1,-5,4,-4,2,2,-2,0,-5,-1,5,-1,-3,3,5,2,3,2,-4,-5,2,4,-1,4,0,5,-5,2,3,3,1,2,1,-2,1,2,-2,5,-5,-3,-3,2,-5,-5,-3,4,5,-67.8224
783,2,-5,-2,4,5,5,2,1,1,5,-2,-2,2,0,-4,4,4,-3,-3,-1,-1,1,-3,-4,4,-3,-2,1,-3,-4,-1,3,4,-1,-5,0,-2,-3,1,-1,0,0,-1,2,-4,-4,0,-1,0,-3,5,-4,-4,-4,1,0,2,-4,-2,-3,-58.2975
784,4,0,2,3,-2,4,-5,-2,0,0,-5,-4,2,-1,-1,-4,1,-4,0,4,-5,5,1,-2,1,0,3,-1,1,0,-2,-5,-5,1,-3,1,0,4,-2,-5,-3,2,1,-5,0,-2,4,-2,4,3,-4,-4,4,-5,-3,3,5,5,-1,4,-12.383
785,-3,2,4,0,-5,0,-1,2,2,3,-3,3,1,-5,-3,-4,3,1,0,-4,0,-4,2,-3,-3,-2,-3,-1,-5,-3,-3,0,-4,-2,-1,5,-5,3,2,4,-5,5,3,4,-2,-5,-2,0,0,-1,-1,5,-5,-4,4,-3,-3,5,5,-5,47.5494
786,3,-2,0,5,4,-3,-1,3,0,-3,5,3,4,-2,-4,2,0,2,4,0,3,1,-2,-4,-5,1,-2,5,-3,-5,-3,2,0,2,5,2,-5,-2,-1,2,0,-2,-1,0,-2,-4,-2,-4,0,-3,-2,3,-1,-1,5,4,2,1,3,-2,-29.337
787,5,2,-1,2,3,-2,-1,-2,0,0,0,-1,-1,-5,-4,0,-5,4,-2,5,-3,2,-2,-1,-1,-2,-1,-4,-4,3,-1,0,1,-2,2,1,-3,0,1,-2,-3,2,2,2,0,-2,1,-1,-2,4,-5,4,0,-1,5,5,-5,-5,4,1,28.0876
788,4,-2,2,-4,3,3,3,1,-2,1,1,-4,-5,2,-1,5,-5,4,3,5,-1,2,0,-4,3,1,0,-5,-1,-3,2,-4,2,-1,2,5,1,3,0,0,2,-3,-1,-3,3,1,-4,0,-3,1,-2,-1,-5,3,-2,-1,-2,3,-4,-3,30.448
789,-4,4,5,3,-2,1,-3,5,2,-3,-4,3,-2,2,0,3,-4,5,3,5,-2,1,-4,0,-1,2,-1,4,0,-5,3,1,0,-2,3,-3,-3,-3,1,-4,4,-3,-3,-3,3,0,4,2,2,-4,3,-4,-2,-3,-5,-1,-1,5,3,-1,26.6282
790,5,3,-4,5,2,5,5,1,0,0,-2,5,-5,-5,-3,5,2,-4,1,-1,-1,5,-5,-3,-4,3,0,5,5,2,5,5,3,-2,-1,3,5,-1,0,-1,-4,1,-5,-1,-4,2,-5,3,0,2,2,3,-1,-1,-3,2,-2,-2,-2,4,145.2321
791,4,1,3,5,1,5,-1,4,-5,-2,0,-3,0,5,-1,-2,5,-3,1,0,1,3,-4,-1,5,-4,5,5,-1,1,-1,-4,3,-2,3,3,-5,-5,-5,1,5,-3,5,3,-1,3,5,5,0,-4,-3,3,1,4,-5,-4,5,-2,1,-4,-39.3372
792,-1,-5,5,1,-3,-4,-4,-3,-5,-5,-1,0,-4,-3,-4,-5,-2,5,3,3,2,4,-4,-4,1,3,-5,1,1,4,4,-3,3,-4,4,-5,4,-4,-4,0,3,5,0,-4,-4,3,1,0,-2,1,5,5,-2,2,2,5,2,-4,2,-5,-25.9554
793,-4,3,5,-2,1,0,-4,-4,-5,4,-3,-4,-4,0,-4,2,4,-5,2,4,-2,5,4,1,1,-1,-3,3,-3,5,3,5,-5,-4,-1,-1,4,-4,1,-1,-5,-1,4,-4,5,-3,-3,3,-1,-2,5,0,-2,5,4,4,-3,3,-3,-4,25.8386
794,-4,3,-3,1,5,4,-4,-3,1,-2,4,-3,-2,4,5,0,4,4,-3,-5,-5,2,-1,-5,-4,-5,-1,5,3,4,0,-3,0,3,5,3,-1,1,-2,5,-5,5,-2,5,3,0,-3,-5,-4,-2,-4,1,3,1,4,-3,1,3,-2,3,31.9313
795,-2,-2,5,-1,5,-4,4,5,-1,3,-1,2,-2,-1,-4,-3,0,-2,-1,0,-5,2,2,-2,-4,3,-4,-5,3,-3,2,2,-1,0,1,2,4,2,1,-3,1,0,0,-2,5,-1,-1,2,2,5,-2,-1,-5,1,-5,-5,-5,-1,2,-4,9.1419
796,3,4,5,-5,-4,-1,5,-5,0,-2,-4,2,2,-2,-2,-2,0,4,-4,-4,3,-1,-5,-3,-2,3,0,2,-4,0,-4,3,-1,5,1,-3,1,-1,-4,4,-5,0,5,-2,4,-5,4,-2,5,3,0,-2,-3,-4,-5,-4,-2,2,4,-4,26.4391
797,2,-4,-5,-4,-1,-5,3,5,-4,2,4,-4,4,2,4,2,3,4,-1,-5,-2,-3,-4,1,-4,-1,-2,5,4,2,-4,1,-1,-5,3,2,1,-4,5,-1,1,1,2,4,0,-1,-3,3,0,-3,-2,-5,3,1,-3,2,3,-1,-2,-5,-61.5007
798,-1,3,4,0,5,4,2,4,0,2,-2,4,-5,2,2,2,-4,2,2,4,-4,4,-4,3,5,3,5,3,1,-5,2,1,-3,3,-2,-3,-3,2,1,1,1,-5,-3,0,2,-2,-3,1,2,1,3,-2,-1,4,-1,3,1,-3,5,-1,70.3921
799,3,3,0,-1,2,-1,-5,-1,-3,4,-2,1,-3,-4,0,0,-1,1,-1,-3,-2,5,-1,-5,0,-2,1,0,0,-2,-4,2,1,-3,-1,-5,-5,3,2,-2,-1,0,1,-5,-4,5,3,-2,-5,5,2,-5,-1,3,3,-5,4,3,5,-1,-19.9053
800,2,4,1,-5,1,3,-3,1,4,-4,0,-5,4,-5,-1,-1,3,4,5,1,1,-4,-4,-2,-3,-2,5,1,5,1,3,-4,0,-1,5,3,4,4,-5,4,2,1,-3,-4,4,-3,-1,1,-2,1,-3,4,2,-3,-1,-1,-4,3,-1,-3,-56.249
801,-1,1,-3,1,-2,-5,-3,2,-5,4,2,2,2,3,-1,-4,-4,3,-1,5,-3,4,2,-1,1,-1,-3,4,-3,-1,-5,2,1,-3,1,1,5,4,2,-3,-5,-1,3,5,3,2,-1,-2,-2,-2,4,0,2,3,3,-5,-5,-5,5,-5,18.6238
802,-1,-5,1,0,4,0,0,-5,4,5,3,2,5,-2,2,-1,-4,1,-5,0,-2,-1,-3,-5,-4,5,2,0,1,4,3,2,4,-2,5,-3,-3,1,-5,-2,4,-3,2,-3,-2,0,0,0,-1,-1,5,2,-5,-1,-1,-1,3,-4,4,2,-35.6119
803,-4,2,-4,0,-4,-4,1,-1,1,-4,4,-5,4,-4,2,5,-5,0,3,-2,-5,4,0,-3,4,-2,-3,0,0,-1,0,-5,-2,-2,3,3,3,-2,4,4,-2,-3,2,-3,-2,5,-4,-5,2,5,-3,-4,-4,-2,-3,-1,3,0,3,2,-43.3911
804,3,2,-3,-3,4,-1,2,-5,0,3,-2,-4,-1,-2,-5,2,-1,-1,-4,-2,-3,-3,0,0,5,4,-5,0,-1,-1,-2,1,2,-5,5,-4,-1,-2,-3,0,4,4,2,1,0,2,-5,-1,5,1,-2,3,-5,5,1,-2,-5,2,-2,-5,22.6038
805,-5,-1,2,1,1,-2,-3,0,5,2,-3,-1,-3,2,0,2,1,4,-4,-4,1,-1,5,-5,-5,-3,5,2,4,-2,3,3,1,0,4,-1,1,-2,-2,5,3,3,0,-1,2,0,3,2,-1,0,1,4,-4,-5,-5,4,3,1,5,3,-12.7692
806,-4,4,-5,0,0,-5,-4,-3,3,-3,1,2,-5,-5,4,0,-4,4,3,-1,5,-2,3,-2,1,-4,-2,-1,0,2,2,2,1,3,0,2,2,1,-1,-5,0,-3,-2,5,1,3,1,0,3,2,4,-5,2,5,-1,3,-2,2,1,0,3.4361
807,-3,3,2,-5,-3,-1,-2,3,3,2,1,-5,4,-1,4,4,2,5,0,-1,1,4,5,3,-2,-4,-2,-5,5,-3,-3,-3,4,5,1,-4,-4,3,-1,3,-1,2,-1,3,3,0,-1,5,-3,-2,-4,-4,2,2,3,-2,-2,5,-4,-5,3.663
808,-1,2,3,5,1,3,-5,-2,-2,-2,-3,2,5,1,4,3,3,-2,4,1,-1,-5,5,4,-2,3,1,-2,5,-2,4,5,1,2,1,-3,-4,3,5,-5,-3,-2,-1,-3,5,-2,4,-5,2,-3,-3,0,2,-3,-3,3,2,-1,4,0,-69.2615
809,0,-3,-3,3,1,4,0,-4,0,-5,4,5,-4,2,-3,-1,5,-3,1,-1,-4,2,0,0,-5,3,3,-1,3,-1,-2,5,4,0,1,1,2,-1,1,5,-4,-4,0,-2,-2,-2,1,3,4,1,0,5,5,5,-5,5,-1,-3,-2,-1,72.0685
810,-1,2,-2,-4,5,1,5,0,-4,-2,5,1,-2,-4,-4,1,1,-3,-1,2,0,-3,-5,-3,-2,5,5,3,4,2,-5,2,0,-5,4,-5,1,-5,-3,-4,-3,0,0,0,-2,-5,4,-5,-1,-1,4,-2,0,-3,-2,0,5,0,-2,1,-75.814
811,3,3,1,-1,2,5,3,-5,-1,-5,-2,-3,2,0,-3,1,4,5,5,-1,3,0,4,2,1,-5,-5,-5,-5,3,2,5,0,0,5,0,4,-3,-5,0,4,0,-3,-4,3,3,-1,4,-3,3,-3,-1,-1,5,-5,-1,2,1,5,-3,7.7367
812,5,5,-3,5,-3,-2,5,-1,0,-1,3,-2,-2,1,-5,-1,-3,-4,3,-5,-4,-1,2,1,2,3,-4,-1,1,3,1,3,2,-2,-5,-5,5,0,-5,-2,-1,-1,1,0,5,-1,0,-5,0,5,-5,4,4,5,1,0,3,-3,-3,1,-10.2053
813,4,-4,-3,5,1,-1,5,1,3,3,-3,3,0,-4,-2,5,5,1,-2,2,5,0,0,4,5,-1,3,-3,3,4,-2,-1,4,0,5,2,4,-2,3,-5,0,-2,0,1,-2,-4,-3,-5,2,0,-3,-2,-3,-5,-4,-5,-4,-3,-1,1,-37.6937
814,-3,-4,2,-2,-5,5,3,0,-4,5,2,2,4,3,5,1,-2,-4,-3,-2,-3,2,5,5,3,-1,1,2,-3,-5,-1,4,2,5,-3,-1,-4,-3,-1,-2,1,3,0,3,4,-5,-5,1,-4,-4,-4,-3,3,1,-4,-2,2,3,-3,3,46.9862
815,-1,0,1,-1,-1,-1,4,-4,-5,4,-4,4,-5,-2,3,4,3,-3,1,2,-1,-2,1,2,3,3,0,-5,3,-3,-1,5,0,-5,4,-5,3,2,-4,4,3,2,-1,3,-1,-5,-2,0,5,5,-4,-3,-1,-2,5,-1,2,-2,-5,0,19.7655
816,-2,-5,2,0,4,-1,-1,0,2,2,4,-5,5,1,0,0,1,4,1,-5,-4,-5,2,4,-4,4,-2,0,-5,4,5,-1,-1,3,-3,-2,2,-4,-3,-4,1,-3,4,-5,-2,5,5,1,5,-2,5,-1,-2,-1,-3,-1,0,-3,-2,5,-52.5366
817,-3,3,-2,-4,-5,1,-3,1,-4,-5,-3,-4,-3,-2,5,2,-2,-5,-4,-5,-5,3,4,-3,5,-3,1,5,-3,-2,4,4,0,-1,1,-5,-2,5,4,0,-5,4,-3,2,-4,2,2,0,-5,-2,2,3,0,1,5,2,2,-3,2,-3,-20.8311
818,-2,0,1,3,1,4,-4,3,3,2,4,0,-2,2,-1,-3,-1,-1,4,4,2,5,4,5,-1,-3,-5,2,4,3,-5,-1,4,5,-1,3,-5,4,-4,-1,3,-1,-5,1,5,1,0,1,5,4,-1,4,-5,2,1,-4,0,-1,4,-1,81.5676
819,1,5,-2,2,5,-1,3,0,-3,-4,1,-5,0,2,5,-2,2,0,1,0,-5,3,0,1,-1,0,0,-3,3,-5,5,5,3,2,1,2,0,-2,-3,1,1,5,0,0,3,3,-1,3,-2,-5,3,-5,-4,-5,2,-3,-5,0,-3,-4,-49.0912
820,2,-3,4,0,4,-2,-4,5,1,1,3,5,1,1,-2,0,3,-4,-4,-1,5,4,2,3,-2,-2,-2,-3,5,1,5,1,-3,-4,5,-5,-3,-3,-3,-2,-5,-5,-5,2,4,-5,2,-5,4,-1,3,2,0,0,0,-5,3,-2,5,5,-71.9709
821,-3,2,-2,-3,4,2,1,4,0,-5,-3,-4,2,5,1,4,-1,2,-5,5,-1,-3,-5,2,-2,-1,-3,-4,1,5,4,-2,5,4,0,2,-2,-2,0,5,3,-3,4,1,5,4,5,3,-3,-5,2,-1,0,-4,2,-4,-1,3,-1,2,18.9053
822,1,-1,-5,-3,0,3,-5,3,-4,0,4,-5,4,0,-5,4,1,-5,3,-5,4,0,-3,-5,5,2,-2,-1,5,-4,-4,-2,-1,2,4,4,-4,5,0,-5,5,0,-3,-5,3,3,-3,2,5,1,2,-4,5,2,0,3,2,-1,1,-5,-87.4368
823,0,-3,1,2,-1,0,-1,-4,4,-2,-3,-4,4,5,-3,5,3,-3,-1,-3,-4,0,-1,5,-1,0,-1,5,1,-3,-2,3,-2,1,1,1,0,2,-5,2,2,-4,4,5,0,-2,-5,4,1,1,-1,-2,2,-1,-4,-1,-4,2,0,4,60.3415
824,4,0,4,-1,3,-5,3,2,-2,-5,-1,0,0,-3,-1,-2,2,-4,-1,0,4,2,4,4,4,-5,0,3,2,2,0,5,5,0,4,4,-5,1,-4,4,-1,4,-5,-3,2,1,2,-4,3,-3,3,1,5,2,3,0,-1,-5,0,3,-87.2083
825,0,0,-4,-5,-2,-5,2,5,-1,5,2,0,-2,5,4,0,-4,1,-1,3,-5,3,-2,-2,2,1,2,5,2,4,-4,4,-5,5,1,3,0,0,-1,-2,5,0,-3,5,5,5,-1,4,3,4,-4,-5,-3,4,0,5,-5,-5,0,1,108.261
826,-1,-4,-4,5,5,-5,4,5,-1,1,0,-2,0,2,-2,1,-4,-2,1,-1,4,3,0,1,-4,2,1,1,-4,-3,-3,4,-5,3,3,4,4,-4,-1,-3,4,-3,-2,-2,3,-1,5,2,-4,0,2,0,3,2,1,-1,-3,2,5,2,-14.8936
827,-1,-5,4,-1,0,-5,-4,-1,2,5,3,-1,-2,-5,-2,1,0,-3,-5,4,0,-2,5,1,-3,-4,2,3,-5,1,-3,2,-1,0,0,-1,3,2,0,1,-5,0,-1,2,2,-5,4,5,-3,0,5,1,5,2,4,3,-1,3,-1,-4,-17.4629
828,3,0,2,-2,1,-4,1,-3,-4,-1,-3,-1,-4,-2,0,5,3,2,0,1,-5,-2,-1,4,-1,2,1,4,-4,-5,5,0,-4,-5,-3,-5,2,-3,-4,5,-3,1,5,1,5,-5,1,-3,1,2,-2,1,-1,-2,4,-5,-1,-3,1,0,-38.274
829,-4,-2,-2,-4,2,-3,0,5,3,4,-5,-4,3,2,-3,2,-4,4,4,-1,3,-4,-1,0,-1,2,-1,-2,1,-3,-1,-1,3,2,1,2,5,5,-2,5,-2,-3,-1,5,0,-2,-2,-1,0,2,1,1,-1,2,-2,-5,-2,-5,1,4,40.4323
830,3,-2,5,5,-5,-1,-1,-4,3,2,0,-5,-2,4,0,1,4,0,4,4,-5,3,5,1,3,-1,5,-1,-1,-5,-2,5,3,4,-2,1,-1,0,4,-4,3,-3,2,3,1,3,-3,-1,3,-1,5,5,-1,3,1,0,-3,-2,-1,3,-17.7311
831,-2,-3,2,3,-5,-1,2,3,1,3,-4,2,-4,-4,2,5,-5,2,5,2,-5,0,1,-5,-1,-3,1,3,1,-3,-2,3,-5,-1,-1,3,-3,3,4,0,-5,-3,2,-2,4,-3,-3,2,4,-2,1,-3,-3,2,-5,-5,-1,4,4,-3,82.1182
832,-5,-5,-4,1,-1,-3,-1,-1,-3,-3,5,3,-2,-3,3,-4,3,4,3,-3,5,4,2,-1,-4,-4,0,-5,-4,4,4,-5,5,-4,0,4,-3,3,0,0,2,2,-2,1,3,5,0,-2,5,-1,-3,5,2,-5,-3,2,5,-3,2,4,-61.4521
833,5,4,5,4,-5,3,-2,-1,2,-2,-3,3,3,5,-2,-2,3,4,-4,5,5,-2,4,2,-2,0,-4,-1,-5,1,2,1,-3,-1,0,2,-2,-2,-4,5,4,-5,0,5,1,-3,-1,2,2,3,-5,3,-1,-2,-4,2,1,-1,-4,5,146.2984
834,5,-1,-4,1,4,4,1,5,-5,-2,-1,0,5,2,1,-2,4,-5,3,-2,-5,3,5,-1,-5,4,1,-5,4,-1,5,-3,2,4,-1,-3,-3,1,-5,1,0,-3,4,2,-4,-1,-3,5,-4,-5,3,5,5,2,3,5,-1,0,5,-3,-20.2325
835,-5,-5,3,1,-4,-2,4,-4,3,-1,-2,-5,-5,-2,-4,3,0,2,4,-5,-1,3,-5,-2,0,-3,4,-4,0,-3,3,3,0,4,-4,1,-4,2,4,3,-2,2,2,0,4,4,-1,-2,-4,0,-5,1,1,-2,4,3,-2,2,2,-2,-28.3339
836,-5,-4,3,0,-4,4,1,-2,-3,5,3,-3,4,1,-1,5,1,-4,0,-5,1,-3,4,-2,-5,-5,-5,0,5,-4,-4,-4,0,1,1,-3,5,-3,-5,3,-3,4,4,3,-5,4,2,-4,0,0,-2,-4,-1,-5,0,2,2,-4,-1,5,-20.1529
837,3,5,-1,1,-1,0,-2,1,3,1,-4,-5,-2,4,-5,-2,-1,-3,1,0,0,-2,5,4,-5,1,-3,0,4,5,-1,0,-1,-2,5,3,5,5,-1,0,5,2,-2,-1,4,1,0,-2,5,4,-1,3,0,-3,1,5,5,-5,-2,5,15.0791
838,-2,-4,-1,5,-4,2,3,5,5,4,1,5,1,-1,0,-5,-2,-3,0,-2,3,-3,2,-1,-2,0,-5,3,-4,5,0,1,-5,-5,3,-3,5,4,5,2,-2,4,3,-5,0,-4,-5,-4,2,3,4,2,-5,-3,-2,3,-1,5,-1,-1,49.3044
839,0,-5,-4,1,-2,2,4,0,2,-5,-4,-5,2,2,-5,-5,-4,-3,5,3,0,1,-1,-2,-1,-4,1,-2,-5,-1,-2,5,3,0,4,3,3,-1,3,2,-1,3,3,-2,-3,4,-3,4,-4,-2,0,0,-1,4,-2,3,-4,-4,3,3,32.9494
840,-4,0,5,0,2,2,2,-5,-2,5,-4,5,1,-1,3,1,-1,3,-1,0,1,2,5,3,5,-4,-2,-4,1,-4,4,2,-4,-5,5,-3,-2,3,4,-2,1,3,4,-3,4,0,2,-1,1,2,-5,3,-5,-4,4,1,-5,2,2,-1,-61.3348
841,1,1,5,0,2,-4,4,3,-5,3,-4,0,-1,5,-5,1,-2,4,-4,-2,1,-3,-1,-4,3,4,2,1,-4,1,-1,-1,-2,-4,-2,-3,4,-1,3,2,-4,-2,4,4,-5,2,-4,-5,0,5,5,-4,-4,3,0,-2,-1,4,2,1,37.0553
842,1,-5,-2,-2,2,0,2,2,1,-4,-5,4,5,-1,1,5,3,3,-5,5,-4,4,-2,0,-3,5,4,1,-4,2,-3,-3,1,-2,-3,0,-4,-4,3,2,-3,1,4,-2,-5,4,-5,-1,1,0,-1,0,1,-4,2,-2,1,1,1,-4,38.2538
843,5,-3,4,2,-1,4,5,2,-3,0,-1,-2,4,-2,4,-1,-2,-5,2,1,2,0,0,5,-1,-4,-2,-5,2,2,-5,-2,-1,-3,-5,1,-3,-1,-1,-1,-2,-5,-5,-3,1,0,3,3,-3,-3,0,2,-1,1,-5,0,4,1,0,-3,0.8321
844,-2,5,-1,0,-1,2,1,-1,-5,2,4,-1,-1,-2,-5,-5,1,-4,-2,-2,5,-2,-4,4,-2,2,-4,4,-5,-4,-4,0,-2,2,-1,1,1,2,-4,-2,-3,-1,0,1,5,1,0,2,-1,-3,4,-3,-4,-5,2,-3,5,1,0,1,52.1648
845,-5,4,-3,-2,-2,-4,4,-2,-4,-5,4,1,-1,0,-3,3,2,-4,3,0,-5,4,-4,-5,0,-2,1,-1,2,0,-5,0,3,1,2,-4,0,1,-5,-4,5,-1,-4,4,1,-2,-5,-2,5,0,1,4,-3,-5,1,5,1,2,1,0,-41.0905
846,-4,-5,5,-2,3,2,-1,-1,4,2,1,4,-3,4,-3,-4,-2,5,0,-1,-2,-5,-5,-1,3,3,1,3,-1,-4,2,5,-4,1,-5,5,0,-5,5,3,-4,-1,-2,1,-5,-1,0,-1,-1,-1,-4,-1,-5,-5,-2,-1,-5,-4,-1,0,53.6921
847,3,0,1,2,-2,-4,2,1,1,4,5,-4,4,-4,2,0,0,-1,2,5,0,-5,-5,-4,-4,-5,3,1,5,-3,3,-4,2,0,-4,-5,1,3,0,-3,-4,4,-1,-1,3,0,-5,0,-5,-5,-4,4,0,0,3,-1,-3,-3,4,-2,-85.4076
848,0,0,2,-5,-2,0,-2,0,4,-1,-2,-5,4,3,-3,1,-4,-5,2,1,2,0,1,3,2,-2,-4,-2,3,5,-1,-4,-2,-3,-3,3,-2,-3,5,3,5,0,-1,-5,-2,5,-2,4,-2,-4,-2,-4,1,2,4,0,-1,-3,2,2,-55.6418
849,-5,-4,1,-1,-5,3,0,2,4,-5,-3,5,-2,2,1,-3,-4,2,-1,1,-4,1,1,-3,2,3,-2,4,0,5,-3,-4,-1,4,4,5,-2,3,1,-5,0,-1,1,-4,-3,-2,0,4,-1,1,5,3,5,-4,-1,4,-4,4,-3,-4,68.5911
850,4,-2,-3,-5,1,2,-1,0,2,2,-5,2,-2,-1,-2,3,4,-3,2,5,5,5,1,5,3,-1,2,-3,-5,5,0,-1,2,2,5,-5,0,2,0,-5,-2,4,2,0,-3,3,-3,-1,2,5,-5,4,2,-5,3,-1,0,-4,5,3,11.1077
851,-3,-4,1,-2,1,-4,3,-2,4,-4,-1,-1,1,-3,-1,1,-1,1,1,0,5,-3,4,-4,-5,4,3,-4,1,2,4,4,-5,-2,-4,2,-4,4,2,4,2,3,-4,-2,-4,0,0,-5,-3,3,4,-2,-1,-5,-1,2,-5,3,-4,4,-16.5837
852,-1,-3,0,-1,0,2,-3,1,3,5,1,-4,-5,-4,-4,-4,-3,4,3,1,-2,-3,0,-4,3,-3,-5,1,2,3,5,1,-2,4,3,2,-5,5,-5,5,-1,-3,-5,-3,-3,4,-1,5,-2,-5,4,-5,-4,1,-5,-1,-4,2,-3,5,144.166
853,5,-2,-4,5,4,-3,-4,1,-4,0,-5,-1,-2,1,-1,2,1,-2,0,-1,5,1,-4,1,-2,0,-1,4,-2,-2,5,-1,5,-5,1,-5,-3,2,1,-4,4,-5,3,4,-4,-4,-5,1,-1,-1,-1,4,-2,-3,4,-2,5,4,-4,-1,-31.9297
854,-1,-1,4,1,-1,-1,3,-3,-1,4,-4,2,-2,-1,-4,-4,-3,-4,1,-4,5,-2,4,5,1,-2,1,5,0,-5,-1,3,-3,1,1,-3,-1,0,5,4,1,-1,-5,0,1,3,-3,2,-1,2,5,-1,1,2,1,-2,1,-3,-2,1,16.3259
855,-3,-4,-5,5,1,5,-3,-2,3,3,3,4,3,-5,4,-1,-2,-4,-4,-2,-1,5,-5,4,3,-2,1,1,5,0,-4,4,-3,0,1,-4,-1,2,-3,3,-2,1,4,4,0,-4,1,4,0,-2,-1,-1,-1,-1,0,2,5,-3,-4,1,74.4136
856,-3,2,-1,2,3,-1,2,2,0,1,-3,-5,-3,-1,-3,0,2,2,1,-1,3,-2,4,-4,3,-2,-5,-2,-5,-5,1,1,2,0,2,-3,-2,-1,3,0,3,-4,1,-3,-5,2,1,0,-4,3,3,-5,3,4,-4,1,0,-1,-1,4,-15.4516
857,3,4,1,1,-2,0,4,-5,-1,3,5,2,-4,2,-4,4,-1,-4,-5,-4,2,1,-5,3,0,-2,3,2,-3,-1,-1,-3,1,5,2,-2,3,-3,-1,2,-1,-2,4,4,1,-3,4,-1,4,-1,2,-1,4,2,-3,1,0,-1,-3,-3,0.1452
858,-2,-2,3,4,0,-2,-2,2,-5,-2,4,-1,2,-1,-4,-2,-5,1,2,3,4,1,2,-1,-5,-2,4,-2,1,-4,-5,-5,-3,0,-5,-3,4,4,-3,5,-1,1,-1,-1,-1,2,-2,1,3,5,0,3,-3,-2,4,5,1,-5,4,-4,3.3991
859,3,4,-5,0,-5,-2,1,-5,-1,5,-3,5,1,1,-3,3,-4,-4,3,2,-2,-5,0,3,3,3,2,-1,1,-1,-1,5,-1,-1,1,-2,-2,-3,2,-4,5,3,-5,-1,0,-4,4,-4,-2,3,-2,-4,-1,-4,-2,2,-2,4,-3,-1,-4.3919
860,1,3,-5,0,-4,1,-2,-4,2,0,-5,1,2,5,2,2,4,0,-5,1,-4,-1,3,3,1,-2,-4,4,5,4,0,-1,5,-4,4,4,0,-2,4,-4,5,2,3,3,-2,4,4,-1,3,-1,-4,-1,5,3,0,-5,4,0,0,1,-23.48
861,5,-1,0,1,1,-4,-5,5,-4,4,3,4,1,5,1,5,1,0,-2,5,0,-3,1,-1,2,-5,1,3,2,-3,3,3,1,3,-4,-3,-1,0,-5,2,-5,1,2,-4,0,2,3,-1,3,3,-4,5,4,-4,-3,-5,2,-2,-4,-3,26.1809
862,2,3,1,5,2,-3,1,-1,3,-5,-5,-1,2,3,1,2,2,-5,-1,-2,1,3,-5,-2,-4,-3,-5,-2,-1,-4,2,-4,0,-2,-4,-3,-4,0,-3,-5,0,-5,-5,-4,-5,3,-2,-4,1,-4,5,2,4,0,-5,5,0,-5,-5,0,-28.2021
863,-3,-1,4,3,3,3,3,-4,2,3,4,-2,-2,2,3,-3,2,4,4,0,-3,-3,5,4,1,3,-3,2,-2,-2,-5,-2,-2,1,-1,2,-2,-3,-5,5,3,-3,-1,-4,-1,2,-5,-5,2,3,-2,-5,0,5,2,0,1,-4,-3,3,33.3885
864,-1,0,-3,-1,3,1,2,1,-5,4,5,2,-2,-5,5,2,-2,-5,1,4,3,2,5,5,4,-1,-5,-1,0,0,-2,1,-4,3,-3,-2,3,3,0,-5,-4,0,1,-1,5,-4,0,-2,-4,-5,3,3,5,5,1,3,-4,-5,2,3,19.2493
865,-4,3,3,-3,-1,-5,3,2,-2,1,-5,2,5,-4,5,5,-5,-3,2,4,-4,3,-4,-1,3,0,4,0,1,2,0,2,1,0,-3,5,-4,2,0,-3,5,-3,-4,-4,4,2,-3,2,-1,4,-5,0,5,-5,-5,-3,2,4,5,3,-8.0264
866,-5,-3,4,-2,-1,-2,4,-3,2,0,-3,3,-4,0,-4,-4,2,-2,-1,2,-1,-5,-2,5,5,-1,3,3,5,-4,1,5,4,5,-2,4,-1,5,-3,-4,0,-2,-5,2,3,4,2,-3,-1,-5,5,1,-2,2,-3,4,0,0,-4,-5,9.1093
867,-3,3,-2,-3,1,0,-1,5,0,-2,-1,5,1,2,3,-2,-4,3,-3,5,5,3,1,-3,3,0,-4,0,-1,-2,0,3,2,-3,1,-2,5,-3,-4,-5,1,-3,-3,5,5,0,-3,-1,-2,3,-3,5,-5,-1,4,1,4,3,0,-1,35.1299
868,2,-1,0,-4,2,-3,1,0,3,-4,1,-4,-5,5,3,-2,-5,4,2,-4,4,5,5,3,4,3,4,0,-2,2,-2,4,0,-1,5,-4,1,-5,-5,-3,2,2,4,0,-4,4,1,-4,4,-1,2,-1,-4,0,-5,-5,-3,5,-3,4,-19.7089
869,-2,5,3,2,-2,-3,-1,5,0,-1,-1,3,4,3,2,1,-1,5,-1,-1,1,-2,-2,3,-5,-2,2,1,-4,-2,-3,-3,1,-1,0,-3,-1,-5,-2,3,-2,2,4,-4,-1,-3,2,-2,1,5,5,5,4,-5,-3,-3,-4,-4,0,0,-9.9477
870,4,-2,-4,5,3,3,-4,-1,-2,4,4,-3,-1,-1,-4,-3,3,-5,2,-3,-2,1,0,0,0,-3,1,1,-3,2,-4,-1,-4,-4,0,-3,5,3,-3,-2,-3,-3,5,-4,-5,-5,1,4,-3,-2,0,5,5,5,-4,2,-5,2,2,4,20.5363
871,0,-3,5,3,-3,-4,2,-2,2,4,4,5,-5,1,-4,-5,5,1,4,0,2,5,3,-2,-2,-4,5,2,-4,-5,0,4,-4,0,-5,2,-2,0,3,-2,-1,0,-4,2,3,4,1,2,2,4,-5,3,2,-4,-2,5,2,3,-4,-3,6.6902
872,-5,-3,-1,-2,3,5,-5,-3,-2,1,-1,5,3,-1,-4,-2,-3,0,-3,-1,1,0,4,3,3,4,3,1,-4,5,3,-4,2,1,5,-1,5,-4,2,-2,-2,-2,-1,-1,-5,4,-2,-4,1,2,5,5,-2,0,2,-4,2,-4,-4,1,5.1991
873,-5,-4,2,2,5,-1,-2,4,5,4,-3,5,-3,0,1,1,-1,-1,1,3,1,-3,-2,4,-4,-2,-4,5,3,1,3,5,-1,-4,-3,-3,4,4,-3,4,3,0,3,4,-5,3,-5,-4,2,-1,3,-2,2,-3,-1,-2,-3,1,0,-5,49.3841
874,0,2,-3,-3,-2,0,-4,-4,-4,4,2,-2,0,-1,-2,-1,-2,1,1,-4,1,-4,4,2,-1,0,4,-4,3,4,2,4,-3,2,-2,1,-2,4,-4,-3,-2,1,-4,-1,2,-5,1,5,3,3,5,-3,-5,-3,2,2,-3,-1,4,2,9.3087
875,0,1,5,3,0,-5,0,-3,-2,2,3,0,4,3,4,5,4,-1,-1,4,3,2,-4,2,4,-3,5,-4,4,-1,3,-2,1,5,3,4,2,4,0,-2,0,0,-4,-3,4,-3,-4,4,0,0,-4,4,4,-5,1,3,5,2,2,5,-50.1329
876,1,-4,-1,5,-3,3,3,5,0,2,3,2,5,-5,-4,5,4,-1,-1,5,2,-4,5,1,-2,-3,-4,2,-3,3,5,3,5,1,-4,-4,2,-5,3,-2,4,0,5,-3,-2,1,2,2,3,-2,2,1,-2,2,2,-4,4,2,-4,-4,-21.4183
877,-2,3,5,0,-2,4,5,-4,5,-1,-1,5,2,1,4,-3,-5,-1,3,2,-2,-4,-2,-2,-1,-1,-2,-2,-1,-1,-3,-5,-2,1,-2,4,2,4,4,-5,-5,4,-3,-1,-3,-2,-1,-3,3,-5,-4,-1,1,1,5,1,0,-4,-1,0,-10.3496
878,-5,-2,-2,2,2,-4,3,2,-3,-3,-3,-3,5,-3,5,0,0,-4,0,0,1,4,-2,-1,-1,-1,-1,2,-5,-2,0,5,3,0,-3,2,-3,4,0,2,-5,-2,-2,2,-3,3,-1,5,0,-1,-5,3,0,-2,-3,-5,-3,-1,-1,1,65.5398
879,-3,-5,2,0,-5,-3,-1,-5,-5,5,-1,3,-1,-2,3,-3,1,-1,-2,-2,1,5,4,-1,4,-1,-5,2,-5,1,5,-2,-4,-3,-1,0,1,-2,-2,-1,-1,-4,3,0,-3,4,-5,-4,-1,-2,-3,-4,-1,-4,3,2,4,3,-1,1,-1.3713
880,-2,-1,-5,1,4,-3,3,1,-4,1,-2,-2,-5,0,2,-1,-1,-4,2,-3,0,5,-5,-5,-3,-1,-1,-3,5,-4,-3,2,0,4,3,3,0,4,2,3,-2,0,3,5,2,5,1,-2,-3,3,-2,0,2,4,-2,-1,0,-2,2,1,72.7392
881,-4,-5,-1,0,5,2,-4,2,-4,1,-5,-5,-2,-3,3,5,0,1,-1,-1,-4,-4,0,3,-3,1,5,1,1,4,1,-4,-2,1,-1,-4,5,4,2,0,4,4,-1,-1,-1,0,-4,2,1,-3,-2,-1,-4,-5,5,0,3,-4,-3,1,-14.035
882,-2,-2,-3,-5,-4,0,-4,-5,5,-3,-2,2,-2,-1,0,-3,-3,-5,-5,4,0,-3,-3,-5,3,-3,-3,-3,-3,-3,5,-4,3,-1,-4,1,3,2,-2,-2,-5,5,0,4,2,5,1,3,4,0,-3,-5,1,-4,2,1,-2,-2,4,0,-19.7023
883,-1,4,5,3,0,-1,-5,1,5,3,4,3,0,1,1,1,3,5,-4,5,-2,-1,5,-3,5,4,1,5,4,2,4,3,-2,3,-5,-3,4,4,1,-1,-4,4,3,-4,0,0,5,4,4,-1,-5,0,0,0,0,-1,-1,-2,3,-2,32.0188
884,-4,2,-2,-5,-1,4,-3,5,5,3,-4,3,-1,-5,5,0,3,-4,3,-3,2,2,5,-1,-5,-4,-4,0,-3,-4,-1,-4,3,0,-4,5,-3,4,-1,3,-4,1,-2,-1,4,0,2,2,-5,-3,2,-4,5,0,0,2,1,1,0,5,14.7356
885,-3,-5,5,-3,0,4,0,5,-3,-3,-2,2,2,-2,-1,2,-4,1,2,4,-2,0,-5,2,-5,5,-5,-1,-3,1,-1,-1,1,2,-2,-3,5,5,4,-1,3,1,1,-3,3,3,3,1,-4,5,-3,2,-4,4,-4,1,0,3,5,0,100.0926
886,-1,2,-2,-1,1,4,-3,-5,3,-1,1,2,-2,3,0,-3,-1,-4,-5,4,4,4,2,1,2,3,3,-5,-2,1,5,-2,-2,3,-5,2,2,-3,-4,3,2,1,-1,3,2,-1,-1,-4,1,-4,-5,0,-3,2,-2,2,2,1,2,4,57.2484
887,-4,-5,3,-3,-3,2,2,-2,-5,4,-4,5,1,-5,-5,-2,-3,1,5,2,-1,4,4,-4,3,-2,0,5,-2,0,2,5,-4,0,-1,-2,4,-5,1,2,-1,5,3,5,3,-5,0,-4,-2,0,4,3,2,3,-5,1,-5,5,2,-4,22.0647
888,-5,-1,3,-2,4,-2,-2,-4,0,3,3,3,3,-3,4,-4,4,0,-3,-1,5,2,4,4,1,0,-2,4,1,-3,4,5,-1,-3,-3,-1,4,-3,0,3,3,0,4,2,0,5,-1,1,-5,4,1,3,5,4,-3,-1,-5,5,-1,-5,-19.2854
889,3,0,2,-4,4,2,-3,5,-1,0,2,1,2,-3,2,2,3,-4,-3,-4,4,5,-4,-2,1,3,3,-3,4,5,-1,-5,5,-1,-4,-2,4,4,0,-1,-4,0,-5,2,-3,2,1,0,4,-2,1,-3,-1,-2,0,2,-3,5,-5,4,-26.2363
890,0,4,3,4,-4,3,-4,-3,2,0,3,-1,-1,5,1,1,3,3,1,1,3,-5,-3,-1,-2,-1,1,-1,1,-1,3,3,5,0,4,-4,0,3,2,-1,5,3,-4,0,-4,1,0,-4,-4,-3,4,-2,0,0,5,-5,2,-1,0,2,-45.6298
891,-5,4,-5,0,-5,-1,4,4,-2,0,5,-2,-4,1,-2,-5,-4,-3,-5,4,-5,1,-2,2,1,5,5,-3,-3,5,3,-3,4,-5,0,-5,1,2,-3,-3,-5,-3,5,-1,-1,-5,-4,1,5,-5,4,3,-1,5,5,-5,-3,0,-4,1,42.7757
892,-2,-2,5,0,1,0,4,-3,3,4,4,-2,3,-5,2,-3,-2,-1,-5,4,-4,-2,0,-1,-2,-2,1,-5,-2,2,-5,3,-4,4,0,-5,-1,4,-2,5,-5,1,-1,0,1,-5,-5,-4,-4,0,-3,3,-4,1,0,-4,5,-5,0,-1,56.1638
893,-1,-2,-3,-1,4,1,-5,-4,1,3,-1,0,-4,5,4,5,-2,0,2,-5,-2,0,3,-1,-1,1,2,-4,-2,5,5,0,5,0,3,-1,3,3,1,5,0,4,-3,1,5,2,1,-3,0,0,-1,-3,0,-2,4,5,-4,-2,-5,4,-28.157
894,5,-5,2,5,0,-2,-3,-3,-4,-4,-4,-1,-1,1,5,-4,-4,-3,3,5,-1,5,-5,2,5,-1,-2,5,-3,-4,-3,-5,-3,0,2,4,1,-4,3,5,1,3,3,2,-5,-5,-1,2,-3,-5,0,-2,-1,-1,-4,2,0,2,-5,4,42.1159
895,2,1,0,4,0,3,2,5,5,-2,-1,2,4,2,2,5,3,-5,5,-3,2,-4,0,4,3,2,0,-5,1,3,0,-5,-1,-1,-1,-1,-2,-5,-3,0,4,3,-3,-1,-2,-1,-4,1,-5,0,1,-3,2,-5,0,1,-1,3,3,-5,-72.5664
896,-4,2,-2,4,-4,4,1,-3,0,1,-3,-4,-2,-5,3,-4,2,5,2,4,5,-4,5,0,-1,5,1,0,-3,4,-1,-5,2,-2,3,-5,-2,-2,3,3,5,5,1,1,-4,-2,-3,0,5,-5,3,0,0,-5,5,-3,3,2,-3,4,0.6228
897,2,-2,0,1,-1,-1,4,0,2,-2,4,3,1,5,0,5,-2,-3,-5,5,3,5,-2,3,-3,0,5,0,3,4,-3,4,3,3,-1,5,3,-1,0,-4,3,4,4,-4,-1,3,5,4,-3,1,3,4,1,-1,-2,4,-5,-2,-4,-2,37.3288
898,3,3,0,-1,4,4,4,1,-3,-2,1,-5,-5,3,1,5,3,5,2,-1,4,-5,0,-3,-5,0,-5,4,-4,4,1,3,-3,4,-1,-4,-3,-5,1,4,3,-5,-4,-3,5,-4,-4,1,4,3,5,0,-3,-2,5,-5,1,4,-4,2,38.3481
899,-1,0,1,0,-1,5,-2,-5,3,2,-2,-5,-4,-2,-2,0,0,-1,-5,0,-2,-4,-2,-4,3,-5,-1,-3,2,-3,5,-3,3,-1,-2,-4,4,-1,-3,-5,-2,-1,5,-1,-5,-5,2,3,-3,-3,3,-3,3,-5,3,-4,5,5,0,-5,-105.9472
900,-2,4,5,-1,2,4,-4,-1,1,5,0,4,5,5,-2,0,4,3,2,-1,1,-4,0,5,-4,0,-4,5,5,5,2,-2,0,-4,5,1,-2,-3,4,1,-1,1,4,0,-1,-1,-2,4,-5,5,2,-2,-2,1,0,4,-1,3,-5,-1,45.1006
901,-5,2,0,3,1,5,-2,-5,-5,2,-2,-2,3,-3,-4,-2,0,4,-1,0,-4,-4,-5,-3,-5,-5,-4,-3,-3,4,5,1,5,-1,-3,-5,-5,2,4,-2,-3,0,-4,3,-5,-1,5,-5,-2,0,5,5,-1,-4,-2,0,5,5,3,-1,11.6824
902,4,-2,-4,-3,1,-1,0,0,-4,1,-1,1,5,3,4,3,5,0,4,-1,-5,-5,3,-3,-2,1,-1,4,5,-1,5,-2,-3,4,-5,-3,1,3,-5,-2,-2,-5,4,-5,2,-2,3,0,2,1,2,4,0,-1,0,4,-5,-2,0,0,-47.2873
903,-5,1,-3,3,1,1,3,-5,4,4,-1,0,-4,-5,3,4,1,2,4,-4,1,-4,3,4,-1,3,-5,1,-3,3,4,3,-1,3,4,0,-5,4,-3,2,-3,4,-1,1,5,2,-3,-1,0,2,0,-3,5,-1,5,-4,1,4,1,-3,58.4691
904,-2,-1,-2,-2,1,0,5,4,4,5,1,2,-1,-1,-3,-2,5,-2,-2,-5,5,-4,-1,-1,-5,-3,4,2,-1,-2,-4,-5,-5,5,4,-4,-5,4,-4,4,5,0,-2,-1,1,-5,1,-1,-2,-2,1,-4,-2,1,0,-3,-2,5,-1,2,-3.1659
905,2,3,-2,-2,3,-1,0,-2,-4,-5,4,-3,-3,-4,-1,-2,-3,4,-5,-5,-1,4,-2,3,3,-3,3,4,2,5,-1,-5,-1,1,4,-2,-5,2,1,0,-5,-2,-1,3,0,5,-5,-5,3,-4,-5,-5,-3,3,5,-4,-5,-2,-3,-1,5.691
906,-4,3,-2,0,4,-3,4,2,2,-4,-3,0,-5,4,-5,-3,-4,-5,-2,-1,5,1,1,4,-2,2,-5,-3,2,-5,5,-3,-5,5,-5,1,-2,-5,-2,4,1,-2,-1,-2,1,-4,5,-3,4,2,1,3,2,5,0,-2,3,2,0,3,33.116
907,-2,5,5,-4,-2,-4,0,-2,5,-3,-1,4,5,-2,-3,1,4,3,-5,-3,2,5,2,4,-4,4,1,-1,-4,5,4,-2,0,-3,-4,5,-1,1,-4,5,-4,3,3,-1,2,-1,0,3,-1,-5,3,1,5,-3,-5,5,-2,3,-5,-5,31.5014
908,-1,5,3,1,3,-2,-1,-1,-4,2,-2,2,-4,-3,-3,4,5,-2,3,5,-1,4,5,-2,-2,-5,-2,-2,3,-3,1,5,4,0,2,-3,1,3,2,0,4,-4,-2,-2,0,-4,1,3,2,2,5,1,-2,3,5,-1,-2,-4,4,-5,-54.2769
909,-5,1,3,-2,4,0,3,-3,-5,5,-2,0,-5,1,-5,-3,-5,0,0,1,2,-5,5,3,3,5,-3,-1,5,-4,-3,3,5,2,-2,4,-4,-3,-2,5,-5,4,-3,2,-2,3,-4,-3,4,4,-2,-4,-5,4,2,-2,5,2,3,1,110.1143
910,2,-4,0,-1,-5,-3,0,0,5,-4,-3,-2,-3,-2,3,2,-3,2,-4,3,0,0,1,3,-5,-3,-3,-4,1,1,2,1,4,-3,-3,4,0,3,2,-5,-2,-2,2,4,-3,4,1,-5,-5,-4,-4,4,0,5,-5,-4,5,-1,2,4,56.3179
911,-4,1,4,-5,-2,0,-5,2,5,1,-1,5,-1,5,5,2,4,0,-4,5,3,0,1,2,-1,5,5,-1,4,3,-4,5,4,1,-5,-4,0,-3,4,4,-1,0,2,-5,3,-4,-5,-4,5,0,-5,-5,-4,-5,0,-4,3,-2,5,3,-0.7826
912,0,4,5,-4,-4,-4,-2,3,2,-2,-4,2,-1,5,-1,5,-3,-5,-4,5,3,-5,1,0,-4,-1,2,-3,5,-4,3,1,-1,-2,-1,0,1,2,4,4,-4,-5,-4,2,-2,0,2,0,0,0,2,1,-1,-1,2,-3,0,-2,1,2,18.6234
913,-4,5,-2,-5,-5,1,0,1,4,-5,4,2,-1,0,-4,5,4,-3,3,-2,2,4,4,-5,2,-4,-5,-1,-2,4,5,4,4,-5,3,3,3,0,-2,-2,4,2,-5,4,3,4,-2,-4,-1,3,-1,-4,4,-4,5,3,-4,-4,1,-4,-112.479
914,1,-3,-5,2,3,-5,2,2,-3,4,3,-5,-5,2,-4,3,1,1,5,-1,-4,-2,5,1,-5,-5,-5,-1,-2,2,3,0,5,-5,5,-5,-2,-2,4,0,2,4,0,-2,0,-4,-2,-2,1,3,1,-5,2,-5,1,-4,0,5,-5,-3,-104.3548
915,-1,-4,3,1,5,-5,5,-2,-2,-2,0,5,3,-5,4,2,-2,-1,1,-2,-2,-4,3,4,0,-3,-3,-1,-5,-2,-5,1,3,-1,-2,-2,0,-5,2,-3,-1,2,0,-5,-2,2,-1,-1,4,-3,1,4,0,5,-5,-5,-3,-2,3,-4,-55.2048
916,1,1,2,1,0,-3,-4,-3,-5,-5,0,4,0,3,4,3,4,3,2,-5,1,-1,3,5,5,-3,-4,-2,3,0,-2,-2,-2,4,5,2,1,5,0,4,-3,-2,5,-1,3,-1,-2,3,-5,-3,5,2,-1,-1,-4,-5,-1,4,3,0,25.7797
917,4,1,2,-5,-4,-1,4,-3,1,5,1,-4,-1,5,-1,1,5,-3,-5,3,-5,3,4,-1,2,2,-4,-3,3,3,4,5,-2,5,-2,5,-3,3,-4,-3,0,-3,-1,2,2,2,-1,5,2,2,2,5,-1,1,-5,-4,3,5,0,5,122.0704
918,2,5,-4,0,4,2,-2,-4,-4,5,-3,-1,2,-5,-5,3,-5,4,-4,-3,-4,5,4,4,1,0,-3,-1,-4,5,5,3,-2,-4,-4,1,-5,-2,-3,-1,-4,-3,5,2,5,-1,5,3,-3,5,0,0,0,2,-4,2,-1,0,-1,-5,86.6686
919,-4,-3,-4,-4,4,-2,2,2,-2,5,5,3,1,2,-2,-1,-3,5,-4,1,3,-2,3,0,-3,0,0,-4,4,5,-1,-1,5,-5,-4,4,2,-1,0,-3,5,-2,2,1,0,0,-1,3,-1,0,5,-3,0,4,3,2,-3,2,-2,-3,-32.3699
920,2,-2,-3,3,-2,-3,-1,0,-4,-4,-2,-1,-1,4,-2,0,2,-3,0,3,-5,-1,0,3,-1,-3,-5,2,1,-1,-4,-1,-5,-1,0,1,-3,-5,2,2,-2,5,2,3,2,-3,0,-2,2,-1,-2,0,-4,-2,-5,5,2,-4,5,2,25.8366
921,-3,1,0,3,-3,-4,-4,-2,2,-1,-3,5,-3,1,-5,2,1,-1,2,5,-3,-4,-1,-4,3,3,3,4,-4,0,4,0,-3,0,4,3,-4,0,-5,4,3,0,3,3,-2,-3,0,-2,-3,-2,-3,3,4,-1,2,4,-4,4,5,1,46.0003
922,3,5,-3,3,-4,5,-3,-5,4,-4,-4,1,3,3,0,-3,5,-3,-3,-3,1,4,-2,0,-1,4,2,3,-2,-4,2,-2,-2,-5,0,-1,-5,-3,2,1,3,0,-1,-5,-4,-3,5,3,-5,-3,-4,3,-4,3,4,5,2,4,2,-1,-3.3914
923,3,-2,4,-5,3,-1,-5,2,5,-2,-5,4,0,-3,0,5,0,-4,-5,2,2,-5,5,-3,2,1,-2,3,-3,-5,3,-3,-5,1,2,4,-5,-5,5,2,-1,3,0,-3,3,3,-1,-4,0,1,1,-3,1,1,2,-1,2,5,-1,-2,-42.2394
924,0,-1,-2,-3,-3,-3,5,0,-5,-3,0,-3,-1,-3,-1,4,-1,5,-2,-5,-4,-5,3,4,-5,-3,4,2,2,-3,2,-5,-3,-5,5,1,4,-2,1,0,-2,4,3,-1,-3,1,1,0,4,3,2,-4,2,-2,3,-1,3,1,-2,-5,-90.3473
925,0,2,-1,-4,2,-5,-1,-4,3,-4,1,0,5,-3,-2,1,0,1,0,-4,1,3,1,-1,-5,-5,-3,-2,-4,-4,2,-5,-2,-2,3,-1,-5,4,-4,4,-2,5,-4,0,5,-3,-1,-3,-4,4,0,-4,1,-2,-1,5,-3,-5,-3,-5,-79.7556
926,5,-4,-2,-5,-3,-5,-5,1,5,-4,-3,-5,1,3,0,-3,-2,-5,-3,-1,5,5,4,3,2,5,4,2,1,-3,-2,5,-1,1,-4,5,-1,3,2,-1,-3,4,3,-5,1,2,0,1,3,-4,3,3,0,3,-3,4,3,4,3,-1,-11.9602
927,1,4,-5,2,2,1,-5,4,-3,-1,4,5,3,-3,4,3,1,-1,0,-4,4,-1,-1,1,3,1,-4,-3,-2,0,4,4,0,3,3,-5,-1,4,4,3,-2,-1,-5,-3,3,3,0,-2,-4,5,4,-5,-3,-4,2,-3,1,4,3,1,7.4026
928,4,3,0,-5,-3,-5,-5,3,3,2,-2,-2,5,4,-3,-3,-5,5,-1,4,-2,0,-4,2,2,5,0,0,4,-5,0,5,2,-3,5,-3,5,-5,5,-5,2,3,0,-2,1,-1,0,-2,2,2,3,4,0,-3,-3,2,-4,-4,-3,0,-45.7105
929,0,-2,-2,-2,1,-4,4,2,-4,1,4,-1,1,4,2,1,-4,-2,-4,-3,0,5,1,-3,1,-5,0,-1,5,-5,0,-2,-5,5,5,-3,1,1,5,4,-2,3,3,3,-2,-3,2,3,-2,-4,2,-3,-2,-1,-1,-3,0,1,4,1,-36.178
930,0,3,0,1,-3,0,1,-3,4,-1,-5,-5,3,3,-2,3,-4,-2,-5,1,2,-4,-2,-5,-1,3,-1,4,1,-2,0,0,-1,5,-4,-5,-3,3,0,4,-1,-4,1,4,0,-3,0,-3,5,2,-2,5,-3,5,-3,5,-2,-2,-3,-2,97.9589
931,1,-2,1,-5,-5,5,4,5,-3,0,3,2,0,-1,1,4,-3,-5,3,-4,2,-2,-4,-5,-4,-3,4,-5,-3,-4,1,3,1,-3,1,1,-4,-1,4,0,-4,-1,-2,0,1,5,4,-5,1,2,5,-4,4,4,-3,-3,-2,1,3,0,-53.2498
932,4,2,5,2,3,-2,-2,-4,2,-4,3,-3,4,-2,-1,3,-2,4,-2,-2,2,4,2,-4,4,0,3,-2,2,4,-3,0,2,3,-1,-3,0,2,-1,-1,-5,3,0,0,1,0,5,-2,1,-5,0,5,0,4,-1,5,3,-4,-2,4,-40.39
933,2,-2,-3,-1,-5,-1,-4,-5,2,2,-1,-5,-1,3,0,3,0,-2,1,-5,0,0,0,0,-1,2,5,4,-2,-3,-3,-5,0,-4,5,0,-5,-2,4,2,1,4,5,-3,-4,-1,0,-3,-3,2,-2,-5,5,-5,-4,4,1,0,-1,0,-83.7961
934,5,5,-2,3,3,-5,4,1,-1,0,1,-2,-1,0,1,-3,-1,2,1,0,3,3,-4,-3,-5,4,-1,0,-2,-1,2,-2,0,-3,1,4,0,2,2,-3,0,2,-1,-4,1,4,1,-5,5,-2,4,-3,2,0,5,5,4,-3,-1,-5,-86.725
935,-1,-1,-2,-5,-3,5,-3,5,-3,0,4,4,5,3,-4,-1,-4,3,-5,-1,4,3,-5,-1,1,4,0,0,4,4,0,-1,-5,-1,3,-3,5,-4,2,2,-4,-5,-4,1,1,3,4,-4,2,5,1,1,1,0,-2,5,-1,-5,-1,-4,46.4281
936,-3,3,0,-5,5,2,2,3,-4,3,-2,-4,-1,0,0,4,1,-1,-1,-2,0,-5,4,5,-5,2,-5,1,5,1,-5,4,-1,3,-5,1,-2,0,-4,-4,-4,-5,2,1,2,2,-2,0,-3,2,-1,-4,-3,-3,-1,4,3,1,5,-5,60.3089
937,2,-3,0,-1,2,-5,-3,0,-2,-5,2,3,-5,4,1,0,-3,0,-5,4,5,-4,5,2,-2,1,0,-1,-1,4,-5,2,-4,1,0,3,4,1,2,-4,4,-4,1,0,0,5,0,-4,3,4,5,-1,3,2,-4,-2,-3,4,-4,1,43.2354
938,-1,4,-3,3,-3,-2,2,2,5,-2,3,-4,2,-3,4,0,-3,-2,0,5,4,-3,3,2,3,5,1,4,-2,-5,-1,-2,-2,-1,-1,0,-4,2,4,1,-5,-3,5,1,-1,-4,-2,4,1,-3,2,-2,-1,1,-1,-1,-4,-4,-5,1,30.5848
939,-2,5,-5,-1,-4,3,-2,-5,-4,-4,4,-1,3,2,4,1,2,1,5,1,-3,-5,5,-1,-3,-4,2,-5,3,-1,2,0,-5,-5,3,-2,2,-5,4,-2,-3,0,-4,4,2,1,2,2,3,1,-5,1,-1,-3,5,3,3,3,-3,-1,-62.0495
940,0,-2,-1,1,0,4,-2,4,3,-5,-3,-1,-4,4,3,-5,-1,-1,0,-1,-1,0,-2,5,4,0,-2,3,-2,-2,2,3,4,2,-3,4,1,0,-2,4,4,1,0,5,1,-1,2,-5,-4,3,-1,1,-1,3,1,-5,-1,-5,3,-2,3.1927
941,-1,-2,-3,-5,-4,4,-3,5,3,-4,-3,-2,3,1,-4,0,1,3,-1,-5,-2,-4,-4,-2,-5,0,0,3,-3,-5,-1,-3,2,0,0,-5,1,-1,-5,5,-2,4,-3,4,-4,4,-3,0,0,-4,-2,-2,5,3,2,2,-3,-2,0,-5,31.685
942,-4,4,-4,0,0,2,3,-1,3,-3,-2,2,4,2,0,3,-4,-3,5,3,1,-2,5,1,4,0,0,-4,5,2,0,-3,2,-2,5,-3,1,-4,0,-1,3,1,-1,5,3,0,4,-2,-1,-1,-3,2,-3,-3,1,-3,3,-1,-5,-5,-82.555
943,1,-5,-4,-2,0,-1,-4,-3,4,0,1,5,3,0,0,-2,5,1,-3,4,-1,-4,-4,-5,-4,-2,5,-1,-3,-4,4,2,5,-1,4,-3,5,-1,5,-3,1,1,-1,-2,4,-1,2,5,1,2,5,-3,0,-1,3,0,0,-4,-4,-2,-117.6779
944,3,-5,-3,0,1,-5,4,5,-3,2,1,-1,-5,2,-4,-1,2,4,5,4,5,-1,5,0,5,-2,-2,-3,4,-4,0,-4,1,3,-1,-3,-2,4,1,5,0,-1,-1,4,-5,3,4,5,-5,2,3,-3,1,2,1,-2,5,-3,-5,-3,5.7846
945,0,5,5,1,0,0,5,0,-1,3,-1,-1,-3,3,-3,-4,-4,3,-1,5,-2,-2,-4,4,4,-2,-4,1,-5,5,-4,-1,0,1,3,-1,5,-3,5,-4,-3,5,3,2,3,1,1,-4,-5,-4,-1,-4,1,3,2,2,-5,-4,4,5,29.4777
946,-4,-1,4,4,-5,2,4,3,5,-2,-4,0,-1,4,0,1,-3,3,3,0,0,4,3,4,2,-3,2,-3,5,0,-3,0,0,1,0,2,-5,0,-3,3,1,-3,-2,5,-2,2,4,4,5,-3,-4,5,2,1,0,2,0,-1,2,-3,65.5333
947,-1,-4,-5,5,4,-3,-2,-2,1,-2,2,1,-4,0,1,-1,-1,4,-2,-2,-2,-5,3,1,4,-3,-1,3,3,1,-3,3,-3,2,-5,0,-4,2,-2,1,1,-4,2,3,-4,2,-2,5,-5,3,3,0,4,5,5,2,-1,-1,-3,3,72.8508
948,5,-2,4,2,-1,-4,-3,-2,3,3,1,3,-5,-3,-4,3,5,2,-3,-3,0,-1,-1,-5,-2,-4,4,4,-4,-5,-2,3,1,1,-3,2,-1,4,-5,4,-3,1,-5,-2,-5,-1,2,-3,0,-4,-2,0,4,3,4,4,-4,1,-3,4,31.12
949,2,-5,-1,0,2,-5,4,2,-4,-5,3,-3,-4,3,-5,-3,3,4,0,4,1,1,-2,-4,0,5,-2,3,5,-3,-2,5,-4,-5,-5,5,0,0,2,2,-5,-2,1,5,-5,-3,-2,-4,5,-5,2,4,3,5,-4,2,2,4,4,-1,41.6796
950,-4,5,4,3,1,-2,-5,1,0,3,4,2,-3,5,5,-1,-5,4,-5,0,3,3,-2,-3,2,1,3,-1,1,-2,-1,2,4,4,3,-3,4,-3,4,-1,-3,-3,-1,4,2,-2,3,2,1,-4,-3,0,-5,-4,-4,3,4,5,4,5,38.3365
951,-3,1,0,-5,3,-3,4,1,-1,0,0,3,-1,-4,3,-3,2,-2,-1,4,-5,3,5,-2,-1,2,-5,-4,3,3,4,5,-5,3,-2,5,4,-5,0,1,-1,-1,-3,4,4,-2,2,-3,-2,3,-4,-1,-4,4,5,0,-4,3,1,3,35.5064
952,-5,0,-1,2,4,3,3,2,-5,-3,-4,1,-4,2,-2,-5,2,4,2,-5,4,0,-5,-3,-4,-4,-2,-1,1,-2,5,-2,0,-5,-3,4,-4,-4,-3,-1,-2,1,-3,3,4,-5,1,-2,5,4,-2,-4,-1,-4,-3,3,1,-5,3,-4,-49.504
953,0,-4,1,-2,5,-3,-3,5,5,1,4,-1,-2,-3,3,2,-5,-2,2,2,1,-3,2,4,-5,4,2,2,0,5,-5,-1,-1,2,3,-5,5,-4,1,-2,-1,0,-5,-5,-4,5,-3,2,-3,-5,-2,2,0,-2,3,-5,-4,1,3,0,-2.2169
954,-5,0,3,5,-3,-5,2,0,-1,-4,3,3,3,-1,1,-3,5,-1,-3,4,4,-5,-4,-3,5,4,-5,2,-4,1,3,2,2,5,-4,4,-2,-2,0,-3,3,0,-5,-4,-1,3,5,4,-5,2,5,4,-1,-5,3,3,3,5,-4,-5,-5.4554
955,-1,-1,0,-2,2,-3,3,3,1,0,4,5,2,-3,0,4,3,0,4,-1,-4,2,5,0,4,-5,-1,-1,-5,-3,-5,-3,0,-2,2,3,-4,5,-2,-2,-5,-2,4,-2,5,0,4,0,-1,1,5,-4,4,-3,1,1,-2,-2,2,0,-106.4645
956,-1,-4,-2,-2,-3,0,-5,0,5,5,-4,1,-3,2,-2,1,-1,-5,2,-5,0,0,4,2,0,5,-4,-2,0,-1,0,-4,-2,3,2,0,4,5,4,-3,-3,-5,2,-3,4,5,1,-5,2,4,-4,4,-2,-3,-1,-4,1,-5,-4,-5,4.2848
957,-5,-1,0,-2,0,5,4,0,0,-1,2,5,2,0,-5,1,4,-5,2,-1,2,-3,-5,-5,5,-1,-5,3,2,-1,1,3,1,2,5,-1,1,-1,2,0,0,-4,0,5,-5,-1,-3,-2,4,-1,-5,4,-4,0,5,-5,-3,-5,-2,1,1.0528
958,-2,-3,-5,-4,5,-5,-5,-4,-4,2,4,-3,-1,-3,2,2,-3,-2,-3,-5,-5,-4,-2,2,0,-4,-5,-1,-2,5,0,4,-1,0,1,-5,-5,-3,0,2,3,4,1,-2,4,-2,4,-2,3,-5,3,-3,0,-3,1,-2,5,-4,2,0,-104.8707
959,2,3,2,-4,2,1,2,-2,4,-4,-3,2,1,-5,-4,2,-1,-2,0,2,-3,3,-3,-3,-4,-4,4,2,-4,-5,4,3,5,5,-4,-2,2,1,-4,-4,-4,5,-3,-3,2,-1,5,-2,5,-1,3,1,-2,-2,-1,-5,4,-3,4,-3,-74.1862
960,2,4,3,3,-3,3,1,5,4,4,-2,5,-1,-3,-5,-5,-5,-3,-4,-4,-1,-3,2,4,2,4,2,-4,4,0,-1,5,0,-3,2,1,-4,1,-1,-1,-1,3,5,-2,-3,-4,-3,1,-1,4,-2,-3,4,-1,4,0,-2,0,-5,2,80.7078
961,0,4,5,5,4,5,3,0,0,-4,0,1,-4,-2,-3,3,5,0,0,-2,1,-5,-1,-4,-4,1,1,0,-2,-5,-1,-2,-1,3,0,1,-3,0,-4,-3,3,5,-4,3,-4,2,-2,3,-2,-4,-1,5,0,-4,-3,-5,-2,3,0,-4,50.6412
962,1,-2,2,-3,-4,2,-3,-3,0,-2,0,-4,-2,1,-5,-3,-4,-4,-3,1,-1,-3,1,4,-5,1,4,-2,3,3,5,-4,-2,-4,1,-2,-2,4,-3,4,3,-3,0,-5,1,-1,-3,-2,-2,3,1,5,2,-5,-1,-3,-2,3,-2,-2,-11.2609
963,5,-3,-1,0,-1,-4,5,5,-1,0,5,-1,-1,-4,-5,2,-2,-3,-3,4,3,-4,2,-2,1,-3,-1,2,2,-5,-1,-4,2,5,2,-4,4,0,-1,-2,4,-2,0,3,-4,-2,0,-5,5,2,0,-2,-4,4,0,0,2,-2,5,-3,-70.9848
964,1,4,-2,-5,2,-1,2,0,2,4,5,4,-4,-2,0,4,4,4,-1,5,3,5,-1,0,-3,1,5,3,2,-2,2,4,0,0,-4,-1,-1,-3,-4,-2,-2,3,5,-5,-1,-2,-2,4,2,-5,-1,-3,-3,2,-4,-4,-4,0,5,1,57.6117
965,-5,4,4,1,5,3,4,1,4,5,-4,-5,2,-4,1,-1,-4,1,5,1,1,1,1,1,2,1,-2,5,3,-2,4,-2,-4,-4,-5,3,-5,-2,-3,4,-3,3,-5,-4,-2,-2,-2,-2,-5,1,0,-1,-2,4,-1,-3,2,-2,2,4,33.6461
966,-1,2,3,-5,-4,3,3,-2,2,0,0,1,3,-1,-3,2,-5,0,1,3,-5,-1,-1,0,1,5,-4,4,-1,-2,2,5,-2,4,-4,-5,-5,-5,-5,4,4,3,5,-3,2,-5,-1,-1,3,-1,5,-5,4,-1,-1,4,5,0,-1,-2,18.7304
967,-5,4,-4,3,0,-3,3,-2,-4,-3,-4,-5,5,-5,2,-5,4,-3,1,-5,-2,1,-2,-5,4,5,1,5,4,3,4,3,-2,0,1,3,-5,-5,2,2,-3,-2,-2,-1,-5,5,4,-3,4,3,3,-1,-1,-5,0,1,-4,1,-4,2,-41.1982
968,-1,3,-1,-3,-4,3,-2,5,5,-5,0,-1,2,5,5,-2,-4,4,5,2,-5,-5,4,3,5,-2,5,3,3,-3,0,3,2,-5,-2,-4,-2,3,1,0,4,0,-2,-5,2,3,0,1,1,4,5,-1,-1,5,-1,5,1,-5,-5,5,-32.7918
969,-4,2,-2,1,-4,4,-2,2,0,-3,1,3,-2,-2,2,2,-3,5,4,2,0,0,4,-3,-1,4,0,0,-3,-4,-5,3,-1,0,-4,4,-1,-4,1,1,-5,-1,5,-4,5,4,3,1,4,-2,0,-2,-1,3,5,-4,-4,0,-5,-1,79.9184
970,-1,0,-4,-1,-1,1,-1,2,-3,4,-1,0,-4,-5,1,3,-3,4,-2,-2,-5,2,2,2,3,0,-1,-5,-5,3,4,5,4,-3,-4,-1,2,1,1,2,4,-5,3,-4,2,4,0,-3,-2,-1,-5,0,4,-3,-5,4,-5,1,-1,1,43.5434
971,2,0,-3,-5,0,-3,1,5,-3,-1,-3,4,5,-5,0,-5,2,4,1,4,3,-2,-2,-1,-3,3,4,1,1,2,0,3,-5,-5,1,2,-3,3,-4,3,2,-3,-5,-1,0,2,5,-1,-5,4,3,1,3,-3,2,2,-1,-2,-3,-4,-7.9196
972,3,4,0,-3,-5,5,0,-4,4,-3,3,-4,5,2,4,-2,4,5,5,0,-1,-4,-3,3,0,3,-3,5,-3,1,-1,-3,-5,5,0,-2,-4,1,2,1,4,4,4,2,5,-2,4,-2,1,-5,2,-3,-3,-4,-2,-5,-2,2,-5,-2,-28.883
973,1,-2,0,0,5,0,-3,-2,-3,-5,3,-2,-1,1,-4,-2,5,-5,-4,-3,5,3,-1,5,-4,0,4,-2,-5,1,1,-4,4,0,4,-5,-3,-3,0,-3,5,3,-3,2,4,-1,-5,-2,-3,1,2,1,0,-4,4,0,-5,0,-3,5,-96.0412
974,5,2,2,4,-5,-1,0,-2,5,-2,3,-5,4,3,3,0,-2,-3,-5,2,1,4,4,5,0,4,-3,1,0,-5,-5,5,1,-2,-3,3,-5,3,5,2,-2,3,-1,1,3,5,4,2,1,0,1,4,-4,4,-2,3,-4,-1,-3,5,100.3026
975,-2,1,3,5,2,-3,-3,-5,1,4,-5,1,4,-3,-5,-5,4,-1,4,-2,3,2,-4,4,2,2,3,-5,3,-3,-2,3,0,3,3,-5,-2,1,-2,5,-5,1,-1,5,-3,-1,-4,0,-1,-2,-4,4,-3,2,1,2,-3,1,3,-5,50.1791
976,1,5,-3,0,4,0,-2,-1,5,1,4,4,4,0,2,-4,-3,-4,2,1,3,-1,-5,1,0,-1,-2,-3,4,2,4,-3,3,-1,-2,3,0,-1,4,-1,0,-3,4,1,-2,-2,0,5,-3,1,4,4,-2,-5,2,0,-2,-1,3,1,-65.3551
977,2,1,-2,-4,-3,1,0,2,3,-3,-2,-1,-4,3,-3,-4,2,2,1,-1,5,5,4,-5,-3,-4,-4,5,2,5,4,3,-5,-1,-3,-3,-5,-1,-2,5,-1,2,-1,4,5,3,3,1,-3,-2,2,2,4,0,-3,0,2,2,-4,3,66.4056
978,-5,4,1,0,3,0,-2,-5,-5,-5,-3,-1,0,4,0,-2,-5,4,-2,-4,-2,5,4,3,1,4,3,-5,-1,4,0,-4,-5,3,-3,3,2,5,-1,-1,-4,5,4,-5,3,2,4,5,4,0,-2,-3,0,3,5,1,-2,-5,-3,1,44.058
979,-2,-1,1,1,5,1,1,3,5,-2,0,-3,2,3,5,-2,-4,1,-3,4,4,-1,-1,1,-3,3,-3,5,-5,-3,4,-5,-3,-2,-5,-5,1,2,-2,-3,-1,-1,4,4,-2,0,-1,-2,-1,-3,3,5,2,-5,-1,1,-3,1,-2,1,1.8326
980,0,-2,3,-5,5,1,4,0,-3,-5,4,-4,-3,-5,2,-1,-5,-4,-1,-3,-4,-5,-4,-1,-1,-5,2,2,2,1,-4,1,-3,-4,-4,-1,-1,1,1,5,4,-4,4,0,0,1,5,-3,-2,-5,-3,-1,2,-3,5,-1,2,2,-5,1,-123.1551
981,0,2,4,5,2,-5,4,2,-4,4,-4,1,3,-5,-2,-2,-5,2,1,0,-1,5,-4,0,3,-4,4,2,-1,3,-1,-1,-1,-3,0,4,-4,-1,-1,3,2,-1,0,3,-2,-3,-3,-5,4,-4,5,3,3,-2,-5,5,-3,5,-1,2,4.074
982,5,-1,-4,-1,-2,3,3,-5,-2,-3,0,4,0,3,5,3,-4,3,-2,3,3,5,0,-3,5,0,-3,-2,5,1,5,-2,2,-5,-5,-4,-3,-1,2,4,4,2,-1,-2,3,2,-1,5,0,3,-2,5,0,2,3,-1,5,5,-4,-3,31.1866
983,-2,-2,-1,-5,1,-1,3,5,-1,4,-3,-4,-1,-2,-2,0,-2,-4,-4,0,-4,-1,2,1,-4,4,-1,1,-5,1,2,-3,-2,-2,-1,-4,-2,-1,-2,0,-3,0,-3,2,-3,-2,5,-3,1,3,-3,4,-5,-4,-2,-4,-1,4,-3,0,48.8556
984,0,3,-3,-2,-2,2,4,-3,-4,-3,-2,2,-3,-3,-3,0,3,5,0,5,-2,-5,-4,5,4,4,-3,-4,-1,1,0,-4,-1,3,-5,0,-5,0,1,-4,1,3,-5,5,4,2,-1,-3,3,0,0,2,-5,2,3,-3,-1,-4,0,5,100.3735
985,5,2,-3,1,2,1,-3,5,3,-4,-5,0,4,-4,-4,-1,1,-3,-2,-4,-4,-4,4,-2,2,1,1,0,-1,3,3,-2,-1,5,-2,3,-1,5,1,1,-1,-5,4,-5,-1,3,3,3,-5,3,5,0,3,-4,2,2,2,0,4,-4,-54.089
986,2,3,5,1,5,-4,3,-1,4,3,-4,-3,1,2,5,1,3,-5,5,1,1,-1,0,2,-1,3,0,2,2,2,-2,-4,5,-5,0,-3,2,-4,-5,-4,1,4,-5,5,4,-3,-5,1,-5,2,-1,2,0,1,4,1,-1,1,4,-2,-104.0947
987,-4,-5,4,5,1,-2,0,-1,-4,1,-4,3,-3,2,2,1,-4,0,-4,-4,3,-3,3,-2,3,3,-2,4,0,1,-5,-1,4,2,2,-3,-4,-2,-3,5,0,-1,4,1,-2,1,-3,0,-3,-2,2,5,1,2,5,0,2,0,-1,-1,58.2494
988,2,-4,-1,-3,3,-4,-2,2,2,-1,-5,-5,1,4,-3,0,4,-2,0,-5,5,3,-1,-2,2,-4,-4,1,0,5,-3,3,1,-5,0,-1,-5,-1,-5,-1,2,0,-3,0,-3,5,-1,-2,-1,-2,-1,-1,4,-1,-4,4,-5,3,-4,-5,-42.4595
989,-3,-4,5,-2,-4,-5,-1,1,1,0,0,5,1,-1,-4,5,-5,-4,2,5,-2,4,-3,4,2,-2,0,2,5,-3,-5,2,-2,1,2,4,4,5,0,-4,5,-4,2,-4,0,0,3,-1,5,3,1,3,-2,4,3,-4,-1,2,0,2,6.3737
990,2,2,5,-3,-2,-3,-1,-4,3,5,0,-1,2,-2,4,-2,-5,3,-4,-5,0,4,-3,5,-5,4,2,-4,5,-2,-2,1,3,4,1,-3,0,-1,0,-1,-4,-4,-1,3,-1,-5,5,-5,-4,-4,-5,-4,4,0,4,1,0,4,-5,0,-31.8415
991,3,-5,4,-5,2,-4,1,2,5,-1,4,-4,1,2,2,2,1,5,5,-1,-4,4,-5,2,2,0,-4,0,-5,-1,-5,0,4,4,-1,5,0,-5,4,3,-2,1,4,-1,-2,-4,-1,2,-1,4,0,-2,3,-4,3,1,0,4,5,-3,-88.2348
992,-2,-4,3,-4,4,3,5,4,4,-4,-2,-1,5,4,3,-2,0,-5,-1,2,5,-4,2,4,-4,-1,3,-2,-2,1,-4,1,2,4,-2,3,1,-3,-1,-2,0,-2,0,-2,0,0,-1,0,3,-5,2,4,-2,1,-1,-4,1,4,3,-1,-44.3806
993,3,0,-2,0,4,-2,4,-5,3,-4,-4,0,4,0,-3,5,-2,-5,3,0,3,-1,5,-2,5,4,-1,-5,2,1,5,-2,4,-2,-5,0,1,-1,3,3,-3,-5,2,-1,-3,-3,3,4,-3,-3,-3,-1,4,0,3,2,-3,3,-5,-5,-100.914
994,1,2,5,4,3,-1,-2,-5,-4,1,-2,3,-5,-2,5,0,-4,2,-3,-4,-1,-2,3,-1,5,3,-5,0,2,5,4,0,-5,-1,1,0,-1,-5,-1,0,-3,3,2,-1,4,-2,-3,-3,-2,0,1,3,3,-4,-1,5,1,-1,-1,-5,7.9832
995,-4,5,3,1,-1,2,-2,2,0,4,-4,-3,1,-5,-5,-4,2,1,1,-2,-3,-1,4,4,-2,2,2,1,-1,0,-1,4,-4,4,-4,4,0,-4,-2,4,-4,-5,1,5,-3,1,-1,5,5,-3,3,-4,1,3,-5,4,-2,-1,3,2,128.3429
996,3,5,0,4,-4,4,5,-2,3,-2,2,2,5,-4,-1,-2,1,-5,-5,2,-4,-3,5,3,2,-2,3,-2,-2,3,-2,-5,0,-2,-3,-1,5,-5,1,3,-5,-4,-1,2,5,-1,5,-2,-4,1,1,4,1,3,-2,-1,-1,0,-2,-2,-22.9645
997,3,1,2,-1,0,-3,4,1,5,-3,0,-1,5,-4,-1,4,4,-5,1,3,0,1,-4,-1,5,3,-5,3,-3,3,-4,3,-4,-5,2,-1,-3,4,4,4,-2,-1,-1,3,-5,-3,3,3,-2,-1,3,1,4,0,4,-5,1,0,-2,4,-11.2564
998,-1,5,3,2,0,-4,-2,-5,4,-5,-2,-5,1,1,0,4,5,-4,0,1,4,-3,-1,1,0,-4,-5,0,-3,4,4,5,2,2,-4,0,-5,1,-1,3,-2,-2,1,5,-5,5,-5,-3,-4,-1,3,-3,-4,1,5,5,0,-3,2,0,11.5651
999,3,3,3,0,-5,-3,0,4,2,-3,1,-5,0,-2,3,-1,5,-1,1,1,0,0,-1,1,4,-1,-3,3,-1,3,3,5,0,1,-4,5,-4,-2,1,5,3,-4,-3,2,-5,-4,-3,4,-1,2,-1,5,-2,-5,0,-5,-3,2,5,3,22.8966
1000,0,-4,0,3,2,-5,1,5,4,2,-5,1,-1,-4,2,-3,1,2,3,3,3,-5,0,-5,2,-1,-3,-2,-3,5,-3,-2,-2,4,2,2,-2,-5,-1,2,4,5,3,2,-3,-1,4,2,1,0,2,-3,-2,-3,-4,4,-4,-1,-4,2,-3.6237
1001,-1,-4,-4,-3,-3,-3,3,4,-5,-3,2,-1,0,-1,5,3,4,-3,-4,5,3,-4,0,-3,-4,1,-4,0,4,0,1,0,0,3,3,1,1,-3,2,5,4,0,0,0,-4,-3,-3,-5,-5,3,5,-3,0,2,-1,5,-1,2,3,-5,-7.8923
1002,4,1,3,-3,0,0,4,2,-1,-4,4,3,5,-4,-3,-3,4,5,1,-4,5,5,-4,2,1,5,1,-1,-2,0,4,-4,0,4,4,-1,1,0,-1,5,0,-3,0,3,2,-1,5,-3,-4,-3,1,4,3,5,5,-5,-2,-2,-2,-5,-70.0285
1003,-2,-3,5,2,2,-4,-1,-2,4,2,1,-1,-3,3,-2,-2,2,-3,5,-3,4,5,0,-4,1,-3,4,3,-1,2,-5,-5,-4,2,1,0,5,-2,-1,-2,2,5,3,1,3,-1,0,4,0,-1,0,0,4,1,4,-3,-5,-2,-1,4,-97.8043
1004,5,2,-5,-2,-2,5,-1,-1,2,-5,0,-1,-1,5,-1,4,3,5,4,-1,-2,0,0,-2,-4,2,-4,-4,3,1,-2,-2,0,-3,1,2,-3,3,-4,-2,-2,-3,-4,-4,4,1,5,-4,5,-1,1,-1,-1,5,-2,0,-5,5,-1,1,46.8358
1005,4,-2,-3,-5,-2,-4,1,-1,1,2,4,-1,-4,-4,0,-4,0,2,3,4,4,-4,3,1,4,-5,-3,3,5,-5,0,-4,5,-1,-1,-2,-2,-2,-1,-3,-1,-3,-5,2,-4,2,3,1,-3,3,-3,0,2,1,-5,1,2,1,-1,1,-42.554
1006,2,-2,-5,5,-1,5,-4,1,4,-2,1,-4,1,-1,1,5,-1,1,1,-5,-4,-2,3,-3,5,-5,-3,3,-3,1,4,1,-5,-1,-2,2,-5,5,1,-1,-3,-4,1,-1,5,0,-5,2,-2,-2,-3,-3,-2,5,1,0,5,0,-1,-4,21.7435
1007,-3,-5,4,-2,-2,2,5,-1,0,0,1,-2,3,5,-4,2,-5,-4,0,2,3,3,3,-2,3,2,-3,4,-5,-3,-4,3,2,2,5,0,-5,-3,3,2,5,3,2,1,1,-1,4,-1,-2,1,3,2,-5,3,2,2,5,-4,4,4,-19.54
1008,3,-3,-1,3,-2,-3,1,-2,1,5,4,-1,1,-3,-1,-1,5,-3,-2,-1,-4,5,-3,5,1,-4,-5,0,1,2,5,2,-3,-5,5,-4,4,3,4,1,4,1,1,-4,-1,4,1,0,-4,1,3,1,5,1,-4,2,-3,2,4,2,-32.4768
1009,-1,-4,4,0,-2,5,3,4,1,-1,-3,5,-2,-1,2,5,0,-1,-2,4,0,2,-1,1,2,-1,-2,-2,-4,3,-3,-1,2,4,1,0,5,-2,1,1,-4,1,-3,-2,1,1,-5,-4,-2,-5,1,3,-3,3,1,0,2,2,-2,-1,104.8796
1010,-1,-3,-5,-5,-4,1,4,-1,4,3,3,0,3,1,5,1,0,-5,4,0,1,2,-3,-4,5,3,1,5,3,-1,0,-2,0,0,-5,-2,-1,0,-2,-1,-2,2,2,-1,0,0,-4,-2,-4,1,1,-4,-2,-2,1,-3,-1,0,3,4,-48.5633
1011,-3,-5,-1,-5,-4,2,5,3,1,-4,-3,0,-1,1,-3,5,-4,0,-3,-2,4,-1,5,-1,-4,2,5,-1,0,2,-4,3,0,-4,-4,-3,3,4,0,3,4,-1,3,-2,4,5,-4,3,3,-1,-2,-1,-2,-2,-2,1,-5,4,-2,-1,52.8824
1012,2,-2,-4,0,-3,5,4,2,-1,-2,2,-2,0,-3,4,5,-1,3,3,-2,-1,0,3,-2,3,-3,-2,-3,-1,1,4,-5,-5,4,-4,-4,0,-3,2,2,-1,-5,3,-4,5,-5,-3,5,1,1,-3,3,0,5,-2,-2,3,-3,3,1,12.7168
1013,0,-2,-5,0,1,0,1,0,-4,3,3,1,0,-1,-4,3,5,3,0,-4,-3,-4,-5,-1,1,3,3,2,-4,5,5,-5,-2,0,-3,2,4,-1,3,-2,-4,5,0,3,-1,-2,4,5,-1,2,-3,-4,3,2,0,3,3,5,-4,-1,11.4223
1014,1,-3,-5,3,-2,-1,-3,-3,-1,0,2,-5,-1,2,4,0,-5,-5,2,2,5,1,-2,-4,-3,-4,-3,0,5,2,3,5,-2,0,1,3,5,5,-1,2,-2,-1,5,3,4,-2,-3,4,3,-2,-1,-4,-2,3,-5,0,-4,5,-4,0,73.7865
1015,1,5,3,1,4,-2,-4,-3,-1,4,-2,1,2,-3,-4,-2,4,0,4,-4,-2,-3,5,4,4,2,2,-3,0,-3,-3,1,-3,0,-2,2,5,1,-3,-2,5,-5,0,4,-5,2,1,-4,3,-4,3,-1,-3,-4,1,-5,5,4,0,2,-75.8759
1016,-5,4,5,4,-1,-1,3,-4,1,-1,-5,3,-2,-5,-4,5,0,2,-2,-1,5,-2,3,-1,0,-1,4,-3,4,-4,-1,-2,2,2,5,4,4,-2,3,4,4,4,-4,-5,0,2,-5,-5,-1,-2,1,1,-5,-5,3,-3,-5,4,-5,-2,-10.8922
1017,4,5,-2,1,0,0,-2,3,2,-2,4,5,-1,0,5,5,-1,-4,2,5,1,-1,-3,-5,2,0,3,-5,2,0,-2,0,-1,2,2,-5,3,5,-4,3,4,4,-1,-4,-1,-3,5,-5,1,-4,3,-5,1,-3,-3,-1,2,-3,0,5,-41.9772
1018,-2,3,3,-1,-4,4,3,2,-5,1,2,-3,-4,5,-2,4,2,3,5,-5,-3,3,-1,-2,-4,4,4,-3,2,0,4,3,2,-2,1,0,-1,-1,-5,0,-5,-5,0,-2,1,-5,-2,3,5,4,-5,-2,0,3,4,5,5,4,-3,3,51.5417
1019,4,-4,-2,-3,5,2,-3,5,-4,1,5,4,-2,2,0,-2,0,4,-4,5,5,0,-3,2,1,5,4,0,-5,-5,5,-3,-3,-2,5,5,5,2,5,1,2,1,-4,-2,0,1,-3,2,-5,-3,4,1,2,-4,2,2,-1,-1,3,1,-5.2621
1020,2,2,-3,3,2,5,4,-3,0,0,-1,-3,1,-3,3,-2,-4,-3,-5,-4,2,-2,-3,4,1,3,5,0,-1,2,2,-4,1,-3,4,-3,-4,1,-1,0,1,2,-3,-1,2,1,-3,1,-2,-2,0,-3,1,-1,-3,0,5,-1,0,-2,-17.7095
1021,0,-4,4,-5,5,2,-3,2,-2,-1,-3,-5,-2,0,-5,3,-3,4,5,-2,-3,0,-3,2,1,1,4,0,-5,4,5,5,3,2,0,2,2,-2,1,0,1,0,5,-4,2,2,-3,0,-3,-2,4,1,1,-1,-4,0,0,0,3,5,-20.8183
1022,1,5,-5,-5,-2,-1,-2,-4,2,3,-4,-4,0,-2,5,5,-2,2,-1,-1,-1,0,-4,-5,4,4,5,-3,-3,-5,3,4,-4,1,4,4,-5,-3,5,-5,-3,-4,-2,3,-4,-1,-1,-1,3,3,3,-4,-3,-4,-4,-1,1,-3,0,3,4.934
1023,1,3,0,-5,-4,2,0,1,0,-3,5,-2,1,-3,-2,-5,1,3,-5,-1,-3,1,1,-3,4,-4,0,-5,-2,0,4,-3,-4,-3,-3,0,5,-3,-5,-5,-4,-3,-4,5,-5,2,1,-4,-2,3,-5,5,3,1,3,2,-1,-2,1,-1,-41.1902
1024,4,-1,2,2,0,-3,5,1,0,2,-4,-4,-1,-3,-1,4,-5,4,-3,4,4,3,4,1,-4,5,4,0,0,5,-4,5,1,4,-5,-4,2,2,0,4,-3,-5,-3,-3,-1,-2,0,4,1,1,5,4,2,-3,4,-3,-1,-2,-5,-1,89.9286
1025,3,3,-2,-4,-4,-5,4,3,-5,3,-1,-3,-3,-1,4,-3,3,1,-2,-3,-4,1,-4,1,1,2,5,-2,-4,-2,-4,-5,4,-4,4,-5,2,2,5,1,2,0,3,-2,5,-4,2,-3,-5,2,-5,0,-5,-3,-5,2,4,2,-1,-3,-78.8287
1026,0,1,-2,0,-5,0,-3,1,-1,-4,-1,4,-1,4,-5,-1,3,5,-4,-5,-2,-4,0,3,0,2,2,0,-4,-5,2,-3,-4,3,1,3,5,-1,-3,2,-2,-5,-2,-5,-4,-5,-4,4,0,-1,5,5,-3,2,2,-4,5,3,0,-1,80.8414
1027,3,-2,3,5,0,-3,-1,4,3,-1,3,0,3,1,-1,-2,-1,-1,-5,-2,1,-5,3,-4,1,-5,1,3,3,-2,-3,-4,2,-4,-4,2,-2,-3,1,-4,1,3,1,-2,-5,-3,5,1,4,2,-2,2,-1,-5,-1,-5,-5,0,-5,4,-99.5143
1028,3,4,1,2,0,-3,4,-4,-4,2,1,4,3,-3,-2,1,-1,1,-3,-5,-5,0,2,-5,4,4,1,1,-4,-2,2,-3,3,-2,0,1,-5,-5,3,2,-1,-4,4,-2,2,-1,5,-5,1,3,-5,-4,-4,-4,4,-3,-4,-1,3,4,-99.6654
1029,3,-3,-4,0,5,-4,0,-4,-4,-1,-4,1,4,-2,1,-2,5,-4,-3,2,-4,-3,4,4,0,2,4,5,0,0,4,-4,-5,5,-4,-1,-1,3,3,-5,-5,-2,5,-3,0,0,1,2,-2,3,5,-4,5,1,-5,-2,0,5,5,-4,-49.2298
1030,-2,2,-3,5,4,-3,-5,-5,3,-5,-2,4,-5,-1,-3,1,0,1,-2,5,-4,-5,-4,-1,2,-1,-1,-1,-4,-3,3,-4,0,-2,-4,2,-2,-1,-2,-5,-1,-2,-1,-2,0,-5,-4,3,-4,4,-5,4,-1,0,-5,3,2,3,1,5,82.5012
1031,0,-5,4,-1,-3,5,-5,-2,5,-5,-4,-4,5,1,0,-3,5,-5,5,1,3,4,-4,-4,5,5,4,1,1,4,4,-3,3,-4,0,5,0,5,-1,-3,4,-1,-1,5,-2,1,-2,2,-4,-4,1,0,-3,-3,-3,0,4,0,-3,4,-70.128
1032,-5,5,-5,4,3,-3,-4,4,-4,1,2,-5,4,3,3,-5,1,5,2,-3,1,0,4,-1,-4,-1,3,-4,5,3,2,0,-3,-4,1,0,1,4,5,0,1,5,5,0,-1,0,3,-1,-1,5,-4,4,-3,1,0,4,-4,2,0,0,-30.2141
1033,-4,-1,-4,1,0,4,-3,3,-5,0,0,-1,5,1,1,-3,2,-5,-2,-3,-3,-3,0,0,-4,-4,0,-2,5,1,-4,-3,3,3,-2,4,3,-2,-4,1,2,-5,-5,2,-3,4,0,-4,4,-2,-3,4,2,-5,-1,4,4,2,-1,4,2.3859
1034,-3,-3,3,0,0,-5,2,1,-5,5,2,2,5,2,5,-1,-2,5,-3,-1,4,1,3,-5,-1,-4,2,-4,0,-1,-1,-5,5,2,0,0,1,-3,-4,-4,0,3,-1,5,-4,-1,1,2,0,-1,-3,0,-3,0,4,5,5,5,-1,5,-34.5573
1035,1,-3,0,3,-2,-4,3,0,-3,-3,-2,5,-3,-5,1,-2,-3,-1,-4,2,5,-5,-5,-2,-2,-5,2,4,-1,3,1,-4,0,-3,3,-2,4,4,-5,-2,2,-4,0,-3,1,-4,0,1,2,-5,-3,2,-3,-5,4,1,0,0,-1,3,-25.1448
1036,-2,-4,0,4,4,0,-2,-4,-2,3,-4,-5,-4,-3,2,-1,5,5,-1,0,-3,5,-5,-2,3,0,2,2,5,1,-3,4,0,-4,2,3,4,-2,2,1,2,-4,5,-4,-1,4,-5,-3,0,-5,3,-2,-4,2,2,5,-2,1,0,-4,-17.6125
1037,-1,0,-2,-2,-3,0,-5,-2,5,-5,-2,-4,2,2,-5,-5,-1,-3,0,5,-1,-4,2,0,-2,3,5,4,4,-1,-4,4,1,-2,4,2,0,5,3,-4,4,-5,-4,1,5,-5,-4,4,5,-3,-1,0,2,5,-1,-5,-1,1,1,5,-14.3738
1038,4,1,2,-2,0,2,5,4,2,2,-4,3,5,-5,-4,-5,5,-3,0,-1,0,-2,3,-4,-4,3,5,-1,-5,-3,3,-3,4,0,-1,4,-5,1,1,0,-3,0,1,0,0,-5,-5,5,4,-2,-5,-4,3,1,4,4,-5,1,-5,3,-22.393
1039,-5,3,2,-4,-2,-3,3,-3,0,2,2,0,5,2,-4,2,-1,-2,0,3,-4,-2,-4,-2,-2,0,-4,-5,4,3,-3,-1,-4,-3,3,0,-3,5,-5,2,0,3,0,4,-5,4,2,-4,-5,0,3,0,-2,-4,4,-1,-3,1,-1,-2,24.1268
1040,2,0,2,-2,4,0,4,5,-2,-1,-3,2,-5,0,-1,-5,4,1,-1,-1,-2,-2,-5,-1,-3,-2,-1,3,0,1,-2,-5,-3,2,3,-1,-2,2,4,-4,3,3,1,-1,-3,-5,3,5,4,5,-1,-5,0,2,4,-4,2,2,-4,4,21.154
1041,-1,0,5,-5,-3,4,1,-1,-3,-1,-4,-5,4,3,5,2,3,1,3,-4,0,-5,-4,2,-1,5,2,-2,-1,-1,-1,-5,-5,-3,2,1,0,-3,-4,-3,-2,0,-5,5,3,2,-5,5,1,-1,-5,0,-3,-3,0,0,0,-2,1,-4,0.8598
1042,1,3,2,-4,5,3,5,-2,-4,3,-2,-1,-1,2,-1,-3,5,-2,-1,3,0,5,3,1,-3,0,2,-3,4,-1,3,-2,2,3,2,-5,2,0,-1,-4,-3,-2,-4,-2,-2,-2,-1,-3,2,2,0,5,3,0,-4,5,-4,2,5,-2,-20.487
1043,4,0,4,-2,5,-2,5,0,3,0,2,-1,-4,5,-4,3,-3,1,0,-5,-2,1,3,-5,5,-3,3,-2,4,-3,2,-4,1,3,-3,5,5,1,5,3,4,-2,-5,3,-4,-2,-4,-3,5,5,0,0,2,2,0,3,-5,-5,4,4,-96.9399
1044,-5,-2,-2,2,2,-3,1,3,-3,3,3,3,0,-4,1,5,1,-3,1,-3,1,5,-5,-2,-5,5,4,-1,-3,4,-4,3,-4,-1,4,-5,-1,5,0,4,5,-5,-1,2,-1,0,5,3,-5,3,-2,-1,-4,3,-1,3,4,-3,3,5,71.5638
1045,-4,5,-3,0,1,3,-1,1,3,-1,0,1,3,0,3,0,-1,-1,3,-3,4,5,3,4,-5,0,-3,-1,4,1,-1,-3,1,-5,-4,4,2,-2,-2,0,1,-2,4,-3,-5,1,4,1,5,-3,-2,0,-5,-1,3,2,-2,1,5,-3,-32.3652
1046,4,-5,1,-3,-2,-1,2,3,-4,-2,-1,-5,-5,-1,-4,-2,-5,-2,4,2,3,-5,-3,0,3,-4,4,2,-5,-2,4,4,-3,-2,0,3,-3,2,1,-5,0,5,2,-2,0,3,0,-2,2,-4,5,5,-1,3,0,1,-3,-4,1,0,-41.9574
1047,0,-4,-4,0,4,4,-3,3,-3,-2,1,-1,0,-1,-5,-4,2,2,-1,-3,-5,-5,-4,3,-5,1,1,5,-4,2,-4,-1,-3,3,-3,-5,1,-5,-4,4,-5,5,-1,-3,2,-2,-1,-2,-5,4,-4,2,-4,-2,4,5,-5,-1,5,2,68.8069
1048,2,4,3,1,-3,5,-2,-5,5,3,0,-3,5,4,-4,-3,-5,-3,4,-5,4,4,-4,2,0,3,-3,-5,-3,3,4,-4,4,0,3,0,4,-3,1,0,2,-1,3,-5,5,-2,-2,1,1,3,4,-2,-1,-4,2,5,0,-1,-5,-5,-88.4646
1049,-4,-1,-1,3,5,-1,1,-1,2,-1,-2,4,1,-3,0,1,5,3,4,-2,-3,-4,-3,-4,4,3,-5,0,-3,-1,-5,4,-5,1,3,-4,-3,2,-2,1,4,-5,1,3,1,1,2,-1,-4,-2,0,-1,3,-4,0,0,3,-1,3,-4,-22.315
1050,-4,-2,4,-4,-4,5,1,5,-1,5,3,4,2,-2,-4,1,0,1,1,-4,-1,-4,2,2,4,-5,-4,-5,5,-3,-5,3,2,5,1,5,4,-4,-4,-2,-1,-4,4,4,-3,5,2,5,3,-3,-3,5,0,1,-1,-3,-1,2,-1,-4,57.8622
1051,-3,3,-1,3,-3,3,2,5,1,-2,-2,1,-3,0,5,5,0,-3,3,-1,-3,-4,5,5,0,-1,-3,4,1,-3,-2,-3,4,5,-2,-2,5,1,1,-2,-5,5,5,1,-5,1,3,4,-3,0,3,-3,5,-4,1,0,4,1,-2,-3,18.8588
1052,0,4,-5,1,-4,-2,4,1,2,1,-1,3,2,5,5,3,-2,1,-2,4,-1,0,0,0,-3,0,1,2,4,-2,2,-5,4,-1,-3,2,0,3,-1,2,-1,-4,2,-3,4,-1,-2,-1,-4,-4,1,1,2,-1,-1,-2,2,3,3,4,24.4951
1053,4,-2,-1,-4,3,0,-2,-4,-5,-1,5,-2,0,-1,-3,5,0,4,1,5,-5,4,-3,2,-5,2,1,2,4,3,3,-5,-4,-5,-1,0,2,-3,2,3,5,5,2,1,5,0,-2,5,1,2,3,5,-2,-3,-2,1,-3,3,-1,3,22.9133
1054,-4,-4,-5,-5,-2,-1,3,5,1,-4,2,-4,4,-5,3,3,4,2,4,0,2,-1,-3,-4,1,-4,-1,2,-1,-3,3,-3,-1,-5,-1,3,3,5,2,-4,0,-5,1,-3,5,4,5,0,1,3,-3,-2,-3,3,-1,1,-1,-1,-1,4,-97.7641
1055,-4,-3,1,-5,2,-2,3,-3,3,-3,3,-3,-5,-5,2,-5,-1,3,-1,-1,5,-1,-1,5,2,3,-2,4,2,-2,0,-5,5,4,2,1,5,2,-4,-5,5,-3,5,0,3,4,-5,-5,-5,0,2,5,-3,-5,5,0,3,4,-2,-1,-85.23
1056,2,0,1,3,-4,-4,2,-4,1,3,0,5,-2,-3,-5,-2,3,1,-4,0,-2,3,5,-1,-5,-3,-2,1,5,-4,3,2,-3,0,2,-5,-3,5,3,5,-4,-4,-3,-4,-1,-4,5,-2,-3,-3,-5,-5,3,-5,0,-2,4,0,3,-2,-11.1789
1057,2,0,-2,-1,0,-5,-2,-5,3,-3,-2,-5,-2,0,4,4,-3,-2,-5,-3,2,4,-1,2,0,5,0,3,-1,-5,5,-2,2,-5,-3,-5,-1,1,-5,-3,2,5,-4,1,-4,3,1,-3,-4,-3,-1,-4,5,-3,4,-5,1,3,-3,-2,-82.7019
1058,1,-5,-4,-2,-2,-5,-1,-5,-1,5,4,-1,-5,-2,3,-5,5,-3,4,-5,-5,5,0,-2,5,2,5,1,0,4,1,5,0,3,-3,-3,1,-3,-3,-1,0,3,-3,2,-1,-3,-2,5,-3,0,2,5,1,-4,-1,-4,1,-5,-1,-5,-59.4635
1059,3,2,2,5,-3,-2,-1,1,3,3,-1,-3,1,-5,0,5,-2,-2,-5,-5,-5,-2,-2,3,2,4,-1,-5,1,1,1,0,-5,2,-3,1,4,-3,3,-5,-1,3,-3,-5,1,-4,-1,4,5,-5,5,4,1,-3,4,3,-4,4,4,-4,-22.6416
1060,2,-1,-5,0,0,-2,2,4,-4,-2,-3,-2,-1,-3,-2,-4,-4,-4,5,5,-1,-1,5,-2,4,-5,3,-2,-1,-1,1,4,0,-3,-5,-1,1,0,-4,4,-2,-3,-1,-1,5,-2,5,-1,5,2,-4,0,-5,1,-3,1,3,-3,1,-2,-36.2406
1061,3,0,5,5,-2,2,-1,1,1,5,0,1,-3,-4,-5,4,1,5,4,4,0,2,-3,-4,-2,-2,5,-1,2,-5,3,-3,2,5,4,0,2,-5,-2,-2,-4,1,0,-2,-5,3,0,-4,-1,-5,5,-2,5,2,-2,-4,2,5,4,-3,-3.8127
1062,-3,0,1,2,-1,3,5,2,-1,1,3,5,0,-5,3,0,2,-3,-4,2,1,5,-4,3,4,-3,5,5,1,3,5,3,3,-5,-3,-4,-3,0,-2,0,3,-3,2,1,-5,-2,1,-1,4,4,-1,-5,4,-4,0,-2,-4,-3,-2,-1,-46.2411
1063,-1,5,3,-2,-3,-3,2,-3,0,2,4,0,0,5,0,3,2,-1,3,-4,0,5,5,-2,-3,1,3,0,4,3,2,1,5,-4,-1,-1,-4,3,5,3,5,-4,0,0,-3,-5,1,0,0,3,-4,-5,0,2,-4,-4,3,4,-5,0,-63.6776
1064,-2,4,5,0,1,-1,-1,-4,-3,-2,1,1,0,-2,4,-4,-4,3,-1,3,2,0,2,-5,4,1,-2,-5,-2,0,-5,5,2,-5,-1,3,0,-3,3,4,5,-4,1,5,-4,-2,-5,0,-2,4,4,1,1,2,3,5,-5,5,-3,1,13.5122
1065,5,-4,2,-2,-4,0,-1,-5,1,2,0,2,-3,5,-1,0,0,-3,-5,-4,-4,3,0,1,1,-4,-4,-4,-2,-4,-4,0,-4,4,3,4,-4,-2,-2,-4,1,-2,3,2,3,-2,-4,4,4,-2,-5,-5,2,1,4,1,-2,3,1,2,33.9965
1066,1,-4,1,-2,-3,3,4,5,-1,-1,-3,5,1,0,-1,-4,4,4,0,-5,-1,-4,-4,-1,-2,-5,3,3,4,2,-1,-4,5,-2,-3,3,3,0,-5,0,5,-1,-1,-5,5,-1,5,-3,-3,2,-5,1,4,-3,0,-2,0,-2,-2,-2,-102.7396
1067,3,-3,-5,1,3,3,-1,0,4,4,4,-2,-3,2,0,4,1,0,-3,3,-4,-4,4,3,2,2,-5,4,1,1,-1,3,-5,4,2,4,-1,0,0,-2,0,-1,-5,-5,5,-5,-4,4,1,-5,-5,-1,-4,2,2,-5,-2,-2,-4,-1,96.504
1068,3,-4,3,-2,4,-1,-1,-1,1,-4,5,-2,1,5,0,-3,4,5,3,4,5,-1,-5,0,-4,-1,1,-5,-4,-3,2,1,-2,-1,3,4,2,0,-2,-4,4,0,2,-3,-3,-1,0,-2,4,-3,-1,3,-5,5,2,4,1,0,1,-2,-67.7906
1069,3,3,-2,-2,-3,2,-1,-5,3,-4,-2,-1,4,3,-2,1,2,4,5,-5,-3,-1,3,-2,-2,-1,-1,-2,-5,-5,3,2,-4,-1,5,3,-4,2,2,-4,0,-3,-3,-2,-3,-5,-5,3,5,4,4,-1,-3,-5,4,-1,-2,-4,-2,2,-44.143
1070,1,5,5,-3,-4,-4,-5,5,5,-2,-2,4,3,-3,-5,-4,5,-1,1,-5,2,0,2,-3,-3,3,5,-2,-3,3,4,5,-5,4,2,1,1,2,-1,5,-1,-4,-3,-1,3,1,-1,5,-3,3,4,-5,-3,2,-2,5,1,4,2,2,39.4505
1071,5,5,-3,-2,3,-3,-3,-1,5,5,-1,-1,5,5,-2,2,0,0,2,2,4,2,5,-2,-2,-2,-4,-5,5,0,1,-3,1,2,-3,4,3,-3,-4,-4,-2,3,1,-4,-2,0,1,2,-4,0,-1,5,-4,-2,-4,-3,-5,2,-1,-1,5.8083
1072,-3,-4,0,-2,4,3,-1,3,4,-1,-5,-5,0,2,2,3,3,2,3,1,-2,-3,4,2,-3,4,-1,-2,-5,5,-4,2,-3,3,-3,3,2,2,1,1,4,-2,4,-1,-5,0,-3,2,-1,-5,1,-5,-2,3,5,-4,2,-5,-5,-3,25.8603
1073,0,-1,-3,-4,1,3,3,-3,-1,-3,-2,5,-4,4,-3,-3,4,-1,0,-4,2,-5,-2,-2,-5,-1,-5,5,3,-2,-3,4,-1,2,4,0,-5,2,-4,-2,0,-5,-5,-2,-5,2,4,2,-5,-2,1,-5,5,2,-2,0,5,0,5,-1,40.8364
1074,-1,-3,-5,4,2,1,-4,3,4,-2,-3,-4,-4,4,-5,5,-4,-1,1,3,0,-3,2,-4,-2,-5,5,-2,-1,-1,-2,-1,4,1,0,2,-5,2,5,-1,-2,3,-4,2,5,2,4,-5,4,-5,0,0,2,-3,3,-5,-3,3,-5,3,-34.3811
1075,1,-4,1,1,3,-5,1,2,5,-5,1,-1,0,-1,4,-1,3,4,-5,-1,-1,-2,-5,-3,1,1,2,2,-3,-2,4,-2,-4,4,-1,3,0,-5,1,-4,1,4,-4,-3,-4,0,0,-5,5,-3,1,0,1,-4,1,0,-2,-1,-4,5,-75.61
1076,4,1,-1,5,-2,5,-2,1,3,-5,-2,4,3,3,2,-1,-2,0,5,3,2,-2,-5,-3,2,-5,-5,4,0,4,3,-4,4,-4,-2,-1,1,-1,1,2,-4,-4,3,3,5,-3,-2,-3,0,-4,4,-1,5,0,5,2,-1,-4,-2,-5,-73.9534
1077,0,-2,5,5,-1,3,4,-2,5,-5,4,-5,-1,-1,-5,0,2,-5,2,-5,-3,-4,2,-4,5,1,-3,2,5,-1,5,-5,4,-3,3,2,2,1,-3,5,2,-4,-5,3,3,-3,3,1,5,-3,3,-4,1,-5,1,-1,0,2,-2,2,-153.0282
1078,2,-5,0,0,-3,-5,-5,0,-1,-1,-2,-2,5,0,-3,2,-2,5,-3,1,-4,5,-2,5,-3,-5,-2,5,-1,-3,-1,5,-1,1,-3,2,1,-1,-4,4,5,3,0,-3,3,-1,-3,-5,4,-4,3,3,-4,-1,3,5,4,4,2,0,15.2274
1079,0,-2,-4,0,-4,-1,-3,-5,4,2,1,4,-4,-1,3,3,3,4,-3,5,-3,4,-4,1,1,0,-1,4,-2,0,5,2,0,-5,-4,2,2,0,5,2,-2,0,0,4,3,3,4,-4,5,4,-4,2,2,0,-4,-1,-1,-5,1,-5,41.0973
1080,1,-3,-3,0,4,-5,-1,-2,-5,0,-4,-3,-4,0,2,-3,0,-2,4,5,2,-5,-2,4,-5,3,3,-5,0,1,-2,-3,2,3,4,-5,-2,2,-4,-4,0,-4,-1,-3,-3,3,2,-4,4,0,2,-3,1,-3,2,5,1,3,-1,2,-49.6465
1081,0,-3,-2,-1,-4,3,-2,-3,2,-2,0,2,0,3,-1,-5,-2,-2,1,2,3,-5,0,0,-5,3,4,-5,-5,-2,3,1,-5,-1,2,3,-3,-3,3,2,-4,-3,0,-3,-2,1,-2,-4,4,-2,5,1,1,2,5,3,-1,-3,-2,-3,-2.1787
1082,-3,-1,5,4,-5,3,4,5,4,-2,0,5,4,-2,5,4,-5,3,4,1,1,1,-2,4,2,-2,-3,-1,5,-4,-3,-5,-4,5,1,-1,-3,1,2,-3,0,3,-5,-3,0,3,-2,2,0,4,-5,-5,-3,5,2,-4,5,-3,5,5,73.6615
1083,1,-2,3,-4,-1,1,1,-5,-3,0,-3,1,-2,4,-1,2,-2,-1,2,-2,-4,-3,-4,3,-4,-1,3,-5,-3,2,5,3,-2,1,-5,2,2,-5,4,5,-4,4,0,1,-1,5,2,-1,4,3,-3,3,0,-2,3,1,4,-4,2,4,25.5086
1084,2,5,2,1,5,-4,-4,1,-2,5,2,0,-1,-5,3,-2,4,1,0,-5,1,-2,0,-2,-5,-4,-2,3,1,0,4,-1,0,-2,2,4,-4,-2,-3,-2,-4,4,-3,2,2,-4,5,-3,-5,5,-4,0,-2,-3,-5,1,-2,-2,4,-3,-57.513
1085,2,-5,2,-3,0,-3,-5,1,4,-4,0,-3,0,2,-1,1,-1,-1,-4,0,2,4,5,0,0,3,-1,0,-2,3,2,3,3,-1,3,1,-5,1,1,2,4,5,-3,-4,-5,-2,1,1,2,-3,-1,-4,0,-4,-1,1,-3,-4,0,-1,-52.0497
1086,-5,0,-4,5,4,-4,3,3,-1,5,-2,-4,-2,-2,4,-4,3,-2,1,-5,5,3,-1,-2,5,5,-1,1,-5,4,0,-2,-5,3,0,-5,-4,1,-2,-2,-1,5,3,2,3,-1,-4,-1,5,-5,-4,2,-5,-1,4,0,-3,5,-3,-1,25.3238
1087,-1,-4,-4,0,-5,2,-4,3,5,-4,1,3,-1,-1,-3,1,3,3,3,-4,3,-2,-4,1,-4,0,0,0,2,-1,1,2,3,0,-5,3,1,2,1,-3,5,5,2,-5,4,-5,1,4,5,1,-4,3,-2,2,2,0,2,3,-4,-3,-8.8223
1088,5,0,4,5,-4,2,-4,1,3,-4,4,1,-1,3,-1,-2,1,0,4,2,1,3,1,-3,4,-5,-2,-3,-4,3,-1,-4,4,3,-1,2,-1,3,5,4,-4,3,-2,0,5,0,-3,3,1,-4,2,-1,-5,5,-2,3,-3,5,2,-5,30.4453
1089,2,-2,-5,3,1,1,3,1,-2,3,3,3,4,2,5,-1,1,2,-1,0,4,4,4,3,-1,-2,-3,-3,5,1,-4,-3,5,0,5,5,4,-3,-4,-5,1,3,-3,5,0,4,4,4,2,3,-3,-5,5,-4,1,4,-5,1,4,-3,-33.2634
1090,-3,-5,0,-3,0,-3,5,5,5,0,2,1,1,4,3,-2,4,-3,-1,3,5,-1,1,-2,-2,0,-1,2,-5,-5,-2,3,5,-5,-5,3,5,5,-1,3,5,5,-3,0,0,3,4,-3,-3,-4,-1,2,-2,-5,5,-5,0,0,-4,-2,-92.4808
1091,1,4,-3,5,-5,-4,5,-5,2,-4,0,-2,4,1,-4,2,3,-4,-2,5,3,5,1,-3,1,5,-3,3,5,2,-4,-5,-2,1,4,1,-1,-3,-2,-5,-1,-1,-2,-4,-2,1,-1,-4,3,0,-1,-4,2,1,4,-4,5,0,5,2,-32.0622
1092,-1,5,5,5,-1,4,-2,-4,-3,5,2,0,-2,-3,4,2,3,-4,3,-1,-4,2,-3,0,0,3,5,-4,-4,2,-3,0,3,-2,0,-1,4,-4,5,-1,-2,0,-1,-2,5,-2,-5,3,3,-5,5,3,-3,3,4,0,4,1,2,0,-20.1794
1093,5,2,-2,0,-5,2,5,1,-4,-1,5,5,-1,2,-1,-2,-2,-5,5,4,5,-3,3,-4,-1,-2,-2,-2,0,2,-3,1,-3,-5,5,-3,-1,5,0,2,0,1,-2,4,-2,0,2,3,3,5,3,5,-4,-3,-3,-1,2,1,5,-2,42.6125
1094,1,-4,2,5,2,-4,0,0,-5,5,-3,-2,2,4,5,3,-3,3,4,-3,1,-5,-2,3,-5,-2,2,1,-5,-1,2,2,-4,-3,-5,-2,0,-1,-3,-4,3,-5,-1,-4,0,-2,2,4,3,-1,0,4,0,0,-1,-5,-4,1,3,4,-8.7818
1095,-4,-1,3,2,0,2,1,-3,-4,0,4,4,-1,3,4,-3,-1,4,1,1,-4,3,-3,-4,0,2,3,-4,-2,5,5,-3,2,0,3,4,4,1,-5,-4,-2,1,-3,-3,4,-2,1,-4,-2,-5,-5,1,1,0,5,3,-3,3,-4,5,-5.9126
1096,0,-3,0,-4,4,2,-5,1,-2,-3,-3,-5,3,4,-2,-2,5,-4,2,5,-5,0,-3,-3,1,-3,4,-1,1,-4,-4,0,5,2,4,2,-2,0,1,-4,4,2,-2,-3,0,5,-1,-5,-2,4,3,2,-4,-3,-2,5,3,0,-5,-1,-84.6921
1097,-1,0,2,-1,0,4,-4,3,-3,-1,-4,0,-3,1,3,0,-2,4,-4,5,0,5,2,-3,5,-2,5,-2,-5,1,1,3,1,-5,-3,1,4,1,-5,1,2,0,-5,2,0,-5,-4,2,0,-2,2,3,-3,2,4,-5,0,-3,-2,1,47.8293
1098,-4,1,3,1,-5,3,-4,-1,-1,-3,5,-2,4,0,5,-3,4,-5,-3,2,-3,-3,5,-1,-4,4,-4,-4,-3,2,4,-5,2,2,-1,-2,-5,4,0,-4,-1,5,3,1,-1,-4,2,4,0,-2,-4,1,-5,-5,4,4,-3,-2,4,-1,-23.9754
1099,-3,3,-2,-1,-3,0,5,2,-4,0,-1,3,-5,4,-2,4,5,-2,5,0,5,0,5,-1,4,2,1,2,-5,-2,-1,5,1,-2,-3,4,-4,4,-1,3,5,1,-3,1,3,-1,-3,-4,3,2,4,-4,-5,-1,-5,-2,-4,-3,2,-3,26.3908
1100,-3,-4,1,5,-3,-1,-3,0,4,3,0,-4,-2,3,-2,3,3,-3,-3,3,1,1,-5,-2,3,-5,-3,3,4,5,-5,-2,3,-5,-3,-4,4,5,-2,5,1,2,-4,-3,0,4,0,-5,2,-2,-3,5,2,5,4,-5,0,-3,-2,0,15.507
1101,5,5,-2,-5,-3,-3,-3,3,-5,5,3,-5,-2,0,-1,4,-3,-2,-2,5,-2,-5,-4,-2,-2,4,1,2,0,-2,4,3,5,-1,1,3,0,-2,4,-5,-4,2,5,0,3,4,5,-3,3,1,-3,4,2,-1,-1,-4,4,-4,5,2,-26.2327
1102,4,2,-3,-2,1,-2,-2,2,-4,-1,-5,5,5,-2,0,3,5,-2,2,-4,-1,0,1,-2,-1,-2,0,-5,-5,3,5,-1,-3,-5,2,-3,0,-3,-5,-1,-4,-1,5,-3,-3,1,0,-4,5,-3,2,-3,0,-5,2,4,-1,2,5,2,-82.8381
1103,-5,2,-1,3,-3,1,-3,2,-1,-3,-2,-5,3,2,-2,1,5,1,2,0,4,0,-3,-2,-4,-3,-5,5,-5,5,0,2,-5,4,-4,-2,-2,3,2,-1,-3,2,-2,1,-4,0,-1,-5,0,4,0,5,1,-1,4,5,1,5,3,-3,64.0168
1104,4,4,2,1,4,5,1,-5,-4,-2,2,2,0,5,0,1,3,5,2,5,-5,2,0,1,-4,0,-1,-4,0,-5,-4,0,2,-2,-2,-5,2,5,3,1,5,1,-4,2,1,-5,1,2,-4,0,2,-1,2,2,2,-3,5,4,-1,-2,-4.3148
1105,-3,-4,-1,0,5,-5,-5,2,0,4,-4,0,4,4,-2,4,5,4,4,-4,-5,-1,2,-4,5,5,2,-4,-4,-5,-4,4,5,-4,4,2,5,2,3,5,-4,-2,-4,-5,-2,-5,-4,2,2,1,5,-4,-5,1,-3,-5,5,1,-2,-1,-40.8177
1106,4,-4,4,-3,3,4,-4,-1,0,3,-1,-5,0,-3,-3,1,-5,-3,3,-1,-4,0,2,-1,-4,-5,0,-1,-3,-3,1,3,2,-2,1,4,4,-4,2,5,0,-2,-2,-5,-5,4,-2,-5,-4,5,3,-5,1,2,-5,3,-3,0,5,2,-35.2466
1107,5,3,-4,1,0,-1,1,-1,0,2,4,3,-3,1,2,-1,4,-3,1,-2,4,4,2,5,-5,5,1,-3,-4,-2,-3,4,-2,-3,4,3,2,2,4,-1,0,-1,-1,-2,5,3,3,0,-4,-2,5,-4,-5,-5,-4,2,-3,-1,4,-3,-9.2804
1108,4,-5,-2,-1,-3,4,-5,3,1,2,4,2,-2,-4,-2,0,3,-2,-5,-1,1,3,-4,2,4,3,-3,-2,5,5,-3,-4,4,5,-4,-1,-3,-5,3,-4,-1,2,-1,3,0,-4,4,3,-4,5,-4,5,5,0,-2,-3,-2,3,-3,0,51.868
1109,-3,-4,-2,-2,-2,-5,3,-3,-3,4,2,-5,0,0,4,1,2,-5,-5,4,1,-3,-3,-3,-1,-5,4,2,3,0,0,-3,-2,-4,-2,-4,-3,3,-1,2,2,3,4,-2,-2,-5,-2,0,-5,-2,-1,3,5,-4,3,-2,1,-2,2,1,-100.1995
1110,-4,-3,-1,3,1,-5,-5,-1,1,-3,-3,2,2,-5,5,1,3,-1,4,-2,-2,-2,-2,-1,-1,4,-4,1,2,2,2,0,-1,-2,1,4,-3,2,2,-3,-1,0,4,-4,0,0,-4,-3,2,0,0,-5,3,2,3,-5,1,5,-5,2,-33.1361
1111,-1,5,-4,4,4,0,-3,-4,3,2,-1,-2,5,-5,-3,-5,-2,-1,4,0,-1,-2,-5,-1,-1,-3,3,-5,2,-4,3,0,4,-4,-4,-2,-3,-3,-3,-2,3,3,-5,0,2,1,3,3,4,3,-3,-4,-3,2,-1,-2,4,-2,-1,1,-76.3391
1112,3,5,-1,0,-5,1,-3,0,0,-3,5,4,1,-2,-5,5,-2,0,-5,4,-1,2,-4,-4,3,-4,-4,5,2,5,-3,5,1,1,3,1,5,0,-2,0,-5,-1,5,-2,5,-3,-4,4,-4,-4,-1,3,4,4,-1,1,5,-3,0,-5,85.7474
1113,-2,-5,-1,1,-5,1,3,-3,-2,5,1,-1,5,-4,-3,-1,-4,2,1,4,5,-3,0,5,4,-4,1,5,0,1,5,-1,-4,-4,5,4,-3,-4,0,0,5,0,-2,1,1,-2,4,-2,2,-5,-3,-1,5,3,-2,3,-4,5,-2,-2,-33.3144
1114,4,5,-3,-5,2,4,-1,-3,0,3,4,1,1,-3,-2,-2,4,5,4,-5,-1,-4,1,0,-5,-1,-3,-2,5,0,5,4,-2,-5,5,-2,-3,-2,0,-3,1,2,-3,4,3,-1,5,5,-2,-5,0,-4,1,1,0,3,3,-5,-2,-2,-64.9512
1115,-2,-3,-1,2,1,3,5,1,2,-4,-5,-4,1,-2,5,4,2,-2,-2,-4,0,-1,-2,3,-2,-5,1,-2,3,2,5,3,3,-1,4,1,3,5,-2,2,2,-3,4,5,0,0,2,-4,3,-3,4,-3,-3,-5,-5,-1,4,4,0,0,-57.6515
1116,4,-5,5,-2,-4,3,5,-4,-4,-5,-5,-1,3,-4,0,1,-2,-3,-4,5,3,4,3,4,-3,3,-2,-2,-1,4,4,2,1,0,2,0,2,-2,-4,0,3,-5,-4,1,2,-1,-5,4,-1,4,-5,-4,-5,0,0,-5,-5,-4,5,0,58.5268
1117,3,5,4,0,-1,-3,-4,-4,3,3,-1,-4,-1,-3,4,3,-5,-1,4,0,-4,-5,-4,-2,4,1,-4,2,-3,-2,1,3,0,1,-2,2,-1,4,-5,-3,-3,-3,-2,-1,1,-3,4,2,-1,-5,3,-3,-5,-3,0,-4,-1,0,5,0,-18.9506
1118,1,-3,-2,0,-4,2,5,5,5,-1,3,-5,-3,2,5,-4,0,-5,5,5,-5,4,-4,1,2,0,3,-1,-2,5,-3,-1,1,5,2,-3,-5,5,4,-2,-2,-3,-2,1,0,-3,5,-4,3,1,0,-4,5,4,4,-3,5,-4,1,5,-50.2616
1119,-4,5,2,-3,5,3,5,5,2,-4,-5,3,0,4,-4,-2,-4,2,-2,-4,4,0,1,2,-5,3,2,-2,-1,-3,-4,0,-4,-2,0,-3,5,3,-2,-1,0,3,1,1,-4,-2,-4,-3,1,-1,-2,3,-2,-4,5,2,-1,0,-4,2,42.4526
1120,5,4,3,-3,2,3,-4,4,4,4,4,-5,-5,3,5,-4,-1,-1,0,-1,0,-4,-4,5,-5,5,-3,1,5,0,0,-1,-2,5,-1,2,-5,-5,-2,2,3,5,1,-5,-2,-5,3,-1,4,0,-4,4,-4,0,0,4,4,2,-2,-1,64.7329
1121,-5,4,-2,-3,-5,5,4,0,1,4,1,-5,0,4,-4,2,-5,1,5,0,3,4,5,-3,-1,5,-4,-2,-1,-3,3,-4,-2,-5,-1,4,-1,-1,-2,-5,2,-5,5,4,2,0,5,-3,-2,-2,1,2,5,-5,-3,-1,0,-5,2,-4,-59.3051
1122,5,-4,5,2,-4,-1,3,-5,-5,0,5,-1,-2,3,2,1,5,-4,-4,-3,5,1,-5,0,-4,1,-3,1,1,-3,-4,-1,-1,5,-4,1,3,2,4,-4,5,2,0,2,-4,-1,-5,-4,4,4,-4,4,0,-3,2,-2,0,0,5,-4,-28.7901
1123,4,-3,-3,-5,1,4,-1,4,2,-1,5,-1,-1,-1,1,-4,-4,5,1,2,3,-4,-3,2,5,-4,-2,1,4,5,-3,5,-1,0,2,-3,-2,0,-4,1,1,4,2,-2,1,-2,-2,5,4,-3,-2,5,5,5,5,2,4,2,-1,5,42.1859
1124,-1,2,2,-5,-4,-5,-2,-2,-1,-5,5,4,-4,-3,4,-5,-4,-4,5,-5,-1,-3,0,-1,-4,3,0,-5,1,-2,-5,-5,5,1,-5,5,-3,-1,4,0,1,-1,0,-1,-2,0,2,-5,2,-4,1,-1,1,3,-3,1,-5,0,2,2,-78.2444
1125,2,4,2,5,-4,3,1,-4,2,-3,3,5,0,3,-2,2,2,-4,-3,-2,1,1,-3,-2,0,5,-1,5,-2,2,-5,1,-4,-4,-1,-2,4,-3,-1,-2,-2,3,-1,-1,-4,2,1,-1,2,-3,0,0,-1,-4,3,2,1,0,2,-2,24.2858
1126,-1,0,0,-2,-2,2,-5,3,-3,4,0,0,4,-1,-5,2,-4,2,-5,0,-5,-1,5,5,-2,5,-3,5,-2,-5,1,2,5,-5,-1,-4,4,-1,4,1,0,-1,-2,-3,1,3,3,4,-4,3,4,4,4,-4,-4,1,4,-4,-1,-3,22.0511
1127,-2,-2,-4,2,-5,4,0,-1,-5,2,1,-1,-4,-3,2,5,-2,3,5,1,0,-3,0,-3,1,5,4,5,4,1,4,-2,1,0,-1,-2,-3,3,0,-2,-1,5,2,4,0,2,-1,3,3,-4,4,4,1,3,2,3,-2,3,-5,-2,77.6583
1128,0,-1,3,4,-1,-5,1,3,-4,0,1,-5,3,-4,-4,-2,-3,4,1,-3,2,-5,3,3,3,-1,4,2,-4,0,3,5,-2,-1,-2,0,-4,5,3,-2,1,-4,4,-2,5,3,3,4,-4,-3,-1,3,1,1,0,-4,2,-5,4,5,-52.1765
1129,0,5,-2,-3,4,3,-2,0,-5,2,0,2,-3,-4,4,-2,-3,1,1,-4,-3,0,-2,3,3,-1,-4,2,4,4,2,-4,-4,0,-3,-2,0,4,0,3,4,1,5,-1,-5,3,-5,5,5,-1,2,-5,3,-3,0,5,-3,4,0,5,65.4473
1130,5,-4,1,-3,3,1,0,1,3,-4,1,-3,-5,2,4,-4,3,-3,5,-3,1,3,-1,2,0,5,3,-3,1,5,-4,0,-3,-2,2,-1,2,-5,-5,-2,0,-4,4,-2,1,-3,-4,-3,0,-2,-4,-4,-5,0,-5,5,-3,-3,0,-2,-55.148
1131,1,0,2,-4,3,-2,1,-3,-1,1,-1,4,-3,-4,-1,-3,-2,-3,-5,-2,-5,1,-1,-5,1,-3,3,-4,1,2,2,-4,-5,-1,3,-4,-4,-3,5,5,3,4,5,-2,0,5,3,0,-2,3,-4,-1,-4,0,0,-5,-5,-3,-3,-4,-40.6003
1132,-5,5,5,1,-2,2,-2,0,3,-4,4,-1,-3,2,-3,4,5,2,5,4,0,-1,-2,1,5,-4,2,-3,1,-5,5,2,-1,-1,-1,-3,2,1,-5,-2,-1,-2,-4,3,3,2,3,1,4,-5,0,-1,5,-5,5,1,-3,0,4,2,-82.1009
1133,5,-2,-5,1,-4,-3,-3,-1,-5,1,5,1,0,-4,3,-3,1,-1,-3,1,-1,0,-5,-3,-4,2,5,-5,-2,5,-3,-2,2,1,-1,0,-2,1,-2,0,-1,4,0,-4,-5,-3,-2,-1,-4,5,-4,-2,-3,5,0,-4,0,2,5,-4,39.6229
1134,1,-5,3,0,5,2,2,-5,4,-3,1,0,5,-3,3,-2,5,0,1,-1,5,-3,-1,5,0,2,-3,4,-3,-3,-5,-2,0,2,1,0,3,3,-5,-5,3,5,-4,5,-3,-3,-2,-3,3,-5,5,-4,1,-1,2,-4,2,4,-1,-2,-88.0268
1135,-2,-1,-1,5,4,4,0,-3,0,3,-3,-1,0,-1,4,-5,4,-3,-4,1,-4,-1,-1,0,5,1,1,-1,3,-5,3,4,3,0,-1,1,-3,-2,2,-4,5,3,4,2,3,-1,-4,3,-1,-3,-2,5,4,-4,4,-2,1,1,-4,3,-42.1156
1136,5,-4,4,-5,2,-2,3,1,-1,5,-3,3,3,-1,2,1,-4,-2,-2,2,-4,4,-1,-2,-1,1,-5,-3,-1,1,5,-2,-5,3,4,-2,1,1,2,0,-3,3,-1,-4,5,0,-2,-5,-3,-1,1,-5,0,0,-3,-1,-1,1,-3,-2,4.4918
1137,-2,0,4,-5,-4,1,5,-5,3,-2,-3,-5,0,5,1,-1,5,-2,5,3,1,3,5,-4,1,-3,-5,-4,-3,4,2,-4,3,0,-2,-4,-1,5,-5,-3,-3,2,4,2,-5,1,1,-4,-1,0,-5,4,-2,-4,3,4,-5,0,-3,2,-34.063
1138,-4,-1,5,0,-5,2,3,4,1,4,-5,-3,-1,-2,0,3,4,-3,1,4,0,2,5,-3,-1,-5,-1,2,1,-3,1,4,5,0,3,-3,1,5,-1,1,-2,-1,3,5,2,0,-3,-2,-1,5,1,3,-2,-1,-3,-5,-2,0,0,4,49.2687
1139,-4,3,2,-3,-2,5,1,-1,3,3,3,3,1,4,-4,-5,4,-1,4,0,-5,-4,-1,-3,1,-4,-5,4,-3,3,-3,-2,1,-1,-2,2,1,2,-5,1,5,-4,5,-4,4,-1,3,2,0,-3,2,3,-1,4,2,2,-5,4,-1,5,7.0813
1140,4,3,-5,3,1,4,5,-5,-2,-5,-5,0,0,4,3,0,1,-3,0,2,-5,1,-4,-4,5,-1,5,-4,-3,-3,0,5,2,3,-3,-3,2,4,5,-5,4,-1,2,0,1,1,-4,4,0,-3,5,0,-3,2,-4,-1,-2,5,-4,-4,14.9628
1141,-4,-3,0,0,-1,-1,-5,4,-4,1,5,5,4,3,0,4,3,-5,-3,-3,-5,-4,5,-2,-1,-4,-1,3,-1,-3,-4,-5,-2,3,-2,-5,-1,4,-4,-4,2,5,0,3,-5,2,5,4,4,4,-2,-4,-4,-4,4,4,0,2,-4,4,2.2484
1142,-3,-1,4,2,-3,1,1,2,0,0,-2,-1,-1,4,-1,-4,-5,-5,-5,-4,-2,-1,1,4,0,2,2,3,5,-2,5,0,-4,-5,4,-5,1,3,3,-5,-3,1,3,2,-3,-4,2,-5,2,1,-2,5,5,4,-5,5,4,1,-4,-4,-17.3566
1143,-4,-3,-1,2,1,2,5,-4,1,5,2,2,-1,-2,2,-1,0,-5,-1,-3,-4,2,2,-4,-2,-5,2,0,-1,-3,5,2,-2,-3,0,3,4,1,-4,2,3,-4,1,-5,-3,-3,-1,0,2,-1,2,-1,0,-5,4,-2,4,-5,-3,-1,-93.9362
1144,5,5,5,4,-1,0,5,3,5,4,1,-5,2,4,1,2,0,-3,-4,-2,3,0,-1,1,-2,3,-3,-2,3,0,3,5,-1,-5,3,0,-2,-4,-4,-2,2,-1,0,-3,2,-5,-3,-4,3,-3,-4,-4,5,3,-4,4,1,0,3,-2,-44.7738
1145,-3,3,-3,-1,-4,5,0,3,-3,0,-5,2,1,3,3,1,5,1,5,4,0,0,-4,-1,3,0,0,4,-3,0,-1,-5,5,3,-4,0,5,2,5,0,-3,0,-5,-2,-3,-4,1,-3,-3,-1,0,-2,0,-2,-3,3,-1,-1,5,5,26.9973
1146,2,-3,4,-2,-2,-4,4,3,4,1,1,5,-1,-5,-4,0,5,-2,0,2,3,-4,3,3,-2,4,-4,-3,-4,1,3,-2,2,-3,4,3,-3,3,3,-4,2,4,3,2,0,1,0,-4,-1,0,-3,2,0,-4,-5,0,2,2,-2,5,-10.0975
1147,-1,3,5,-1,5,3,2,5,5,-3,4,-3,3,-2,5,-5,-4,3,3,2,1,-1,-5,4,-4,-3,1,3,1,-3,2,1,3,-5,0,-4,2,-5,-2,-1,-3,2,2,0,4,0,-1,-3,5,4,-5,-5,4,4,-3,-3,-3,3,-5,-3,-72.0663
1148,2,-4,2,0,3,3,-4,-4,-4,5,4,1,0,-5,-4,2,3,2,5,-1,2,0,2,3,4,1,-2,-3,-4,1,-4,-2,-1,-3,-5,-4,3,1,0,3,0,-1,-3,-2,3,-2,4,-2,0,-1,4,2,-5,2,5,2,2,4,3,-4,-55.4238
1149,4,0,0,2,-4,2,1,-4,1,3,-5,3,-5,3,-2,-5,-1,-4,4,1,4,-4,0,-2,2,5,3,-3,-4,5,-3,-4,-3,-5,-5,2,3,-5,-1,4,3,-1,3,-5,1,4,1,-4,1,0,-1,1,4,2,0,-5,4,0,-3,2,2.8919
1150,4,-4,-3,-1,-1,-1,-1,1,-4,5,5,-3,0,-1,-4,0,2,-5,-1,-2,-5,2,1,5,-2,-4,2,3,3,0,-5,2,0,3,-3,2,1,3,-4,-3,0,-5,-1,-5,-3,1,0,2,-4,2,3,-2,1,-3,-1,3,-1,-4,3,-4,-22.7074
1151,3,2,-5,0,-2,-3,1,3,4,5,2,-2,-1,4,-3,2,-1,3,-1,-4,2,-2,1,-4,2,2,-4,0,1,-1,-3,0,2,3,4,1,2,0,-1,-3,0,2,0,4,4,3,3,0,-1,-2,4,3,1,-2,2,2,-3,-3,-1,-5,-19.0963
1152,4,-1,-2,3,-3,3,3,2,-5,-2,-4,0,1,-2,0,1,3,5,0,-3,-3,-4,-3,-2,2,4,1,0,4,5,2,1,4,-4,-5,1,-3,1,2,1,3,5,2,-5,1,-1,-2,1,1,2,-1,-2,-1,0,-5,-4,3,-4,-3,-4,8.9376
1153,1,0,4,1,-3,4,-3,1,1,2,0,4,1,-3,-1,3,2,-5,5,-3,0,1,0,5,-3,3,-1,-4,-1,-2,-2,5,1,2,-1,-4,4,-1,3,4,-5,5,2,-3,0,-5,0,-5,0,-1,-2,-3,-1,-2,-1,4,-4,-3,-2,5,29.5953
1154,1,-2,-1,3,2,1,5,-2,-3,5,0,0,4,3,5,-4,0,0,1,1,-3,-3,5,2,2,0,3,0,4,1,4,-3,-5,2,3,2,-4,-1,4,3,2,-4,0,0,-4,-3,3,-4,-1,-2,-4,4,-2,5,2,-4,-5,3,2,2,-21.2737
1155,1,2,-4,4,-3,-1,-5,5,2,-5,-5,0,-2,-2,-3,1,5,-3,-2,2,-2,2,-2,2,4,3,2,-4,3,0,2,-5,-1,-5,3,-5,0,-5,-5,5,4,-4,-4,-2,-2,-4,0,1,-4,3,3,-4,1,0,5,2,5,1,-3,5,-12.5789
1156,0,-5,-2,-4,-2,-2,2,-3,-5,-3,1,2,-2,-4,3,-2,0,-2,-3,-3,4,-1,-1,1,5,3,-1,3,-1,-2,-4,-5,3,-5,-4,-5,1,-1,5,2,4,4,-4,-3,-3,-3,-1,-4,-4,1,-1,4,-4,0,1,4,-3,0,1,-2,-71.6661
1157,0,0,1,-5,-5,-4,-3,-3,0,-2,0,-4,2,5,-4,2,-2,5,1,-2,-3,4,-1,-5,-2,-1,-4,2,3,1,-1,1,2,2,5,-5,2,3,4,5,2,-2,4,-2,-5,-2,-5,0,-1,4,5,4,-4,3,-5,-1,-3,3,5,0,40.1811
1158,1,2,2,-2,-3,-5,5,4,5,4,4,4,-2,-4,-4,-3,-2,0,-5,0,1,-1,-5,-3,0,0,-4,-3,-4,3,1,4,-3,-1,-5,2,5,1,-5,-2,5,-5,-2,5,2,-5,-1,-1,-3,0,-1,-2,1,1,-1,-2,-2,1,-2,-3,26.9897
1159,4,-2,2,-5,3,-5,5,-1,-1,5,-2,-5,-2,4,4,5,-2,-4,4,4,3,2,-3,0,-2,-5,-3,-2,-2,-3,-2,-4,0,-1,-4,-1,-2,1,-2,0,1,-5,-1,-4,3,5,4,1,-3,-4,2,4,5,2,-1,-2,1,-3,1,-2,-68.1584
1160,4,-3,3,3,2,-5,-2,5,-1,2,1,2,-4,1,1,5,4,1,1,-5,-1,-4,1,-4,-5,1,2,-4,4,-4,3,3,-3,2,-2,1,-4,5,2,2,0,-4,-5,4,-5,2,-5,-5,2,-5,-4,1,1,2,2,-4,5,-3,-2,0,-9.9956
1161,4,-2,0,-2,5,-3,1,5,2,-2,-3,5,-5,-2,5,-5,0,0,0,3,-1,2,-2,-3,-4,-5,4,-4,-1,1,-5,4,-2,2,-2,-3,-3,5,1,1,-3,0,-1,4,0,2,-3,4,-5,3,-3,-3,1,0,-3,4,4,-4,-3,-2,73.8349
1162,-1,-5,-1,-1,1,4,2,5,-1,-2,4,-5,-2,1,0,-4,5,4,-1,2,5,0,2,4,1,-2,-4,0,4,2,-3,-4,-3,-3,0,5,0,0,0,-5,5,4,0,0,-2,-2,-4,0,-1,1,0,0,1,0,0,-2,1,-3,-1,2,-21.0487
1163,1,2,-2,1,4,3,0,4,1,2,3,0,4,-2,-2,5,5,-5,-2,-5,4,-4,2,1,-4,0,4,0,0,-1,-2,2,2,-2,-4,-5,0,0,1,-5,3,5,-1,-3,-3,4,5,-3,3,3,5,5,5,-1,-2,2,1,3,-4,-5,-96.8093
1164,-1,-5,0,1,1,2,4,3,5,5,1,0,5,4,0,-4,-5,3,-5,-4,0,1,0,0,-3,4,-1,-5,0,-5,5,-5,-2,2,1,0,-1,-3,4,1,-4,3,5,4,-2,-1,-3,-1,3,-1,2,-2,2,-4,-4,0,5,1,1,1,-2.078
1165,-3,1,1,-4,5,5,4,-1,5,5,3,0,3,1,1,4,3,0,-2,4,5,-4,-4,4,0,4,-5,-1,4,-4,-5,-5,1,3,-3,-5,-2,3,-5,-3,5,-2,0,1,4,-3,-2,-2,-5,5,1,3,1,5,-4,1,2,-1,0,-5,24.8997
1166,0,4,0,0,-5,5,5,4,-4,-3,0,5,3,-2,-5,3,2,-2,0,-3,5,-3,-4,0,-5,1,4,3,5,4,0,3,2,5,-3,-3,3,-1,-1,-4,4,1,2,4,-5,5,4,-5,4,0,2,0,4,3,4,1,-1,3,0,2,13.9194
1167,-2,4,-2,-1,2,4,-2,3,-2,-5,3,3,-1,-4,-4,5,4,5,4,-2,-2,-4,0,-4,-5,-5,1,-5,-3,-4,-2,1,-4,-5,3,-2,5,5,-1,3,-3,4,5,2,-5,3,-3,-4,5,-3,4,4,2,2,1,0,3,-2,-5,-1,20.4028
1168,-1,1,1,1,0,0,-1,3,2,5,-2,-5,-1,5,1,1,4,-2,-1,-3,5,-1,-1,-1,-1,-5,5,-4,4,3,-1,-5,4,5,2,-5,-1,-5,-1,0,-5,-1,3,-1,3,-4,-1,-3,4,-2,-3,1,3,4,3,5,-4,-5,3,-5,-97.6187
1169,2,3,-1,-4,-2,0,-5,-3,-3,0,1,-1,5,-4,-5,4,-3,-4,0,-1,-2,5,3,-2,-3,-5,3,3,3,-2,-1,-1,3,-2,5,2,-4,-3,-1,-1,-1,3,-5,5,0,-3,-2,-5,-4,3,-5,-5,-2,-1,-4,5,5,0,-1,5,-30.2766
1170,5,3,-2,4,4,5,3,-2,-2,3,3,2,-4,-4,4,5,3,5,0,-5,5,-1,3,5,-5,5,1,1,2,-3,4,1,3,-4,4,-5,4,4,3,4,-5,-1,-2,4,1,-5,5,-1,-5,5,-3,-5,-3,-1,3,4,5,0,5,3,1.5945
1171,0,0,-1,-3,0,-3,-4,2,-5,-3,-3,1,-4,-3,-3,2,5,3,-2,5,1,3,1,2,3,-3,0,-2,2,-3,4,2,-1,-2,-1,2,2,0,-3,3,3,-1,0,-5,5,-2,4,0,-2,3,-1,-3,1,0,-1,-4,3,-4,3,2,-28.9803
1172,0,-3,-1,-4,0,-4,-1,4,5,-4,0,3,-1,-3,0,-1,-4,2,0,4,-1,5,-5,-1,0,2,-5,-5,-3,-5,5,1,4,4,-5,4,-2,-4,2,-5,4,-2,-3,3,4,4,-2,2,-5,0,5,-1,0,5,4,4,1,3,0,-2,5.3318
1173,3,-2,-1,0,2,-2,1,4,0,3,-1,2,-4,3,2,-4,-5,2,2,-3,4,-2,-3,0,-4,3,-1,1,3,-1,-2,-1,4,-5,3,1,-2,-2,-3,-2,-2,5,-2,0,-1,3,1,0,-1,-1,1,5,5,-3,-3,5,-1,4,5,4,22.9932
1174,-2,-2,4,2,-1,-3,0,2,-3,5,-2,-5,4,0,3,4,-2,0,1,0,-5,-3,2,4,-2,4,-2,-1,-2,5,-3,-1,-3,-1,0,2,3,-3,-5,0,-2,1,5,0,-1,2,-1,4,1,0,-4,-2,-2,-5,2,1,-5,2,5,-4,37.2057
1175,-3,0,-3,2,0,-2,-3,0,5,0,0,-1,1,2,4,-4,-2,-2,3,2,-3,5,3,3,-1,-3,-2,-3,-2,-2,1,-5,3,1,5,-1,2,2,5,4,-1,4,3,2,-3,0,-4,-5,5,-5,4,-3,5,-1,4,3,3,3,2,-5,-88.6735
1176,2,-3,4,5,3,0,-3,0,1,5,4,-4,-1,-5,2,-5,3,0,2,0,-4,5,-2,-3,-1,-4,-3,-1,0,4,3,-1,5,5,4,0,3,4,0,-2,1,-3,-2,-4,2,-3,-2,-2,-4,-4,2,-3,-1,2,5,0,1,5,2,-5,-94.9835
1177,-4,-2,4,4,-3,5,-3,-2,-1,1,4,-2,3,1,-2,0,0,-4,-1,-3,-5,2,-4,-1,-3,-1,2,-1,-3,-3,-3,-5,-1,2,-3,-1,-2,-4,-5,3,0,1,3,-3,4,-1,0,-5,-5,-3,3,3,3,5,5,-2,1,-3,0,3,-27.545
1178,-2,2,-3,5,2,-1,-5,3,2,2,0,3,-5,-5,2,0,-3,5,2,-1,0,-4,-4,1,4,-4,-5,1,4,1,5,1,0,3,-1,4,3,-2,0,5,-2,-2,3,-1,-3,1,-2,1,0,4,5,-5,-4,-1,1,1,-5,-4,1,2,75.9902
1179,4,4,-2,4,4,4,1,0,-3,-5,-3,-3,-5,1,-3,0,-1,5,5,-2,3,5,1,-5,1,-2,2,-3,-5,1,-1,-3,4,-3,-1,1,2,-1,4,-5,-1,0,3,5,-1,5,4,0,5,-4,-4,-5,5,2,1,5,3,-3,3,-2,-76.8244
1180,4,-1,5,-2,2,0,-2,5,-4,4,1,0,-1,-4,3,4,-3,-3,-5,-2,4,3,1,5,2,-5,-2,-1,4,4,-5,-3,3,-3,1,-3,-1,-4,2,2,3,1,3,-5,0,-1,-1,-1,-2,4,-5,-2,-1,4,-1,4,3,1,-4,5,-1.5107
1181,-3,2,2,-5,5,-4,1,-1,2,-1,-2,-4,-5,5,-3,5,-3,-3,-3,0,2,5,5,-5,5,1,3,-2,3,5,-2,5,-4,4,0,-2,5,-4,-3,-3,-1,4,5,5,-3,3,-1,-2,1,5,-2,5,5,-1,5,4,3,-5,-4,-4,-29.359
1182,-1,-3,5,5,-2,3,3,-1,-5,4,0,0,5,-1,-4,3,-4,-4,0,0,-4,-2,-5,5,-1,1,1,-2,2,-1,-5,3,0,-5,-4,0,-4,4,0,5,4,0,1,-4,-1,-3,-2,1,2,1,2,0,-3,-3,5,-1,-2,2,4,-5,7.8792
1183,1,4,-1,4,-3,-1,0,5,4,-1,-5,3,1,2,0,3,5,-3,-5,2,1,0,-3,3,0,0,4,-1,5,-1,-2,-2,-4,-4,2,1,1,4,5,-3,-2,0,0,-3,-3,3,-1,3,5,4,5,0,-3,2,1,1,0,3,0,4,68.8409
1184,5,5,0,2,0,3,0,1,2,-5,5,-4,5,5,2,5,5,-4,1,-2,-5,4,-4,1,-4,-4,3,-4,-4,1,-2,-4,-3,-2,3,-3,3,-3,-1,4,-3,2,0,-1,-2,4,1,-5,-5,5,-2,5,-1,-2,-3,-2,-5,-2,3,-4,-38.6169
1185,3,-5,4,-4,5,-2,-1,-5,4,0,-3,2,3,3,-5,1,0,-2,3,-2,-3,-4,-4,-3,4,-4,0,4,2,1,0,-1,-4,-1,-4,-4,-3,-2,-1,-2,5,-3,-3,-2,5,0,2,0,-3,-5,-5,-1,4,-3,-4,-3,-4,3,-3,0,-117.9322
1186,1,0,-3,3,1,-5,3,2,0,2,2,-2,2,0,3,3,0,3,4,-3,5,-4,3,-4,4,5,-2,3,-2,-3,-1,-4,1,-3,5,-4,-4,3,-2,-1,-2,2,4,-4,1,-1,4,-3,-4,5,4,-3,-2,-4,-2,-1,2,5,2,-5,-101.3797
1187,-4,-3,0,4,4,3,-2,1,5,2,3,-2,1,-3,-2,2,1,2,-3,2,-1,-3,0,-1,1,-2,4,-4,-1,2,-2,5,-2,-2,-4,2,-5,-3,1,1,-4,-5,-3,3,-4,-5,1,2,5,1,-1,-5,0,-5,5,-5,0,1,-2,4,-2.6858
1188,3,5,5,3,2,-2,-3,-4,-1,-5,5,-2,3,-2,0,1,3,-3,-2,4,-3,3,-5,2,1,-1,2,-3,-1,3,-1,-4,2,-1,-2,-5,3,-1,-4,-2,3,0,5,-1,-4,1,-3,-5,4,5,-2,4,-1,-1,5,5,-2,4,2,0,-73.447
1189,5,1,4,-3,-5,-4,1,-5,3,2,-1,4,4,2,5,-4,-1,2,1,5,5,-2,-3,1,-3,1,-3,1,5,-1,4,-3,-4,5,3,-3,0,5,-1,3,5,1,4,-3,-2,-4,-2,-5,-2,4,-1,1,-5,-4,-3,4,-5,-5,2,-5,-5.391
1190,5,-2,5,-4,2,0,0,3,-3,-4,-2,-5,0,4,1,1,2,-3,4,-3,0,4,-5,-4,-4,0,0,-4,-2,0,0,-2,0,4,3,2,2,1,3,-3,5,-3,-1,5,-4,-1,-4,-4,1,-1,-1,-5,4,-2,-3,-4,-4,5,0,4,-73.5709
1191,2,-2,-3,-1,-3,-2,-3,-5,-2,4,-1,-4,1,-2,-3,-1,0,4,5,5,-1,0,-3,4,0,-1,2,-5,-2,-5,5,0,1,-4,2,-4,-2,-1,-3,-5,-4,4,3,-5,-4,-2,-2,2,1,1,-3,0,-3,0,-4,-5,-2,-2,3,1,5.5621
1192,-5,-1,2,-1,3,-3,4,3,2,0,3,-4,5,-3,-5,-5,-4,-2,-2,-4,-3,-2,3,2,3,0,0,2,-2,-5,4,-3,5,5,0,4,3,0,4,2,-1,-1,-2,-2,-2,2,2,2,4,3,1,-2,5,-2,0,-4,4,-5,-1,3,-115.7529
1193,2,3,5,-2,-2,-2,-3,1,-4,2,0,3,-4,3,-1,2,-3,0,-4,-1,4,-3,1,-3,4,0,-4,2,-5,3,4,0,1,5,5,5,3,-5,-1,-3,-4,-4,3,-5,-1,4,-3,0,1,-1,-1,-2,4,-1,-2,1,-2,-3,-4,5,62.5701
1194,-4,-2,1,-1,-4,-5,-1,5,-4,-1,3,0,5,-3,3,1,0,4,2,-1,0,-5,0,-2,2,4,5,5,-2,5,-2,-1,-3,4,-4,4,-4,3,-4,4,-3,3,-1,2,-3,-1,3,5,-5,3,-5,2,-2,-2,4,4,-2,-3,5,2,54.5739
1195,1,-3,3,-2,0,1,3,5,5,-2,-3,4,-2,3,1,-3,-4,-3,-3,2,1,-5,1,2,0,-1,2,-5,-1,0,4,5,1,-2,3,1,0,1,-3,-3,-3,1,-4,4,-5,1,-4,-5,3,4,-1,-1,-2,-4,2,0,-1,-4,5,-3,-7.6609
1196,-2,5,4,-4,0,0,3,-1,-2,0,3,0,4,3,4,1,-5,1,4,1,5,-3,5,-4,3,5,-2,-3,-2,2,1,1,-2,4,3,2,5,3,-4,-2,2,2,-4,-3,4,-5,-3,-2,-3,-4,-3,-1,1,3,-5,4,-5,1,-5,5,23.8283
1197,-4,2,-3,-4,-2,1,0,-3,-3,4,-2,-1,5,-5,5,3,-4,5,3,-4,3,-1,-4,-5,1,0,-5,-1,-5,4,-5,-2,2,-2,0,0,-3,2,-1,-3,-4,-2,0,-3,5,-5,4,-5,4,-2,-1,4,-3,5,1,5,1,3,-2,2,8.0398
1198,5,-4,-3,-3,5,5,-3,3,-4,1,-4,-2,3,-4,-1,3,5,-2,-2,-3,2,-1,-4,5,-1,0,3,4,2,5,1,4,-5,1,-4,-5,3,0,-5,-2,0,0,3,2,-4,5,5,3,2,-3,4,0,-5,-1,0,-1,-2,-3,-4,-3,31.2946
1199,2,-5,-2,0,4,-2,3,5,-1,0,3,-3,0,5,-3,-5,-1,-3,-3,-3,5,1,3,4,-2,2,3,2,-2,3,3,-4,4,-2,-4,0,-4,-1,-1,-3,-3,-2,5,-5,1,1,4,3,-3,3,0,-2,4,-4,-3,-5,0,4,4,2,-83.8132
1200,3,5,5,0,-1,-3,5,-4,-4,-4,2,4,-1,1,5,3,2,5,4,2,-4,-4,5,-3,-3,-4,-1,-2,-3,2,5,-1,1,0,-2,5,-3,-5,-1,2,-3,4,1,4,5,2,-5,-5,-2,3,-2,-3,-3,-3,3,2,-5,5,2,1,8.6349
